Unique ID,match_id,event_index,frame_start,frame_end,rec_player_id,rec_team_short,rec_team_id,dist_to_near_goal,dist_to_far_goal,dist_to_attacking_goal,d_nearest_opp,n_opp_within5,d_nearest_team,mean_team_dist,n_forward_options,game_state,team_out_of_possession_phase_type,third_start,third_end,start_type,end_type,max_player_targeted_xthreat,player_targeted_dangerous,n_passing_options_dangerous_not_difficult,event_row_index,source_file,error
1886347_42_46,1886347.0,42.0,387.0,430.0,735578.0,Newcastle,1805.0,10.301189251732053,99.57517009777087,99.57517009777087,7.0263077074662785,0.0,8.593788454459418,31.73473073639175,10.0,drawing,high_block,defensive,defensive,recovery,pass,0.0024,0.0,0.0,0,1886347.0,
1886347_42_46,,,,,,,,,,,,,,,,,,,,,,0.0024,0.0,0.0,1,1886347.0,frame_missing
1886347_42_46,,,,,,,,,,,,,,,,,,,,,,0.0024,0.0,0.0,2,1886347.0,frame_missing
1886347_170_193,1886347.0,170.0,1492.0,1492.0,735574.0,Newcastle,1805.0,34.42740332932473,75.41648427233929,34.42740332932473,0.0,1.0,7.359347797189642,27.331334736973027,9.0,drawing,chaotic,attacking,attacking,recovery,pass,0.0091,0.0,0.0,3,1886347.0,
1886347_170_193,,,,,,,,,,,,,,,,,,,,,,0.0091,0.0,0.0,4,1886347.0,frame_missing
1886347_170_193,,,,,,,,,,,,,,,,,,,,,,0.0091,0.0,0.0,5,1886347.0,frame_missing
1886347_170_193,,,,,,,,,,,,,,,,,,,,,,0.0091,0.0,0.0,6,1886347.0,frame_missing
1886347_170_193,,,,,,,,,,,,,,,,,,,,,,,,,7,,no_player_id
1886347_170_193,,,,,,,,,,,,,,,,,,,,,,0.0091,0.0,0.0,8,1886347.0,frame_missing
1886347_170_193,,,,,,,,,,,,,,,,,,,,,,0.0091,0.0,0.0,9,1886347.0,frame_missing
1886347_170_193,,,,,,,,,,,,,,,,,,,,,,0.0091,0.0,0.0,10,1886347.0,frame_missing
1886347_170_193,,,,,,,,,,,,,,,,,,,,,,0.0091,0.0,0.0,11,1886347.0,frame_missing
1886347_170_193,,,,,,,,,,,,,,,,,,,,,,0.0091,0.0,0.0,12,1886347.0,frame_missing
1886347_170_193,,,,,,,,,,,,,,,,,,,,,,0.0091,0.0,0.0,13,1886347.0,frame_missing
1886347_452_466,1886347.0,452.0,3799.0,3799.0,50978.0,Newcastle,1805.0,51.18859638630464,63.65903235205512,51.18859638630464,2.48959836118198,2.0,6.110490978636659,23.968649143614716,7.0,drawing,chaotic,middle,middle,recovery,pass,0.0359,1.0,0.0,14,1886347.0,
1886347_452_466,,,,,,,,,,,,,,,,,,,,,,0.0359,1.0,0.0,15,1886347.0,frame_missing
1886347_452_466,,,,,,,,,,,,,,,,,,,,,,0.0359,1.0,0.0,16,1886347.0,frame_missing
1886347_452_466,,,,,,,,,,,,,,,,,,,,,,0.0359,1.0,0.0,17,1886347.0,frame_missing
1886347_452_466,,,,,,,,,,,,,,,,,,,,,,0.0359,1.0,0.0,18,1886347.0,frame_missing
1886347_452_466,1886347.0,466.0,3854.0,3866.0,38673.0,Auckland FC,4177.0,47.054797842515484,57.97201048782076,47.054797842515484,0.982700361249552,1.0,11.608070468428421,23.278395009025537,8.0,drawing,chaotic,middle,middle,recovery,pass,0.0359,1.0,0.0,19,1886347.0,
1886347_536_558,1886347.0,536.0,4452.0,4452.0,795507.0,Newcastle,1805.0,47.27521655159287,72.21389132293038,72.21389132293038,2.518293072698251,1.0,9.053645674533547,27.562020273402567,4.0,drawing,medium_block,middle,middle,recovery,pass,0.0471,1.0,0.0,20,1886347.0,
1886347_536_558,,,,,,,,,,,,,,,,,,,,,,0.0471,1.0,0.0,21,1886347.0,frame_missing
1886347_536_558,,,,,,,,,,,,,,,,,,,,,,0.0471,1.0,0.0,22,1886347.0,frame_missing
1886347_536_558,,,,,,,,,,,,,,,,,,,,,,0.0471,1.0,0.0,23,1886347.0,frame_missing
1886347_536_558,,,,,,,,,,,,,,,,,,,,,,0.0471,1.0,0.0,24,1886347.0,frame_missing
1886347_536_558,,,,,,,,,,,,,,,,,,,,,,0.0471,1.0,0.0,25,1886347.0,frame_missing
1886347_536_558,,,,,,,,,,,,,,,,,,,,,,0.0471,1.0,0.0,26,1886347.0,frame_missing
1886347_536_558,,,,,,,,,,,,,,,,,,,,,,0.0471,1.0,0.0,27,1886347.0,frame_missing
1886347_882_893,1886347.0,882.0,7480.0,7480.0,735573.0,Newcastle,1805.0,53.90093320156897,56.840219915126994,53.90093320156897,19.011838417154717,0.0,23.131227810040695,37.7088962146779,5.0,drawing,chaotic,middle,middle,recovery,pass,0.0058,0.0,0.0,28,1886347.0,
1886347_882_893,,,,,,,,,,,,,,,,,,,,,,,,,29,,no_player_id
1886347_882_893,,,,,,,,,,,,,,,,,,,,,,0.0058,0.0,0.0,30,1886347.0,frame_missing
1886347_882_893,,,,,,,,,,,,,,,,,,,,,,0.0058,0.0,0.0,31,1886347.0,frame_missing
1886347_882_893,,,,,,,,,,,,,,,,,,,,,,0.0058,0.0,0.0,32,1886347.0,frame_missing
1886347_882_896,1886347.0,882.0,7480.0,7480.0,735573.0,Newcastle,1805.0,53.90093320156897,56.840219915126994,53.90093320156897,19.011838417154717,0.0,23.131227810040695,37.7088962146779,5.0,drawing,chaotic,middle,middle,recovery,pass,0.0058,0.0,0.0,33,1886347.0,
1886347_882_896,,,,,,,,,,,,,,,,,,,,,,,,,34,,no_player_id
1886347_882_896,,,,,,,,,,,,,,,,,,,,,,0.0058,0.0,0.0,35,1886347.0,frame_missing
1886347_882_896,,,,,,,,,,,,,,,,,,,,,,0.0058,0.0,0.0,36,1886347.0,frame_missing
1886347_882_896,,,,,,,,,,,,,,,,,,,,,,0.0058,0.0,0.0,37,1886347.0,frame_missing
1886347_882_896,1886347.0,896.0,8011.0,8011.0,51649.0,Newcastle,1805.0,18.5818083081276,88.5566688623731,18.5818083081276,6.292217415188388,0.0,10.984611964015839,17.69128734564365,7.0,drawing,chaotic,attacking,attacking,recovery,pass,0.0058,0.0,0.0,38,1886347.0,
1886347_1044_1058,1886347.0,1044.0,9289.0,9301.0,23418.0,Auckland FC,4177.0,30.82961238809207,78.38217271803583,30.82961238809207,5.611773338259485,0.0,3.1395700342562822,12.246373059643052,3.0,drawing,low_block,defensive,defensive,pass_interception,pass,0.0085,0.0,0.0,39,1886347.0,
1886347_1044_1058,,,,,,,,,,,,,,,,,,,,,,0.0085,0.0,0.0,40,1886347.0,frame_missing
1886347_1044_1058,,,,,,,,,,,,,,,,,,,,,,0.0085,0.0,0.0,41,1886347.0,frame_missing
1886347_1044_1058,,,,,,,,,,,,,,,,,,,,,,0.0085,0.0,0.0,42,1886347.0,frame_missing
1886347_1044_1058,,,,,,,,,,,,,,,,,,,,,,0.0085,0.0,0.0,43,1886347.0,frame_missing
1886347_1044_1058,,,,,,,,,,,,,,,,,,,,,,,,,44,,no_player_id
1886347_1104_1125,1886347.0,1104.0,9686.0,9696.0,50978.0,Newcastle,1805.0,29.823522595427924,75.3069883875328,75.3069883875328,7.596051605933177,0.0,6.43622560201241,20.263275750934433,7.0,drawing,high_block,defensive,defensive,pass_interception,pass,0.0033,0.0,0.0,45,1886347.0,
1886347_1104_1125,,,,,,,,,,,,,,,,,,,,,,0.0033,0.0,0.0,46,1886347.0,frame_missing
1886347_1104_1125,,,,,,,,,,,,,,,,,,,,,,0.0033,0.0,0.0,47,1886347.0,frame_missing
1886347_1104_1125,,,,,,,,,,,,,,,,,,,,,,0.0033,0.0,0.0,48,1886347.0,frame_missing
1886347_1104_1125,,,,,,,,,,,,,,,,,,,,,,0.0033,0.0,0.0,49,1886347.0,frame_missing
1886347_1104_1125,,,,,,,,,,,,,,,,,,,,,,0.0033,0.0,0.0,50,1886347.0,frame_missing
1886347_1138_1147,1886347.0,1138.0,10163.0,10170.0,795507.0,Newcastle,1805.0,40.31634904105281,72.86156737265537,72.86156737265537,2.237252779638455,1.0,13.939899569222154,29.67008300508679,5.0,drawing,high_block,defensive,defensive,recovery,pass,0.0074,0.0,0.0,51,1886347.0,
1886347_1138_1147,,,,,,,,,,,,,,,,,,,,,,0.0074,0.0,0.0,52,1886347.0,frame_missing
1886347_1138_1147,,,,,,,,,,,,,,,,,,,,,,0.0074,0.0,0.0,53,1886347.0,frame_missing
1886347_1138_1147,,,,,,,,,,,,,,,,,,,,,,0.0074,0.0,0.0,54,1886347.0,frame_missing
1886347_1138_1147,,,,,,,,,,,,,,,,,,,,,,0.0074,0.0,0.0,55,1886347.0,frame_missing
1886347_1223_1251,1886347.0,1223.0,10754.0,10754.0,14736.0,Auckland FC,4177.0,20.27166742031844,92.86571218700689,92.86571218700689,5.1412547106713165,0.0,6.662739676739592,17.753903353357554,4.0,drawing,high_block,attacking,attacking,recovery,pass,0.0153,0.0,0.0,56,1886347.0,
1886347_1223_1251,,,,,,,,,,,,,,,,,,,,,,0.0153,0.0,0.0,57,1886347.0,frame_missing
1886347_1223_1251,,,,,,,,,,,,,,,,,,,,,,0.0153,0.0,0.0,58,1886347.0,frame_missing
1886347_1223_1251,,,,,,,,,,,,,,,,,,,,,,0.0153,0.0,0.0,59,1886347.0,frame_missing
1886347_1223_1251,,,,,,,,,,,,,,,,,,,,,,,,,60,,no_player_id
1886347_1223_1251,,,,,,,,,,,,,,,,,,,,,,0.0153,0.0,0.0,61,1886347.0,frame_missing
1886347_1223_1251,,,,,,,,,,,,,,,,,,,,,,0.0153,0.0,0.0,62,1886347.0,frame_missing
1886347_1223_1251,,,,,,,,,,,,,,,,,,,,,,0.0153,0.0,0.0,63,1886347.0,frame_missing
1886347_1223_1251,,,,,,,,,,,,,,,,,,,,,,0.0153,0.0,0.0,64,1886347.0,frame_missing
1886347_1223_1251,,,,,,,,,,,,,,,,,,,,,,0.0153,0.0,0.0,65,1886347.0,frame_missing
1886347_1223_1251,,,,,,,,,,,,,,,,,,,,,,0.0153,0.0,0.0,66,1886347.0,frame_missing
1886347_1223_1251,,,,,,,,,,,,,,,,,,,,,,,,,67,,no_player_id
1886347_1301_1326,1886347.0,1301.0,11857.0,11887.0,51667.0,Auckland FC,4177.0,49.668928919395874,56.956145410306696,56.956145410306696,0.0,1.0,10.145683811355447,23.086590133163444,0.0,drawing,medium_block,middle,middle,recovery,pass,0.0188,0.0,0.0,68,1886347.0,
1886347_1301_1326,,,,,,,,,,,,,,,,,,,,,,0.0188,0.0,0.0,69,1886347.0,frame_missing
1886347_1301_1326,,,,,,,,,,,,,,,,,,,,,,0.0188,0.0,0.0,70,1886347.0,frame_missing
1886347_1301_1326,,,,,,,,,,,,,,,,,,,,,,0.0188,0.0,0.0,71,1886347.0,frame_missing
1886347_1301_1326,,,,,,,,,,,,,,,,,,,,,,0.0188,0.0,0.0,72,1886347.0,frame_missing
1886347_1301_1326,1886347.0,1321.0,12012.0,12012.0,735574.0,Newcastle,1805.0,37.21234741319069,76.0957212989009,76.0957212989009,0.0,2.0,9.040630508985533,23.684363572759114,8.0,drawing,medium_block,defensive,defensive,pass_interception,pass,0.0188,0.0,0.0,73,1886347.0,
1886347_1301_1326,,,,,,,,,,,,,,,,,,,,,,0.0188,0.0,0.0,74,1886347.0,frame_missing
1886347_1301_1326,,,,,,,,,,,,,,,,,,,,,,0.0188,0.0,0.0,75,1886347.0,frame_missing
1886347_1301_1326,,,,,,,,,,,,,,,,,,,,,,,,,76,,no_player_id
1886347_1321_1342,1886347.0,1321.0,12012.0,12012.0,735574.0,Newcastle,1805.0,37.21234741319069,76.0957212989009,76.0957212989009,0.0,2.0,9.040630508985533,23.684363572759114,8.0,drawing,chaotic,defensive,defensive,pass_interception,pass,0.0195,0.0,0.0,77,1886347.0,
1886347_1321_1342,,,,,,,,,,,,,,,,,,,,,,0.0195,0.0,0.0,78,1886347.0,frame_missing
1886347_1321_1342,,,,,,,,,,,,,,,,,,,,,,0.0195,0.0,0.0,79,1886347.0,frame_missing
1886347_1321_1342,,,,,,,,,,,,,,,,,,,,,,,,,80,,no_player_id
1886347_1321_1342,,,,,,,,,,,,,,,,,,,,,,0.0195,0.0,0.0,81,1886347.0,frame_missing
1886347_1321_1342,,,,,,,,,,,,,,,,,,,,,,0.0195,0.0,0.0,82,1886347.0,frame_missing
1886347_1321_1342,,,,,,,,,,,,,,,,,,,,,,0.0195,0.0,0.0,83,1886347.0,frame_missing
1886347_1321_1342,,,,,,,,,,,,,,,,,,,,,,0.0195,0.0,0.0,84,1886347.0,frame_missing
1886347_1321_1342,,,,,,,,,,,,,,,,,,,,,,0.0195,0.0,0.0,85,1886347.0,frame_missing
1886347_1321_1342,,,,,,,,,,,,,,,,,,,,,,0.0195,0.0,0.0,86,1886347.0,frame_missing
1886347_1321_1342,,,,,,,,,,,,,,,,,,,,,,0.0195,0.0,0.0,87,1886347.0,frame_missing
1886347_1321_1342,,,,,,,,,,,,,,,,,,,,,,,,,88,,no_player_id
1886347_1693_1708,1886347.0,1693.0,16811.0,16823.0,176224.0,Newcastle,1805.0,18.00769280057831,97.78638453281725,97.78638453281725,4.412346314604056,1.0,6.49037749287358,19.717323582500715,3.0,drawing,chaotic,defensive,defensive,pass_interception,pass,0.0556,1.0,0.0,89,1886347.0,
1886347_1693_1708,,,,,,,,,,,,,,,,,,,,,,,,,90,,no_player_id
1886347_1693_1708,,,,,,,,,,,,,,,,,,,,,,0.0556,1.0,0.0,91,1886347.0,frame_missing
1886347_1693_1708,,,,,,,,,,,,,,,,,,,,,,0.0556,1.0,0.0,92,1886347.0,frame_missing
1886347_1693_1708,,,,,,,,,,,,,,,,,,,,,,0.0556,1.0,0.0,93,1886347.0,frame_missing
1886347_1792_1794,1886347.0,1792.0,17743.0,17743.0,966120.0,Newcastle,1805.0,41.98300251292183,65.69758366941663,65.69758366941663,0.0,1.0,12.035630436333612,30.9118512154925,3.0,drawing,chaotic,middle,middle,pass_interception,pass,0.0012,0.0,0.0,94,1886347.0,
1886347_1792_1794,,,,,,,,,,,,,,,,,,,,,,0.0012,0.0,0.0,95,1886347.0,frame_missing
1886347_1792_1794,,,,,,,,,,,,,,,,,,,,,,0.0012,0.0,0.0,96,1886347.0,frame_missing
1886347_2048_2066,1886347.0,2048.0,19986.0,19986.0,38673.0,Auckland FC,4177.0,45.116493658084735,62.21654120891003,45.116493658084735,4.1245605826560485,1.0,1.5575621977950032,18.22928865213862,5.0,drawing,medium_block,middle,middle,pass_interception,pass,0.0666,1.0,0.0,97,1886347.0,
1886347_2048_2066,,,,,,,,,,,,,,,,,,,,,,0.0666,1.0,0.0,98,1886347.0,frame_missing
1886347_2048_2066,,,,,,,,,,,,,,,,,,,,,,0.0666,1.0,0.0,99,1886347.0,frame_missing
1886347_2048_2066,,,,,,,,,,,,,,,,,,,,,,0.0666,1.0,0.0,100,1886347.0,frame_missing
1886347_2048_2066,,,,,,,,,,,,,,,,,,,,,,0.0666,1.0,0.0,101,1886347.0,frame_missing
1886347_2048_2066,,,,,,,,,,,,,,,,,,,,,,0.0666,1.0,0.0,102,1886347.0,frame_missing
1886347_2048_2066,,,,,,,,,,,,,,,,,,,,,,0.0666,1.0,0.0,103,1886347.0,frame_missing
1886347_2070_2080,1886347.0,2070.0,20199.0,20199.0,966120.0,Newcastle,1805.0,21.340759124267347,83.66019364070345,83.66019364070345,0.0,3.0,8.224773553113787,17.64512020828216,3.0,drawing,chaotic,defensive,defensive,pass_interception,pass,0.0772,1.0,0.0,104,1886347.0,
1886347_2070_2080,,,,,,,,,,,,,,,,,,,,,,,,,105,,no_player_id
1886347_2070_2080,,,,,,,,,,,,,,,,,,,,,,0.0772,1.0,0.0,106,1886347.0,frame_missing
1886347_2070_2080,,,,,,,,,,,,,,,,,,,,,,0.0772,1.0,0.0,107,1886347.0,frame_missing
1886347_2070_2080,,,,,,,,,,,,,,,,,,,,,,0.0772,1.0,0.0,108,1886347.0,frame_missing
1886347_2070_2080,,,,,,,,,,,,,,,,,,,,,,0.0772,1.0,0.0,109,1886347.0,frame_missing
1886347_2070_2087,1886347.0,2070.0,20199.0,20199.0,966120.0,Newcastle,1805.0,21.340759124267347,83.66019364070345,83.66019364070345,0.0,3.0,8.224773553113787,17.64512020828216,3.0,drawing,chaotic,defensive,defensive,pass_interception,pass,0.0772,1.0,0.0,110,1886347.0,
1886347_2070_2087,,,,,,,,,,,,,,,,,,,,,,,,,111,,no_player_id
1886347_2070_2087,,,,,,,,,,,,,,,,,,,,,,0.0772,1.0,0.0,112,1886347.0,frame_missing
1886347_2070_2087,,,,,,,,,,,,,,,,,,,,,,0.0772,1.0,0.0,113,1886347.0,frame_missing
1886347_2070_2087,,,,,,,,,,,,,,,,,,,,,,0.0772,1.0,0.0,114,1886347.0,frame_missing
1886347_2070_2087,,,,,,,,,,,,,,,,,,,,,,0.0772,1.0,0.0,115,1886347.0,frame_missing
1886347_2070_2087,,,,,,,,,,,,,,,,,,,,,,0.0772,1.0,0.0,116,1886347.0,frame_missing
1886347_2070_2087,,,,,,,,,,,,,,,,,,,,,,,,,117,,no_player_id
1886347_2070_2124,1886347.0,2070.0,20199.0,20199.0,966120.0,Newcastle,1805.0,21.340759124267347,83.66019364070345,83.66019364070345,0.0,3.0,8.224773553113787,17.64512020828216,3.0,drawing,chaotic,defensive,defensive,pass_interception,pass,0.0772,1.0,0.0,118,1886347.0,
1886347_2070_2124,,,,,,,,,,,,,,,,,,,,,,,,,119,,no_player_id
1886347_2070_2124,,,,,,,,,,,,,,,,,,,,,,0.0772,1.0,0.0,120,1886347.0,frame_missing
1886347_2070_2124,,,,,,,,,,,,,,,,,,,,,,0.0772,1.0,0.0,121,1886347.0,frame_missing
1886347_2070_2124,,,,,,,,,,,,,,,,,,,,,,0.0772,1.0,0.0,122,1886347.0,frame_missing
1886347_2070_2124,,,,,,,,,,,,,,,,,,,,,,0.0772,1.0,0.0,123,1886347.0,frame_missing
1886347_2070_2124,,,,,,,,,,,,,,,,,,,,,,0.0772,1.0,0.0,124,1886347.0,frame_missing
1886347_2070_2124,,,,,,,,,,,,,,,,,,,,,,,,,125,,no_player_id
1886347_2070_2124,,,,,,,,,,,,,,,,,,,,,,0.0772,1.0,0.0,126,1886347.0,frame_missing
1886347_2070_2124,,,,,,,,,,,,,,,,,,,,,,0.0772,1.0,0.0,127,1886347.0,frame_missing
1886347_2070_2124,,,,,,,,,,,,,,,,,,,,,,0.0772,1.0,0.0,128,1886347.0,frame_missing
1886347_2070_2124,,,,,,,,,,,,,,,,,,,,,,0.0772,1.0,0.0,129,1886347.0,frame_missing
1886347_2070_2124,,,,,,,,,,,,,,,,,,,,,,0.0772,1.0,0.0,130,1886347.0,frame_missing
1886347_2070_2124,,,,,,,,,,,,,,,,,,,,,,0.0772,1.0,0.0,131,1886347.0,frame_missing
1886347_2070_2124,,,,,,,,,,,,,,,,,,,,,,0.0772,1.0,0.0,132,1886347.0,frame_missing
1886347_2070_2124,,,,,,,,,,,,,,,,,,,,,,0.0772,1.0,0.0,133,1886347.0,frame_missing
1886347_2070_2124,,,,,,,,,,,,,,,,,,,,,,0.0772,1.0,0.0,134,1886347.0,frame_missing
1886347_2070_2124,,,,,,,,,,,,,,,,,,,,,,0.0772,1.0,0.0,135,1886347.0,frame_missing
1886347_2070_2124,,,,,,,,,,,,,,,,,,,,,,0.0772,1.0,0.0,136,1886347.0,frame_missing
1886347_2070_2124,,,,,,,,,,,,,,,,,,,,,,0.0772,1.0,0.0,137,1886347.0,frame_missing
1886347_2070_2124,,,,,,,,,,,,,,,,,,,,,,0.0772,1.0,0.0,138,1886347.0,frame_missing
1886347_2070_2124,,,,,,,,,,,,,,,,,,,,,,0.0772,1.0,0.0,139,1886347.0,frame_missing
1886347_2070_2124,,,,,,,,,,,,,,,,,,,,,,0.0772,1.0,0.0,140,1886347.0,frame_missing
1886347_2127_2134,1886347.0,2127.0,20549.0,20556.0,51009.0,Newcastle,1805.0,3.0710421683851887,101.93003139408916,101.93003139408916,16.10438760089933,0.0,14.359418511903609,28.780232609739674,11.0,drawing,chaotic,defensive,defensive,pass_interception,pass,0.0009,0.0,0.0,141,1886347.0,
1886347_2127_2134,,,,,,,,,,,,,,,,,,,,,,0.0009,0.0,0.0,142,1886347.0,frame_missing
1886347_2285_2325,1886347.0,2285.0,22922.0,22962.0,133501.0,Auckland FC,4177.0,19.275606345845517,87.18858296818455,19.275606345845517,0.492544414240992,3.0,7.9701003757794675,16.000285783143767,8.0,drawing,defending_set_play,defensive,defensive,pass_interception,pass,0.0166,0.0,0.0,143,1886347.0,
1886347_2285_2325,,,,,,,,,,,,,,,,,,,,,,0.0166,0.0,0.0,144,1886347.0,frame_missing
1886347_2285_2325,,,,,,,,,,,,,,,,,,,,,,0.0166,0.0,0.0,145,1886347.0,frame_missing
1886347_2285_2325,,,,,,,,,,,,,,,,,,,,,,0.0166,0.0,0.0,146,1886347.0,frame_missing
1886347_2285_2325,,,,,,,,,,,,,,,,,,,,,,0.0166,0.0,0.0,147,1886347.0,frame_missing
1886347_2285_2325,,,,,,,,,,,,,,,,,,,,,,0.0166,0.0,0.0,148,1886347.0,frame_missing
1886347_2285_2325,,,,,,,,,,,,,,,,,,,,,,0.0166,0.0,0.0,149,1886347.0,frame_missing
1886347_2285_2325,,,,,,,,,,,,,,,,,,,,,,0.0166,0.0,0.0,150,1886347.0,frame_missing
1886347_2285_2325,,,,,,,,,,,,,,,,,,,,,,0.0166,0.0,0.0,151,1886347.0,frame_missing
1886347_2285_2325,,,,,,,,,,,,,,,,,,,,,,0.0166,0.0,0.0,152,1886347.0,frame_missing
1886347_2285_2325,,,,,,,,,,,,,,,,,,,,,,0.0166,0.0,0.0,153,1886347.0,frame_missing
1886347_2285_2325,,,,,,,,,,,,,,,,,,,,,,0.0166,0.0,0.0,154,1886347.0,frame_missing
1886347_2285_2325,,,,,,,,,,,,,,,,,,,,,,0.0166,0.0,0.0,155,1886347.0,frame_missing
1886347_2285_2325,,,,,,,,,,,,,,,,,,,,,,0.0166,0.0,0.0,156,1886347.0,frame_missing
1886347_2285_2325,,,,,,,,,,,,,,,,,,,,,,0.0166,0.0,0.0,157,1886347.0,frame_missing
1886347_2285_2325,,,,,,,,,,,,,,,,,,,,,,,,,158,,no_player_id
1886347_2328_2360,1886347.0,2328.0,23185.0,23280.0,51649.0,Newcastle,1805.0,5.836480103624102,102.3076952139965,102.3076952139965,4.094887055829497,1.0,1.3130879635424302,19.771245748064988,11.0,drawing,high_block,defensive,defensive,recovery,pass,0.1532,1.0,0.0,159,1886347.0,
1886347_2328_2360,,,,,,,,,,,,,,,,,,,,,,0.1532,1.0,0.0,160,1886347.0,frame_missing
1886347_2328_2360,,,,,,,,,,,,,,,,,,,,,,0.1532,1.0,0.0,161,1886347.0,frame_missing
1886347_2328_2360,,,,,,,,,,,,,,,,,,,,,,0.1532,1.0,0.0,162,1886347.0,frame_missing
1886347_2328_2360,,,,,,,,,,,,,,,,,,,,,,0.1532,1.0,0.0,163,1886347.0,frame_missing
1886347_2328_2360,,,,,,,,,,,,,,,,,,,,,,0.1532,1.0,0.0,164,1886347.0,frame_missing
1886347_2328_2360,,,,,,,,,,,,,,,,,,,,,,,,,165,,no_player_id
1886347_2328_2360,,,,,,,,,,,,,,,,,,,,,,0.1532,1.0,0.0,166,1886347.0,frame_missing
1886347_2328_2360,,,,,,,,,,,,,,,,,,,,,,0.1532,1.0,0.0,167,1886347.0,frame_missing
1886347_2328_2360,,,,,,,,,,,,,,,,,,,,,,0.1532,1.0,0.0,168,1886347.0,frame_missing
1886347_2328_2360,,,,,,,,,,,,,,,,,,,,,,0.1532,1.0,0.0,169,1886347.0,frame_missing
1886347_2328_2360,,,,,,,,,,,,,,,,,,,,,,0.1532,1.0,0.0,170,1886347.0,frame_missing
1886347_2328_2360,,,,,,,,,,,,,,,,,,,,,,0.1532,1.0,0.0,171,1886347.0,frame_missing
1886347_2328_2360,,,,,,,,,,,,,,,,,,,,,,,,,172,,no_player_id
1886347_2814_2864,1886347.0,2814.0,28619.0,28647.0,285188.0,Auckland FC,4177.0,27.846380375194187,77.32542208096895,77.32542208096895,0.0,1.0,33.04785015700719,47.86422235055869,9.0,drawing,medium_block,defensive,defensive,recovery,pass,0.0389,1.0,0.0,173,1886347.0,
1886347_2814_2864,,,,,,,,,,,,,,,,,,,,,,0.0389,1.0,0.0,174,1886347.0,frame_missing
1886347_2814_2864,,,,,,,,,,,,,,,,,,,,,,0.0389,1.0,0.0,175,1886347.0,frame_missing
1886347_2814_2864,,,,,,,,,,,,,,,,,,,,,,0.0389,1.0,0.0,176,1886347.0,frame_missing
1886347_2814_2864,,,,,,,,,,,,,,,,,,,,,,0.0389,1.0,0.0,177,1886347.0,frame_missing
1886347_2814_2864,,,,,,,,,,,,,,,,,,,,,,0.0389,1.0,0.0,178,1886347.0,frame_missing
1886347_2814_2864,,,,,,,,,,,,,,,,,,,,,,0.0389,1.0,0.0,179,1886347.0,frame_missing
1886347_2814_2864,,,,,,,,,,,,,,,,,,,,,,0.0389,1.0,0.0,180,1886347.0,frame_missing
1886347_2814_2864,,,,,,,,,,,,,,,,,,,,,,0.0389,1.0,0.0,181,1886347.0,frame_missing
1886347_2814_2864,,,,,,,,,,,,,,,,,,,,,,0.0389,1.0,0.0,182,1886347.0,frame_missing
1886347_2814_2864,,,,,,,,,,,,,,,,,,,,,,0.0389,1.0,0.0,183,1886347.0,frame_missing
1886347_2814_2864,,,,,,,,,,,,,,,,,,,,,,0.0389,1.0,0.0,184,1886347.0,frame_missing
1886347_2814_2864,,,,,,,,,,,,,,,,,,,,,,0.0389,1.0,0.0,185,1886347.0,frame_missing
1886347_2814_2864,,,,,,,,,,,,,,,,,,,,,,0.0389,1.0,0.0,186,1886347.0,frame_missing
1886347_2814_2864,,,,,,,,,,,,,,,,,,,,,,0.0389,1.0,0.0,187,1886347.0,frame_missing
1886347_2814_2864,,,,,,,,,,,,,,,,,,,,,,0.0389,1.0,0.0,188,1886347.0,frame_missing
1886347_2814_2864,,,,,,,,,,,,,,,,,,,,,,0.0389,1.0,0.0,189,1886347.0,frame_missing
1886347_2814_2864,,,,,,,,,,,,,,,,,,,,,,0.0389,1.0,0.0,190,1886347.0,frame_missing
1886347_2814_2869,1886347.0,2814.0,28619.0,28647.0,285188.0,Auckland FC,4177.0,27.846380375194187,77.32542208096895,77.32542208096895,0.0,1.0,33.04785015700719,47.86422235055869,9.0,drawing,medium_block,defensive,defensive,recovery,pass,0.0389,1.0,0.0,191,1886347.0,
1886347_2814_2869,,,,,,,,,,,,,,,,,,,,,,0.0389,1.0,0.0,192,1886347.0,frame_missing
1886347_2814_2869,,,,,,,,,,,,,,,,,,,,,,0.0389,1.0,0.0,193,1886347.0,frame_missing
1886347_2814_2869,,,,,,,,,,,,,,,,,,,,,,0.0389,1.0,0.0,194,1886347.0,frame_missing
1886347_2814_2869,,,,,,,,,,,,,,,,,,,,,,0.0389,1.0,0.0,195,1886347.0,frame_missing
1886347_2814_2869,,,,,,,,,,,,,,,,,,,,,,0.0389,1.0,0.0,196,1886347.0,frame_missing
1886347_2814_2869,,,,,,,,,,,,,,,,,,,,,,0.0389,1.0,0.0,197,1886347.0,frame_missing
1886347_2814_2869,,,,,,,,,,,,,,,,,,,,,,0.0389,1.0,0.0,198,1886347.0,frame_missing
1886347_2814_2869,,,,,,,,,,,,,,,,,,,,,,0.0389,1.0,0.0,199,1886347.0,frame_missing
1886347_2814_2869,,,,,,,,,,,,,,,,,,,,,,0.0389,1.0,0.0,200,1886347.0,frame_missing
1886347_2814_2869,,,,,,,,,,,,,,,,,,,,,,0.0389,1.0,0.0,201,1886347.0,frame_missing
1886347_2814_2869,,,,,,,,,,,,,,,,,,,,,,0.0389,1.0,0.0,202,1886347.0,frame_missing
1886347_2814_2869,,,,,,,,,,,,,,,,,,,,,,0.0389,1.0,0.0,203,1886347.0,frame_missing
1886347_2814_2869,,,,,,,,,,,,,,,,,,,,,,0.0389,1.0,0.0,204,1886347.0,frame_missing
1886347_2814_2869,,,,,,,,,,,,,,,,,,,,,,0.0389,1.0,0.0,205,1886347.0,frame_missing
1886347_2814_2869,,,,,,,,,,,,,,,,,,,,,,0.0389,1.0,0.0,206,1886347.0,frame_missing
1886347_2814_2869,,,,,,,,,,,,,,,,,,,,,,0.0389,1.0,0.0,207,1886347.0,frame_missing
1886347_2814_2869,,,,,,,,,,,,,,,,,,,,,,0.0389,1.0,0.0,208,1886347.0,frame_missing
1886347_2814_2869,1886347.0,2869.0,29047.0,29047.0,735573.0,Newcastle,1805.0,16.653999519634915,94.15017631422684,94.15017631422684,3.239645042284725,1.0,5.113531069623024,22.445982389982575,8.0,drawing,medium_block,attacking,attacking,recovery,pass,0.0389,1.0,0.0,209,1886347.0,
1886347_2814_2927,1886347.0,2814.0,28619.0,28647.0,285188.0,Auckland FC,4177.0,27.846380375194187,77.32542208096895,77.32542208096895,0.0,1.0,33.04785015700719,47.86422235055869,9.0,drawing,medium_block,defensive,defensive,recovery,pass,0.0389,1.0,0.0,210,1886347.0,
1886347_2814_2927,,,,,,,,,,,,,,,,,,,,,,0.0389,1.0,0.0,211,1886347.0,frame_missing
1886347_2814_2927,,,,,,,,,,,,,,,,,,,,,,0.0389,1.0,0.0,212,1886347.0,frame_missing
1886347_2814_2927,,,,,,,,,,,,,,,,,,,,,,0.0389,1.0,0.0,213,1886347.0,frame_missing
1886347_2814_2927,,,,,,,,,,,,,,,,,,,,,,0.0389,1.0,0.0,214,1886347.0,frame_missing
1886347_2814_2927,,,,,,,,,,,,,,,,,,,,,,0.0389,1.0,0.0,215,1886347.0,frame_missing
1886347_2814_2927,,,,,,,,,,,,,,,,,,,,,,0.0389,1.0,0.0,216,1886347.0,frame_missing
1886347_2814_2927,,,,,,,,,,,,,,,,,,,,,,0.0389,1.0,0.0,217,1886347.0,frame_missing
1886347_2814_2927,,,,,,,,,,,,,,,,,,,,,,0.0389,1.0,0.0,218,1886347.0,frame_missing
1886347_2814_2927,,,,,,,,,,,,,,,,,,,,,,0.0389,1.0,0.0,219,1886347.0,frame_missing
1886347_2814_2927,,,,,,,,,,,,,,,,,,,,,,0.0389,1.0,0.0,220,1886347.0,frame_missing
1886347_2814_2927,,,,,,,,,,,,,,,,,,,,,,0.0389,1.0,0.0,221,1886347.0,frame_missing
1886347_2814_2927,,,,,,,,,,,,,,,,,,,,,,0.0389,1.0,0.0,222,1886347.0,frame_missing
1886347_2814_2927,,,,,,,,,,,,,,,,,,,,,,0.0389,1.0,0.0,223,1886347.0,frame_missing
1886347_2814_2927,,,,,,,,,,,,,,,,,,,,,,0.0389,1.0,0.0,224,1886347.0,frame_missing
1886347_2814_2927,,,,,,,,,,,,,,,,,,,,,,0.0389,1.0,0.0,225,1886347.0,frame_missing
1886347_2814_2927,,,,,,,,,,,,,,,,,,,,,,0.0389,1.0,0.0,226,1886347.0,frame_missing
1886347_2814_2927,,,,,,,,,,,,,,,,,,,,,,0.0389,1.0,0.0,227,1886347.0,frame_missing
1886347_2814_2927,1886347.0,2869.0,29047.0,29047.0,735573.0,Newcastle,1805.0,16.653999519634915,94.15017631422684,94.15017631422684,3.239645042284725,1.0,5.113531069623024,22.445982389982575,8.0,drawing,medium_block,attacking,attacking,recovery,pass,0.0389,1.0,0.0,228,1886347.0,
1886347_2814_2927,1886347.0,2870.0,29048.0,29094.0,14736.0,Auckland FC,4177.0,20.097771020687844,87.81754038915004,20.097771020687844,6.446433122277777,0.0,7.6121284802609575,14.760784153955882,5.0,drawing,medium_block,attacking,attacking,pass_interception,pass,0.0389,1.0,0.0,229,1886347.0,
1886347_2814_2927,1886347.0,2873.0,29048.0,29062.0,133501.0,Newcastle,1805.0,13.74931634664066,95.36846281659362,95.36846281659362,0.0,1.0,2.1114923632350653,19.10882398396391,7.0,drawing,medium_block,attacking,attacking,,,0.0389,1.0,0.0,230,1886347.0,
1886347_2814_2927,,,,,,,,,,,,,,,,,,,,,,0.0389,1.0,0.0,231,1886347.0,frame_missing
1886347_2814_2927,,,,,,,,,,,,,,,,,,,,,,0.0389,1.0,0.0,232,1886347.0,frame_missing
1886347_2814_2927,,,,,,,,,,,,,,,,,,,,,,0.0389,1.0,0.0,233,1886347.0,frame_missing
1886347_2814_2927,,,,,,,,,,,,,,,,,,,,,,0.0389,1.0,0.0,234,1886347.0,frame_missing
1886347_2814_2927,,,,,,,,,,,,,,,,,,,,,,0.0389,1.0,0.0,235,1886347.0,frame_missing
1886347_2814_2927,,,,,,,,,,,,,,,,,,,,,,0.0389,1.0,0.0,236,1886347.0,frame_missing
1886347_2814_2927,,,,,,,,,,,,,,,,,,,,,,0.0389,1.0,0.0,237,1886347.0,frame_missing
1886347_2814_2927,,,,,,,,,,,,,,,,,,,,,,0.0389,1.0,0.0,238,1886347.0,frame_missing
1886347_2814_2927,,,,,,,,,,,,,,,,,,,,,,0.0389,1.0,0.0,239,1886347.0,frame_missing
1886347_2814_2927,,,,,,,,,,,,,,,,,,,,,,0.0389,1.0,0.0,240,1886347.0,frame_missing
1886347_2814_2927,,,,,,,,,,,,,,,,,,,,,,0.0389,1.0,0.0,241,1886347.0,frame_missing
1886347_2814_2927,,,,,,,,,,,,,,,,,,,,,,0.0389,1.0,0.0,242,1886347.0,frame_missing
1886347_2814_2927,,,,,,,,,,,,,,,,,,,,,,0.0389,1.0,0.0,243,1886347.0,frame_missing
1886347_2814_2927,,,,,,,,,,,,,,,,,,,,,,0.0389,1.0,0.0,244,1886347.0,frame_missing
1886347_2814_2927,,,,,,,,,,,,,,,,,,,,,,0.0389,1.0,0.0,245,1886347.0,frame_missing
1886347_2814_2927,,,,,,,,,,,,,,,,,,,,,,0.0389,1.0,0.0,246,1886347.0,frame_missing
1886347_2814_2927,,,,,,,,,,,,,,,,,,,,,,0.0389,1.0,0.0,247,1886347.0,frame_missing
1886347_2814_2927,,,,,,,,,,,,,,,,,,,,,,0.0389,1.0,0.0,248,1886347.0,frame_missing
1886347_2814_2927,,,,,,,,,,,,,,,,,,,,,,0.0389,1.0,0.0,249,1886347.0,frame_missing
1886347_2814_2927,,,,,,,,,,,,,,,,,,,,,,0.0389,1.0,0.0,250,1886347.0,frame_missing
1886347_2814_2927,,,,,,,,,,,,,,,,,,,,,,0.0389,1.0,0.0,251,1886347.0,frame_missing
1886347_2814_2927,,,,,,,,,,,,,,,,,,,,,,0.0389,1.0,0.0,252,1886347.0,frame_missing
1886347_2814_2927,,,,,,,,,,,,,,,,,,,,,,0.0389,1.0,0.0,253,1886347.0,frame_missing
1886347_2814_2927,,,,,,,,,,,,,,,,,,,,,,0.0389,1.0,0.0,254,1886347.0,frame_missing
1886347_2814_2927,,,,,,,,,,,,,,,,,,,,,,0.0389,1.0,0.0,255,1886347.0,frame_missing
1886347_2870_2948,1886347.0,2870.0,29048.0,29094.0,14736.0,Auckland FC,4177.0,20.097771020687844,87.81754038915004,20.097771020687844,6.446433122277777,0.0,7.6121284802609575,14.760784153955882,5.0,drawing,low_block,attacking,attacking,pass_interception,pass,0.0347,1.0,0.0,256,1886347.0,
1886347_2870_2948,1886347.0,2873.0,29048.0,29062.0,133501.0,Newcastle,1805.0,13.74931634664066,95.36846281659362,95.36846281659362,0.0,1.0,2.1114923632350653,19.10882398396391,7.0,drawing,low_block,attacking,attacking,,,0.0347,1.0,0.0,257,1886347.0,
1886347_2870_2948,,,,,,,,,,,,,,,,,,,,,,0.0347,1.0,0.0,258,1886347.0,frame_missing
1886347_2870_2948,,,,,,,,,,,,,,,,,,,,,,0.0347,1.0,0.0,259,1886347.0,frame_missing
1886347_2870_2948,,,,,,,,,,,,,,,,,,,,,,0.0347,1.0,0.0,260,1886347.0,frame_missing
1886347_2870_2948,,,,,,,,,,,,,,,,,,,,,,0.0347,1.0,0.0,261,1886347.0,frame_missing
1886347_2870_2948,,,,,,,,,,,,,,,,,,,,,,0.0347,1.0,0.0,262,1886347.0,frame_missing
1886347_2870_2948,,,,,,,,,,,,,,,,,,,,,,0.0347,1.0,0.0,263,1886347.0,frame_missing
1886347_2870_2948,,,,,,,,,,,,,,,,,,,,,,0.0347,1.0,0.0,264,1886347.0,frame_missing
1886347_2870_2948,,,,,,,,,,,,,,,,,,,,,,0.0347,1.0,0.0,265,1886347.0,frame_missing
1886347_2870_2948,,,,,,,,,,,,,,,,,,,,,,0.0347,1.0,0.0,266,1886347.0,frame_missing
1886347_2870_2948,,,,,,,,,,,,,,,,,,,,,,0.0347,1.0,0.0,267,1886347.0,frame_missing
1886347_2870_2948,,,,,,,,,,,,,,,,,,,,,,0.0347,1.0,0.0,268,1886347.0,frame_missing
1886347_2870_2948,,,,,,,,,,,,,,,,,,,,,,0.0347,1.0,0.0,269,1886347.0,frame_missing
1886347_2870_2948,,,,,,,,,,,,,,,,,,,,,,0.0347,1.0,0.0,270,1886347.0,frame_missing
1886347_2870_2948,,,,,,,,,,,,,,,,,,,,,,0.0347,1.0,0.0,271,1886347.0,frame_missing
1886347_2870_2948,,,,,,,,,,,,,,,,,,,,,,0.0347,1.0,0.0,272,1886347.0,frame_missing
1886347_2870_2948,,,,,,,,,,,,,,,,,,,,,,0.0347,1.0,0.0,273,1886347.0,frame_missing
1886347_2870_2948,,,,,,,,,,,,,,,,,,,,,,0.0347,1.0,0.0,274,1886347.0,frame_missing
1886347_2870_2948,,,,,,,,,,,,,,,,,,,,,,0.0347,1.0,0.0,275,1886347.0,frame_missing
1886347_2870_2948,,,,,,,,,,,,,,,,,,,,,,0.0347,1.0,0.0,276,1886347.0,frame_missing
1886347_2870_2948,,,,,,,,,,,,,,,,,,,,,,0.0347,1.0,0.0,277,1886347.0,frame_missing
1886347_2870_2948,,,,,,,,,,,,,,,,,,,,,,0.0347,1.0,0.0,278,1886347.0,frame_missing
1886347_2870_2948,,,,,,,,,,,,,,,,,,,,,,0.0347,1.0,0.0,279,1886347.0,frame_missing
1886347_2870_2948,,,,,,,,,,,,,,,,,,,,,,0.0347,1.0,0.0,280,1886347.0,frame_missing
1886347_2870_2948,,,,,,,,,,,,,,,,,,,,,,0.0347,1.0,0.0,281,1886347.0,frame_missing
1886347_2870_2948,,,,,,,,,,,,,,,,,,,,,,0.0347,1.0,0.0,282,1886347.0,frame_missing
1886347_2870_2948,,,,,,,,,,,,,,,,,,,,,,0.0347,1.0,0.0,283,1886347.0,frame_missing
1886347_2870_2948,1886347.0,2933.0,29369.0,29369.0,795505.0,Newcastle,1805.0,34.25993724454264,84.14893522796352,84.14893522796352,4.937053777304838,1.0,5.703192088646497,25.767529287328397,6.0,drawing,low_block,attacking,attacking,pass_interception,pass,0.0347,1.0,0.0,284,1886347.0,
1886347_2870_2948,,,,,,,,,,,,,,,,,,,,,,0.0347,1.0,0.0,285,1886347.0,frame_missing
1886347_2870_2948,,,,,,,,,,,,,,,,,,,,,,0.0347,1.0,0.0,286,1886347.0,frame_missing
1886347_2870_2948,,,,,,,,,,,,,,,,,,,,,,0.0347,1.0,0.0,287,1886347.0,frame_missing
1886347_2870_2948,,,,,,,,,,,,,,,,,,,,,,0.0347,1.0,0.0,288,1886347.0,frame_missing
1886347_2870_2948,,,,,,,,,,,,,,,,,,,,,,0.0347,1.0,0.0,289,1886347.0,frame_missing
1886347_2870_2948,,,,,,,,,,,,,,,,,,,,,,0.0347,1.0,0.0,290,1886347.0,frame_missing
1886347_2870_2948,,,,,,,,,,,,,,,,,,,,,,0.0347,1.0,0.0,291,1886347.0,frame_missing
1886347_2870_2948,,,,,,,,,,,,,,,,,,,,,,0.0347,1.0,0.0,292,1886347.0,frame_missing
1886347_2870_2948,,,,,,,,,,,,,,,,,,,,,,0.0347,1.0,0.0,293,1886347.0,frame_missing
1886347_2933_2951,1886347.0,2933.0,29369.0,29369.0,795505.0,Newcastle,1805.0,34.25993724454264,84.14893522796352,84.14893522796352,4.937053777304838,1.0,5.703192088646497,25.767529287328397,6.0,drawing,high_block,attacking,attacking,pass_interception,pass,0.003,0.0,0.0,294,1886347.0,
1886347_2933_2951,,,,,,,,,,,,,,,,,,,,,,0.003,0.0,0.0,295,1886347.0,frame_missing
1886347_2933_2951,,,,,,,,,,,,,,,,,,,,,,0.003,0.0,0.0,296,1886347.0,frame_missing
1886347_2933_2951,,,,,,,,,,,,,,,,,,,,,,0.003,0.0,0.0,297,1886347.0,frame_missing
1886347_2933_2951,,,,,,,,,,,,,,,,,,,,,,0.003,0.0,0.0,298,1886347.0,frame_missing
1886347_2933_2951,,,,,,,,,,,,,,,,,,,,,,0.003,0.0,0.0,299,1886347.0,frame_missing
1886347_2933_2951,,,,,,,,,,,,,,,,,,,,,,0.003,0.0,0.0,300,1886347.0,frame_missing
1886347_2933_2951,,,,,,,,,,,,,,,,,,,,,,0.003,0.0,0.0,301,1886347.0,frame_missing
1886347_2933_2951,,,,,,,,,,,,,,,,,,,,,,0.003,0.0,0.0,302,1886347.0,frame_missing
1886347_2933_2951,,,,,,,,,,,,,,,,,,,,,,0.003,0.0,0.0,303,1886347.0,frame_missing
1886347_2933_2951,1886347.0,2951.0,29473.0,29477.0,965685.0,Auckland FC,4177.0,46.43554780553364,72.85849367095096,46.43554780553364,7.266828744369858,0.0,3.3828538248053235,16.780265878796612,2.0,drawing,high_block,middle,middle,recovery,pass,0.003,0.0,0.0,304,1886347.0,
1886347_3028_3057,1886347.0,3028.0,30012.0,30012.0,965685.0,Auckland FC,4177.0,44.89486941733988,68.6283418129857,44.89486941733988,13.067750380229949,0.0,6.47648824595552,21.28177645662762,5.0,drawing,medium_block,middle,middle,pass_interception,pass,0.0099,0.0,0.0,305,1886347.0,
1886347_3028_3057,,,,,,,,,,,,,,,,,,,,,,0.0099,0.0,0.0,306,1886347.0,frame_missing
1886347_3028_3057,,,,,,,,,,,,,,,,,,,,,,0.0099,0.0,0.0,307,1886347.0,frame_missing
1886347_3028_3057,,,,,,,,,,,,,,,,,,,,,,0.0099,0.0,0.0,308,1886347.0,frame_missing
1886347_3028_3057,,,,,,,,,,,,,,,,,,,,,,0.0099,0.0,0.0,309,1886347.0,frame_missing
1886347_3028_3057,,,,,,,,,,,,,,,,,,,,,,0.0099,0.0,0.0,310,1886347.0,frame_missing
1886347_3028_3057,,,,,,,,,,,,,,,,,,,,,,0.0099,0.0,0.0,311,1886347.0,frame_missing
1886347_3028_3057,,,,,,,,,,,,,,,,,,,,,,0.0099,0.0,0.0,312,1886347.0,frame_missing
1886347_3028_3057,,,,,,,,,,,,,,,,,,,,,,0.0099,0.0,0.0,313,1886347.0,frame_missing
1886347_3028_3057,,,,,,,,,,,,,,,,,,,,,,0.0099,0.0,0.0,314,1886347.0,frame_missing
1886347_3028_3057,,,,,,,,,,,,,,,,,,,,,,0.0099,0.0,0.0,315,1886347.0,frame_missing
1886347_3028_3057,,,,,,,,,,,,,,,,,,,,,,,,,316,,no_player_id
1886347_3297_3317,1886347.0,3297.0,32947.0,32953.0,50983.0,Newcastle,1805.0,52.0575537266207,62.304003884180666,52.0575537266207,9.526594354752385,0.0,4.180968787254934,27.615058982043156,8.0,drawing,medium_block,middle,middle,recovery,pass,0.0523,1.0,0.0,317,1886347.0,
1886347_3297_3317,,,,,,,,,,,,,,,,,,,,,,0.0523,1.0,0.0,318,1886347.0,frame_missing
1886347_3297_3317,,,,,,,,,,,,,,,,,,,,,,0.0523,1.0,0.0,319,1886347.0,frame_missing
1886347_3297_3317,,,,,,,,,,,,,,,,,,,,,,0.0523,1.0,0.0,320,1886347.0,frame_missing
1886347_3297_3317,,,,,,,,,,,,,,,,,,,,,,0.0523,1.0,0.0,321,1886347.0,frame_missing
1886347_3297_3317,,,,,,,,,,,,,,,,,,,,,,0.0523,1.0,0.0,322,1886347.0,frame_missing
1886347_3297_3317,,,,,,,,,,,,,,,,,,,,,,0.0523,1.0,0.0,323,1886347.0,frame_missing
1886347_3297_3317,,,,,,,,,,,,,,,,,,,,,,,,,324,,no_player_id
1886347_3444_3465,,,,,,,,,,,,,,,,,,,,,,,,,325,,no_player_id
1886347_3444_3465,,,,,,,,,,,,,,,,,,,,,,0.0106,0.0,0.0,326,1886347.0,frame_missing
1886347_3444_3465,,,,,,,,,,,,,,,,,,,,,,0.0106,0.0,0.0,327,1886347.0,frame_missing
1886347_3444_3465,,,,,,,,,,,,,,,,,,,,,,0.0106,0.0,0.0,328,1886347.0,frame_missing
1886347_3444_3465,,,,,,,,,,,,,,,,,,,,,,0.0106,0.0,0.0,329,1886347.0,frame_missing
1886347_3444_3465,,,,,,,,,,,,,,,,,,,,,,0.0106,0.0,0.0,330,1886347.0,frame_missing
1886347_3444_3465,,,,,,,,,,,,,,,,,,,,,,0.0106,0.0,0.0,331,1886347.0,frame_missing
1886347_3444_3465,,,,,,,,,,,,,,,,,,,,,,0.0106,0.0,0.0,332,1886347.0,frame_missing
1886347_3444_3465,,,,,,,,,,,,,,,,,,,,,,,,,333,,no_player_id
1886347_3505_3508,1886347.0,3505.0,35339.0,35339.0,285188.0,Auckland FC,4177.0,4.062339227587967,102.29370752886025,102.29370752886025,0.0,1.0,21.633760653201286,39.651189773757686,9.0,drawing,chaotic,defensive,defensive,pass_interception,pass,0.0001,0.0,0.0,334,1886347.0,
1886347_3505_3508,,,,,,,,,,,,,,,,,,,,,,0.0001,0.0,0.0,335,1886347.0,frame_missing
1886347_3505_3508,,,,,,,,,,,,,,,,,,,,,,,,,336,,no_player_id
1886347_3646_3665,,,,,,,,,,,,,,,,,,,,,,,,,337,,no_player_id
1886347_3646_3665,,,,,,,,,,,,,,,,,,,,,,0.0269,1.0,0.0,338,1886347.0,frame_missing
1886347_3646_3665,,,,,,,,,,,,,,,,,,,,,,0.0269,1.0,0.0,339,1886347.0,frame_missing
1886347_3646_3665,,,,,,,,,,,,,,,,,,,,,,0.0269,1.0,0.0,340,1886347.0,frame_missing
1886347_3646_3665,,,,,,,,,,,,,,,,,,,,,,0.0269,1.0,0.0,341,1886347.0,frame_missing
1886347_3646_3665,,,,,,,,,,,,,,,,,,,,,,,,,342,,no_player_id
1886347_3646_3665,,,,,,,,,,,,,,,,,,,,,,0.0269,1.0,0.0,343,1886347.0,frame_missing
1886347_3646_3665,,,,,,,,,,,,,,,,,,,,,,0.0269,1.0,0.0,344,1886347.0,frame_missing
1886347_3646_3665,1886347.0,3660.0,36644.0,36644.0,133501.0,Auckland FC,4177.0,30.21063719950309,77.16723786685642,30.21063719950309,3.422572132183631,1.0,7.843723605533281,16.137245430884427,5.0,drawing,chaotic,attacking,attacking,recovery,pass,0.0269,1.0,0.0,345,1886347.0,
1886347_3646_3665,,,,,,,,,,,,,,,,,,,,,,0.0269,1.0,0.0,346,1886347.0,frame_missing
1886347_3660_3674,1886347.0,3660.0,36644.0,36644.0,133501.0,Auckland FC,4177.0,30.21063719950309,77.16723786685642,30.21063719950309,3.422572132183631,1.0,7.843723605533281,16.137245430884427,5.0,drawing,chaotic,attacking,attacking,recovery,pass,0.0269,1.0,1.0,347,1886347.0,
1886347_3660_3674,,,,,,,,,,,,,,,,,,,,,,0.0269,1.0,1.0,348,1886347.0,frame_missing
1886347_3660_3674,,,,,,,,,,,,,,,,,,,,,,0.0269,1.0,1.0,349,1886347.0,frame_missing
1886347_3660_3674,,,,,,,,,,,,,,,,,,,,,,0.0269,1.0,1.0,350,1886347.0,frame_missing
1886347_3660_3674,,,,,,,,,,,,,,,,,,,,,,0.0269,1.0,1.0,351,1886347.0,frame_missing
1886347_3660_3674,,,,,,,,,,,,,,,,,,,,,,,,,352,,no_player_id
1886347_4022_4059,,,,,,,,,,,,,,,,,,,,,,,,,353,,no_player_id
1886347_4022_4059,,,,,,,,,,,,,,,,,,,,,,0.0048,0.0,0.0,354,1886347.0,frame_missing
1886347_4022_4059,,,,,,,,,,,,,,,,,,,,,,0.0048,0.0,0.0,355,1886347.0,frame_missing
1886347_4022_4059,,,,,,,,,,,,,,,,,,,,,,0.0048,0.0,0.0,356,1886347.0,frame_missing
1886347_4022_4059,,,,,,,,,,,,,,,,,,,,,,0.0048,0.0,0.0,357,1886347.0,frame_missing
1886347_4022_4059,,,,,,,,,,,,,,,,,,,,,,0.0048,0.0,0.0,358,1886347.0,frame_missing
1886347_4022_4059,,,,,,,,,,,,,,,,,,,,,,0.0048,0.0,0.0,359,1886347.0,frame_missing
1886347_4022_4059,,,,,,,,,,,,,,,,,,,,,,0.0048,0.0,0.0,360,1886347.0,frame_missing
1886347_4022_4059,,,,,,,,,,,,,,,,,,,,,,0.0048,0.0,0.0,361,1886347.0,frame_missing
1886347_4022_4059,,,,,,,,,,,,,,,,,,,,,,0.0048,0.0,0.0,362,1886347.0,frame_missing
1886347_4022_4059,,,,,,,,,,,,,,,,,,,,,,0.0048,0.0,0.0,363,1886347.0,frame_missing
1886347_4022_4059,,,,,,,,,,,,,,,,,,,,,,0.0048,0.0,0.0,364,1886347.0,frame_missing
1886347_4022_4059,,,,,,,,,,,,,,,,,,,,,,0.0048,0.0,0.0,365,1886347.0,frame_missing
1886347_4022_4059,,,,,,,,,,,,,,,,,,,,,,0.0048,0.0,0.0,366,1886347.0,frame_missing
1886347_4022_4059,,,,,,,,,,,,,,,,,,,,,,,,,367,,no_player_id
1886347_4236_4289,1886347.0,4236.0,47322.0,47322.0,38673.0,Auckland FC,4177.0,39.455101064374425,75.10795563720265,39.455101064374425,9.629340579707419,0.0,13.499525917601698,24.773465374237677,1.0,drawing,defending_quick_break,attacking,attacking,recovery,pass,0.0492,1.0,0.0,368,1886347.0,
1886347_4236_4289,,,,,,,,,,,,,,,,,,,,,,0.0492,1.0,0.0,369,1886347.0,frame_missing
1886347_4236_4289,,,,,,,,,,,,,,,,,,,,,,0.0492,1.0,0.0,370,1886347.0,frame_missing
1886347_4236_4289,,,,,,,,,,,,,,,,,,,,,,0.0492,1.0,0.0,371,1886347.0,frame_missing
1886347_4236_4289,,,,,,,,,,,,,,,,,,,,,,0.0492,1.0,0.0,372,1886347.0,frame_missing
1886347_4236_4289,,,,,,,,,,,,,,,,,,,,,,0.0492,1.0,0.0,373,1886347.0,frame_missing
1886347_4236_4289,,,,,,,,,,,,,,,,,,,,,,0.0492,1.0,0.0,374,1886347.0,frame_missing
1886347_4236_4289,,,,,,,,,,,,,,,,,,,,,,0.0492,1.0,0.0,375,1886347.0,frame_missing
1886347_4236_4289,,,,,,,,,,,,,,,,,,,,,,0.0492,1.0,0.0,376,1886347.0,frame_missing
1886347_4236_4289,,,,,,,,,,,,,,,,,,,,,,0.0492,1.0,0.0,377,1886347.0,frame_missing
1886347_4236_4289,,,,,,,,,,,,,,,,,,,,,,0.0492,1.0,0.0,378,1886347.0,frame_missing
1886347_4236_4289,,,,,,,,,,,,,,,,,,,,,,0.0492,1.0,0.0,379,1886347.0,frame_missing
1886347_4236_4289,,,,,,,,,,,,,,,,,,,,,,0.0492,1.0,0.0,380,1886347.0,frame_missing
1886347_4236_4289,,,,,,,,,,,,,,,,,,,,,,0.0492,1.0,0.0,381,1886347.0,frame_missing
1886347_4236_4289,,,,,,,,,,,,,,,,,,,,,,0.0492,1.0,0.0,382,1886347.0,frame_missing
1886347_4236_4289,,,,,,,,,,,,,,,,,,,,,,0.0492,1.0,0.0,383,1886347.0,frame_missing
1886347_4236_4289,,,,,,,,,,,,,,,,,,,,,,0.0492,1.0,0.0,384,1886347.0,frame_missing
1886347_4236_4289,,,,,,,,,,,,,,,,,,,,,,0.0492,1.0,0.0,385,1886347.0,frame_missing
1886347_4236_4289,,,,,,,,,,,,,,,,,,,,,,0.0492,1.0,0.0,386,1886347.0,frame_missing
1886347_4236_4289,,,,,,,,,,,,,,,,,,,,,,0.0492,1.0,0.0,387,1886347.0,frame_missing
1886347_4236_4294,1886347.0,4236.0,47322.0,47322.0,38673.0,Auckland FC,4177.0,39.455101064374425,75.10795563720265,39.455101064374425,9.629340579707419,0.0,13.499525917601698,24.773465374237677,1.0,drawing,defending_quick_break,attacking,attacking,recovery,pass,0.0492,1.0,0.0,388,1886347.0,
1886347_4236_4294,,,,,,,,,,,,,,,,,,,,,,0.0492,1.0,0.0,389,1886347.0,frame_missing
1886347_4236_4294,,,,,,,,,,,,,,,,,,,,,,0.0492,1.0,0.0,390,1886347.0,frame_missing
1886347_4236_4294,,,,,,,,,,,,,,,,,,,,,,0.0492,1.0,0.0,391,1886347.0,frame_missing
1886347_4236_4294,,,,,,,,,,,,,,,,,,,,,,0.0492,1.0,0.0,392,1886347.0,frame_missing
1886347_4236_4294,,,,,,,,,,,,,,,,,,,,,,0.0492,1.0,0.0,393,1886347.0,frame_missing
1886347_4236_4294,,,,,,,,,,,,,,,,,,,,,,0.0492,1.0,0.0,394,1886347.0,frame_missing
1886347_4236_4294,,,,,,,,,,,,,,,,,,,,,,0.0492,1.0,0.0,395,1886347.0,frame_missing
1886347_4236_4294,,,,,,,,,,,,,,,,,,,,,,0.0492,1.0,0.0,396,1886347.0,frame_missing
1886347_4236_4294,,,,,,,,,,,,,,,,,,,,,,0.0492,1.0,0.0,397,1886347.0,frame_missing
1886347_4236_4294,,,,,,,,,,,,,,,,,,,,,,0.0492,1.0,0.0,398,1886347.0,frame_missing
1886347_4236_4294,,,,,,,,,,,,,,,,,,,,,,0.0492,1.0,0.0,399,1886347.0,frame_missing
1886347_4236_4294,,,,,,,,,,,,,,,,,,,,,,0.0492,1.0,0.0,400,1886347.0,frame_missing
1886347_4236_4294,,,,,,,,,,,,,,,,,,,,,,0.0492,1.0,0.0,401,1886347.0,frame_missing
1886347_4236_4294,,,,,,,,,,,,,,,,,,,,,,0.0492,1.0,0.0,402,1886347.0,frame_missing
1886347_4236_4294,,,,,,,,,,,,,,,,,,,,,,0.0492,1.0,0.0,403,1886347.0,frame_missing
1886347_4236_4294,,,,,,,,,,,,,,,,,,,,,,0.0492,1.0,0.0,404,1886347.0,frame_missing
1886347_4236_4294,,,,,,,,,,,,,,,,,,,,,,0.0492,1.0,0.0,405,1886347.0,frame_missing
1886347_4236_4294,,,,,,,,,,,,,,,,,,,,,,0.0492,1.0,0.0,406,1886347.0,frame_missing
1886347_4236_4294,,,,,,,,,,,,,,,,,,,,,,0.0492,1.0,0.0,407,1886347.0,frame_missing
1886347_4236_4294,1886347.0,4294.0,47570.0,47570.0,795506.0,Newcastle,1805.0,24.338138794903774,81.2948030319282,81.2948030319282,2.1170262161815554,1.0,8.983479281436567,19.726979854077637,9.0,drawing,defending_quick_break,attacking,attacking,pass_interception,pass,0.0492,1.0,0.0,408,1886347.0,
1886347_4236_4318,1886347.0,4236.0,47322.0,47322.0,38673.0,Auckland FC,4177.0,39.455101064374425,75.10795563720265,39.455101064374425,9.629340579707419,0.0,13.499525917601698,24.773465374237677,1.0,drawing,defending_quick_break,attacking,attacking,recovery,pass,0.0492,1.0,0.0,409,1886347.0,
1886347_4236_4318,,,,,,,,,,,,,,,,,,,,,,0.0492,1.0,0.0,410,1886347.0,frame_missing
1886347_4236_4318,,,,,,,,,,,,,,,,,,,,,,0.0492,1.0,0.0,411,1886347.0,frame_missing
1886347_4236_4318,,,,,,,,,,,,,,,,,,,,,,0.0492,1.0,0.0,412,1886347.0,frame_missing
1886347_4236_4318,,,,,,,,,,,,,,,,,,,,,,0.0492,1.0,0.0,413,1886347.0,frame_missing
1886347_4236_4318,,,,,,,,,,,,,,,,,,,,,,0.0492,1.0,0.0,414,1886347.0,frame_missing
1886347_4236_4318,,,,,,,,,,,,,,,,,,,,,,0.0492,1.0,0.0,415,1886347.0,frame_missing
1886347_4236_4318,,,,,,,,,,,,,,,,,,,,,,0.0492,1.0,0.0,416,1886347.0,frame_missing
1886347_4236_4318,,,,,,,,,,,,,,,,,,,,,,0.0492,1.0,0.0,417,1886347.0,frame_missing
1886347_4236_4318,,,,,,,,,,,,,,,,,,,,,,0.0492,1.0,0.0,418,1886347.0,frame_missing
1886347_4236_4318,,,,,,,,,,,,,,,,,,,,,,0.0492,1.0,0.0,419,1886347.0,frame_missing
1886347_4236_4318,,,,,,,,,,,,,,,,,,,,,,0.0492,1.0,0.0,420,1886347.0,frame_missing
1886347_4236_4318,,,,,,,,,,,,,,,,,,,,,,0.0492,1.0,0.0,421,1886347.0,frame_missing
1886347_4236_4318,,,,,,,,,,,,,,,,,,,,,,0.0492,1.0,0.0,422,1886347.0,frame_missing
1886347_4236_4318,,,,,,,,,,,,,,,,,,,,,,0.0492,1.0,0.0,423,1886347.0,frame_missing
1886347_4236_4318,,,,,,,,,,,,,,,,,,,,,,0.0492,1.0,0.0,424,1886347.0,frame_missing
1886347_4236_4318,,,,,,,,,,,,,,,,,,,,,,0.0492,1.0,0.0,425,1886347.0,frame_missing
1886347_4236_4318,,,,,,,,,,,,,,,,,,,,,,0.0492,1.0,0.0,426,1886347.0,frame_missing
1886347_4236_4318,,,,,,,,,,,,,,,,,,,,,,0.0492,1.0,0.0,427,1886347.0,frame_missing
1886347_4236_4318,,,,,,,,,,,,,,,,,,,,,,0.0492,1.0,0.0,428,1886347.0,frame_missing
1886347_4236_4318,1886347.0,4294.0,47570.0,47570.0,795506.0,Newcastle,1805.0,24.338138794903774,81.2948030319282,81.2948030319282,2.1170262161815554,1.0,8.983479281436567,19.726979854077637,9.0,drawing,defending_quick_break,attacking,attacking,pass_interception,pass,0.0492,1.0,0.0,429,1886347.0,
1886347_4236_4318,,,,,,,,,,,,,,,,,,,,,,0.0492,1.0,0.0,430,1886347.0,frame_missing
1886347_4236_4318,,,,,,,,,,,,,,,,,,,,,,0.0492,1.0,0.0,431,1886347.0,frame_missing
1886347_4236_4318,,,,,,,,,,,,,,,,,,,,,,0.0492,1.0,0.0,432,1886347.0,frame_missing
1886347_4236_4318,,,,,,,,,,,,,,,,,,,,,,0.0492,1.0,0.0,433,1886347.0,frame_missing
1886347_4236_4318,,,,,,,,,,,,,,,,,,,,,,0.0492,1.0,0.0,434,1886347.0,frame_missing
1886347_4236_4318,,,,,,,,,,,,,,,,,,,,,,0.0492,1.0,0.0,435,1886347.0,frame_missing
1886347_4236_4318,,,,,,,,,,,,,,,,,,,,,,,,,436,,no_player_id
1886347_4320_4340,1886347.0,4320.0,47726.0,47726.0,735573.0,Newcastle,1805.0,26.234225736621234,78.93120168855913,78.93120168855913,5.12492926780458,0.0,6.7378631627541985,18.184463266322528,8.0,drawing,high_block,attacking,attacking,pass_interception,pass,0.025,1.0,0.0,437,1886347.0,
1886347_4320_4340,,,,,,,,,,,,,,,,,,,,,,0.025,1.0,0.0,438,1886347.0,frame_missing
1886347_4320_4340,,,,,,,,,,,,,,,,,,,,,,0.025,1.0,0.0,439,1886347.0,frame_missing
1886347_4320_4340,,,,,,,,,,,,,,,,,,,,,,0.025,1.0,0.0,440,1886347.0,frame_missing
1886347_4320_4340,,,,,,,,,,,,,,,,,,,,,,0.025,1.0,0.0,441,1886347.0,frame_missing
1886347_4320_4340,,,,,,,,,,,,,,,,,,,,,,0.025,1.0,0.0,442,1886347.0,frame_missing
1886347_4320_4340,,,,,,,,,,,,,,,,,,,,,,0.025,1.0,0.0,443,1886347.0,frame_missing
1886347_4320_4340,,,,,,,,,,,,,,,,,,,,,,0.025,1.0,0.0,444,1886347.0,frame_missing
1886347_4348_4359,1886347.0,4348.0,47920.0,47920.0,285188.0,Auckland FC,4177.0,7.126134997317969,100.41156208325813,100.41156208325813,0.0,1.0,13.51018134593315,40.126811063331076,9.0,drawing,high_block,defensive,defensive,pass_interception,pass,0.0004,0.0,0.0,445,1886347.0,
1886347_4348_4359,,,,,,,,,,,,,,,,,,,,,,0.0004,0.0,0.0,446,1886347.0,frame_missing
1886347_4348_4359,,,,,,,,,,,,,,,,,,,,,,0.0004,0.0,0.0,447,1886347.0,frame_missing
1886347_4348_4359,,,,,,,,,,,,,,,,,,,,,,0.0004,0.0,0.0,448,1886347.0,frame_missing
1886347_4348_4359,,,,,,,,,,,,,,,,,,,,,,0.0004,0.0,0.0,449,1886347.0,frame_missing
1886347_4492_4514,1886347.0,4492.0,49242.0,49242.0,163972.0,Auckland FC,4177.0,33.51560979603385,75.57642555718019,33.51560979603385,2.934620929523948,1.0,13.500937004519354,20.34777389520719,1.0,drawing,defending_direct,attacking,attacking,pass_interception,pass,0.1508,1.0,0.0,450,1886347.0,
1886347_4492_4514,,,,,,,,,,,,,,,,,,,,,,0.1508,1.0,0.0,451,1886347.0,frame_missing
1886347_4492_4514,1886347.0,4502.0,49312.0,49312.0,560992.0,Newcastle,1805.0,36.187048788205985,80.03875623721298,80.03875623721298,0.0,1.0,9.007602344686404,27.98556223392741,7.0,drawing,defending_direct,attacking,attacking,pass_interception,pass,0.1508,1.0,0.0,452,1886347.0,
1886347_4492_4514,,,,,,,,,,,,,,,,,,,,,,0.1508,1.0,0.0,453,1886347.0,frame_missing
1886347_4492_4514,,,,,,,,,,,,,,,,,,,,,,0.1508,1.0,0.0,454,1886347.0,frame_missing
1886347_4492_4514,,,,,,,,,,,,,,,,,,,,,,0.1508,1.0,0.0,455,1886347.0,frame_missing
1886347_4492_4514,,,,,,,,,,,,,,,,,,,,,,0.1508,1.0,0.0,456,1886347.0,frame_missing
1886347_4492_4514,,,,,,,,,,,,,,,,,,,,,,0.1508,1.0,0.0,457,1886347.0,frame_missing
1886347_4492_4514,,,,,,,,,,,,,,,,,,,,,,,,,458,,no_player_id
1886347_4502_4523,1886347.0,4502.0,49312.0,49312.0,560992.0,Newcastle,1805.0,36.187048788205985,80.03875623721298,80.03875623721298,0.0,1.0,9.007602344686404,27.98556223392741,7.0,drawing,high_block,attacking,attacking,pass_interception,pass,0.0044,0.0,0.0,459,1886347.0,
1886347_4502_4523,,,,,,,,,,,,,,,,,,,,,,0.0044,0.0,0.0,460,1886347.0,frame_missing
1886347_4502_4523,,,,,,,,,,,,,,,,,,,,,,0.0044,0.0,0.0,461,1886347.0,frame_missing
1886347_4502_4523,,,,,,,,,,,,,,,,,,,,,,0.0044,0.0,0.0,462,1886347.0,frame_missing
1886347_4502_4523,,,,,,,,,,,,,,,,,,,,,,0.0044,0.0,0.0,463,1886347.0,frame_missing
1886347_4502_4523,,,,,,,,,,,,,,,,,,,,,,0.0044,0.0,0.0,464,1886347.0,frame_missing
1886347_4502_4523,,,,,,,,,,,,,,,,,,,,,,,,,465,,no_player_id
1886347_4502_4523,,,,,,,,,,,,,,,,,,,,,,0.0044,0.0,0.0,466,1886347.0,frame_missing
1886347_4502_4523,,,,,,,,,,,,,,,,,,,,,,0.0044,0.0,0.0,467,1886347.0,frame_missing
1886347_4502_4523,,,,,,,,,,,,,,,,,,,,,,0.0044,0.0,0.0,468,1886347.0,frame_missing
1886347_4502_4523,,,,,,,,,,,,,,,,,,,,,,0.0044,0.0,0.0,469,1886347.0,frame_missing
1886347_4502_4523,,,,,,,,,,,,,,,,,,,,,,0.0044,0.0,0.0,470,1886347.0,frame_missing
1886347_4502_4523,,,,,,,,,,,,,,,,,,,,,,0.0044,0.0,0.0,471,1886347.0,frame_missing
1886347_4615_4619,1886347.0,4615.0,50131.0,50163.0,795505.0,Newcastle,1805.0,41.678374488456235,65.56742255114197,65.56742255114197,5.536650612057799,0.0,11.93236355463577,22.62290645619432,7.0,drawing,high_block,middle,middle,recovery,pass,0.0006,0.0,0.0,472,1886347.0,
1886347_4615_4619,,,,,,,,,,,,,,,,,,,,,,0.0006,0.0,0.0,473,1886347.0,frame_missing
1886347_4615_4619,,,,,,,,,,,,,,,,,,,,,,,,,474,,no_player_id
1886347_4841_4878,1886347.0,4841.0,56777.0,56825.0,14736.0,Auckland FC,4177.0,36.91842493931723,70.22015451421336,70.22015451421336,7.0960622883399225,0.0,8.233614030302851,14.522141079733583,6.0,winning,defending_transition,middle,middle,recovery,pass,0.0213,1.0,1.0,475,1886347.0,
1886347_4841_4878,,,,,,,,,,,,,,,,,,,,,,0.0213,1.0,1.0,476,1886347.0,frame_missing
1886347_4841_4878,,,,,,,,,,,,,,,,,,,,,,0.0213,1.0,1.0,477,1886347.0,frame_missing
1886347_4841_4878,,,,,,,,,,,,,,,,,,,,,,0.0213,1.0,1.0,478,1886347.0,frame_missing
1886347_4841_4878,,,,,,,,,,,,,,,,,,,,,,0.0213,1.0,1.0,479,1886347.0,frame_missing
1886347_4841_4878,,,,,,,,,,,,,,,,,,,,,,0.0213,1.0,1.0,480,1886347.0,frame_missing
1886347_4841_4878,,,,,,,,,,,,,,,,,,,,,,,,,481,,no_player_id
1886347_4841_4878,,,,,,,,,,,,,,,,,,,,,,0.0213,1.0,1.0,482,1886347.0,frame_missing
1886347_4841_4878,,,,,,,,,,,,,,,,,,,,,,0.0213,1.0,1.0,483,1886347.0,frame_missing
1886347_4841_4878,,,,,,,,,,,,,,,,,,,,,,0.0213,1.0,1.0,484,1886347.0,frame_missing
1886347_4841_4878,,,,,,,,,,,,,,,,,,,,,,0.0213,1.0,1.0,485,1886347.0,frame_missing
1886347_4841_4878,,,,,,,,,,,,,,,,,,,,,,0.0213,1.0,1.0,486,1886347.0,frame_missing
1886347_4841_4878,,,,,,,,,,,,,,,,,,,,,,0.0213,1.0,1.0,487,1886347.0,frame_missing
1886347_4841_4878,,,,,,,,,,,,,,,,,,,,,,0.0213,1.0,1.0,488,1886347.0,frame_missing
1886347_4841_4878,,,,,,,,,,,,,,,,,,,,,,0.0213,1.0,1.0,489,1886347.0,frame_missing
1886347_4841_4878,,,,,,,,,,,,,,,,,,,,,,0.0213,1.0,1.0,490,1886347.0,frame_missing
1886347_4887_4896,,,,,,,,,,,,,,,,,,,,,,,,,491,,no_player_id
1886347_4887_4896,,,,,,,,,,,,,,,,,,,,,,0.0036,0.0,0.0,492,1886347.0,frame_missing
1886347_4887_4896,,,,,,,,,,,,,,,,,,,,,,0.0036,0.0,0.0,493,1886347.0,frame_missing
1886347_4887_4896,,,,,,,,,,,,,,,,,,,,,,0.0036,0.0,0.0,494,1886347.0,frame_missing
1886347_4887_4896,,,,,,,,,,,,,,,,,,,,,,0.0036,0.0,0.0,495,1886347.0,frame_missing
1886347_4887_4896,,,,,,,,,,,,,,,,,,,,,,0.0036,0.0,0.0,496,1886347.0,frame_missing
1886347_4887_4896,,,,,,,,,,,,,,,,,,,,,,0.0036,0.0,0.0,497,1886347.0,frame_missing
1886347_4887_4896,1886347.0,4896.0,57138.0,57138.0,43829.0,Auckland FC,4177.0,38.683966963071406,76.20859072309368,38.683966963071406,8.329465769183521,0.0,3.0930244098616497,12.213863617019667,2.0,losing,chaotic,attacking,attacking,pass_interception,pass,0.0036,0.0,0.0,498,1886347.0,
1886347_4897_4919,1886347.0,4897.0,57174.0,57199.0,176224.0,Newcastle,1805.0,26.413869462840918,79.73200423920122,79.73200423920122,13.034818755932127,0.0,17.270147654261674,32.49091062178016,2.0,losing,medium_block,attacking,attacking,pass_interception,pass,0.0286,1.0,0.0,499,1886347.0,
1886347_4897_4919,,,,,,,,,,,,,,,,,,,,,,0.0286,1.0,0.0,500,1886347.0,frame_missing
1886347_4897_4919,,,,,,,,,,,,,,,,,,,,,,0.0286,1.0,0.0,501,1886347.0,frame_missing
1886347_4897_4919,,,,,,,,,,,,,,,,,,,,,,0.0286,1.0,0.0,502,1886347.0,frame_missing
1886347_4897_4919,,,,,,,,,,,,,,,,,,,,,,0.0286,1.0,0.0,503,1886347.0,frame_missing
1886347_4897_4919,,,,,,,,,,,,,,,,,,,,,,,,,504,,no_player_id
1899585_175_219,1899585.0,175.0,2262.0,2262.0,50951.0,Auckland FC,4177.0,31.50883368200099,93.32902335286703,31.50883368200099,7.4390590802869685,0.0,10.856560228728066,25.269880903373636,5.0,drawing,defending_set_play,defensive,defensive,recovery,pass,0.012,0.0,0.0,505,1899585.0,
1899585_175_219,,,,,,,,,,,,,,,,,,,,,,0.012,0.0,0.0,506,1899585.0,frame_missing
1899585_175_219,,,,,,,,,,,,,,,,,,,,,,0.012,0.0,0.0,507,1899585.0,frame_missing
1899585_175_219,,,,,,,,,,,,,,,,,,,,,,0.012,0.0,0.0,508,1899585.0,frame_missing
1899585_175_219,,,,,,,,,,,,,,,,,,,,,,0.012,0.0,0.0,509,1899585.0,frame_missing
1899585_175_219,,,,,,,,,,,,,,,,,,,,,,0.012,0.0,0.0,510,1899585.0,frame_missing
1899585_175_219,,,,,,,,,,,,,,,,,,,,,,0.012,0.0,0.0,511,1899585.0,frame_missing
1899585_175_219,,,,,,,,,,,,,,,,,,,,,,0.012,0.0,0.0,512,1899585.0,frame_missing
1899585_175_219,,,,,,,,,,,,,,,,,,,,,,0.012,0.0,0.0,513,1899585.0,frame_missing
1899585_175_219,,,,,,,,,,,,,,,,,,,,,,0.012,0.0,0.0,514,1899585.0,frame_missing
1899585_175_219,,,,,,,,,,,,,,,,,,,,,,0.012,0.0,0.0,515,1899585.0,frame_missing
1899585_175_219,,,,,,,,,,,,,,,,,,,,,,0.012,0.0,0.0,516,1899585.0,frame_missing
1899585_175_219,,,,,,,,,,,,,,,,,,,,,,0.012,0.0,0.0,517,1899585.0,frame_missing
1899585_175_219,,,,,,,,,,,,,,,,,,,,,,0.012,0.0,0.0,518,1899585.0,frame_missing
1899585_175_219,,,,,,,,,,,,,,,,,,,,,,0.012,0.0,0.0,519,1899585.0,frame_missing
1899585_175_219,,,,,,,,,,,,,,,,,,,,,,0.012,0.0,0.0,520,1899585.0,frame_missing
1899585_175_219,,,,,,,,,,,,,,,,,,,,,,,,,521,,no_player_id
1899585_175_219,,,,,,,,,,,,,,,,,,,,,,0.012,0.0,0.0,522,1899585.0,frame_missing
1899585_175_219,,,,,,,,,,,,,,,,,,,,,,0.012,0.0,0.0,523,1899585.0,frame_missing
1899585_175_219,,,,,,,,,,,,,,,,,,,,,,,,,524,,no_player_id
1899585_260_275,1899585.0,260.0,3211.0,3211.0,27003.0,Wellington P FC,867.0,50.39605143262714,71.33836275104721,50.39605143262714,2.080817147180404,1.0,6.668320628164186,20.74773793417046,1.0,drawing,chaotic,middle,middle,recovery,pass,0.0114,0.0,0.0,525,1899585.0,
1899585_260_275,,,,,,,,,,,,,,,,,,,,,,0.0114,0.0,0.0,526,1899585.0,frame_missing
1899585_260_275,,,,,,,,,,,,,,,,,,,,,,0.0114,0.0,0.0,527,1899585.0,frame_missing
1899585_260_275,,,,,,,,,,,,,,,,,,,,,,0.0114,0.0,0.0,528,1899585.0,frame_missing
1899585_260_275,,,,,,,,,,,,,,,,,,,,,,0.0114,0.0,0.0,529,1899585.0,frame_missing
1899585_260_275,1899585.0,275.0,3262.0,3262.0,4322.0,Auckland FC,4177.0,49.13553194990362,71.66519727175807,71.66519727175807,2.535271188650243,1.0,7.761320763890642,24.5423588858895,2.0,drawing,chaotic,middle,middle,recovery,pass,0.0114,0.0,0.0,530,1899585.0,
1899585_309_351,1899585.0,309.0,3547.0,3597.0,133501.0,Auckland FC,4177.0,48.18182229845608,56.932310685585215,56.932310685585215,10.993402566994442,0.0,13.85930012662977,29.10921200596705,3.0,drawing,low_block,middle,middle,pass_interception,pass,0.0389,1.0,2.0,531,1899585.0,
1899585_309_351,,,,,,,,,,,,,,,,,,,,,,0.0389,1.0,2.0,532,1899585.0,frame_missing
1899585_309_351,,,,,,,,,,,,,,,,,,,,,,0.0389,1.0,2.0,533,1899585.0,frame_missing
1899585_309_351,,,,,,,,,,,,,,,,,,,,,,0.0389,1.0,2.0,534,1899585.0,frame_missing
1899585_309_351,,,,,,,,,,,,,,,,,,,,,,,,,535,,no_player_id
1899585_309_351,,,,,,,,,,,,,,,,,,,,,,0.0389,1.0,2.0,536,1899585.0,frame_missing
1899585_309_351,,,,,,,,,,,,,,,,,,,,,,0.0389,1.0,2.0,537,1899585.0,frame_missing
1899585_309_351,,,,,,,,,,,,,,,,,,,,,,0.0389,1.0,2.0,538,1899585.0,frame_missing
1899585_309_351,,,,,,,,,,,,,,,,,,,,,,0.0389,1.0,2.0,539,1899585.0,frame_missing
1899585_309_351,,,,,,,,,,,,,,,,,,,,,,0.0389,1.0,2.0,540,1899585.0,frame_missing
1899585_309_351,,,,,,,,,,,,,,,,,,,,,,0.0389,1.0,2.0,541,1899585.0,frame_missing
1899585_309_351,,,,,,,,,,,,,,,,,,,,,,0.0389,1.0,2.0,542,1899585.0,frame_missing
1899585_309_351,,,,,,,,,,,,,,,,,,,,,,0.0389,1.0,2.0,543,1899585.0,frame_missing
1899585_309_351,,,,,,,,,,,,,,,,,,,,,,0.0389,1.0,2.0,544,1899585.0,frame_missing
1899585_309_351,,,,,,,,,,,,,,,,,,,,,,0.0389,1.0,2.0,545,1899585.0,frame_missing
1899585_309_351,,,,,,,,,,,,,,,,,,,,,,0.0389,1.0,2.0,546,1899585.0,frame_missing
1899585_309_351,,,,,,,,,,,,,,,,,,,,,,0.0389,1.0,2.0,547,1899585.0,frame_missing
1899585_309_351,,,,,,,,,,,,,,,,,,,,,,0.0389,1.0,2.0,548,1899585.0,frame_missing
1899585_358_382,1899585.0,358.0,3890.0,3922.0,51046.0,Wellington P FC,867.0,39.54458875750259,68.99256844037625,39.54458875750259,7.293072055039632,0.0,9.443558651271246,23.2140895555797,8.0,drawing,medium_block,middle,middle,recovery,pass,0.002,0.0,0.0,549,1899585.0,
1899585_358_382,,,,,,,,,,,,,,,,,,,,,,0.002,0.0,0.0,550,1899585.0,frame_missing
1899585_358_382,,,,,,,,,,,,,,,,,,,,,,0.002,0.0,0.0,551,1899585.0,frame_missing
1899585_358_382,,,,,,,,,,,,,,,,,,,,,,0.002,0.0,0.0,552,1899585.0,frame_missing
1899585_358_382,,,,,,,,,,,,,,,,,,,,,,0.002,0.0,0.0,553,1899585.0,frame_missing
1899585_358_382,,,,,,,,,,,,,,,,,,,,,,0.002,0.0,0.0,554,1899585.0,frame_missing
1899585_358_382,,,,,,,,,,,,,,,,,,,,,,0.002,0.0,0.0,555,1899585.0,frame_missing
1899585_358_382,,,,,,,,,,,,,,,,,,,,,,0.002,0.0,0.0,556,1899585.0,frame_missing
1899585_358_382,,,,,,,,,,,,,,,,,,,,,,0.002,0.0,0.0,557,1899585.0,frame_missing
1899585_358_382,,,,,,,,,,,,,,,,,,,,,,0.002,0.0,0.0,558,1899585.0,frame_missing
1899585_391_405,1899585.0,391.0,4158.0,4175.0,50951.0,Auckland FC,4177.0,52.62354035980476,55.93153850914527,55.93153850914527,7.997905975941452,0.0,6.217242153881413,25.126055325521303,7.0,drawing,medium_block,middle,middle,recovery,pass,0.0034,0.0,0.0,559,1899585.0,
1899585_391_405,,,,,,,,,,,,,,,,,,,,,,0.0034,0.0,0.0,560,1899585.0,frame_missing
1899585_391_405,,,,,,,,,,,,,,,,,,,,,,0.0034,0.0,0.0,561,1899585.0,frame_missing
1899585_391_405,,,,,,,,,,,,,,,,,,,,,,0.0034,0.0,0.0,562,1899585.0,frame_missing
1899585_391_405,,,,,,,,,,,,,,,,,,,,,,,,,563,,no_player_id
1899585_391_405,,,,,,,,,,,,,,,,,,,,,,0.0034,0.0,0.0,564,1899585.0,frame_missing
1899585_391_405,,,,,,,,,,,,,,,,,,,,,,0.0034,0.0,0.0,565,1899585.0,frame_missing
1899585_391_405,,,,,,,,,,,,,,,,,,,,,,,,,566,,no_player_id
1899585_900_928,1899585.0,900.0,9253.0,9265.0,133501.0,Auckland FC,4177.0,45.895647941825594,67.50637377314827,45.895647941825594,11.507258578827539,0.0,3.740922346160102,23.911541834914182,6.0,drawing,medium_block,middle,middle,pass_interception,pass,0.0426,1.0,0.0,567,1899585.0,
1899585_900_928,,,,,,,,,,,,,,,,,,,,,,0.0426,1.0,0.0,568,1899585.0,frame_missing
1899585_900_928,,,,,,,,,,,,,,,,,,,,,,0.0426,1.0,0.0,569,1899585.0,frame_missing
1899585_900_928,,,,,,,,,,,,,,,,,,,,,,0.0426,1.0,0.0,570,1899585.0,frame_missing
1899585_900_928,,,,,,,,,,,,,,,,,,,,,,0.0426,1.0,0.0,571,1899585.0,frame_missing
1899585_900_928,,,,,,,,,,,,,,,,,,,,,,,,,572,,no_player_id
1899585_900_928,,,,,,,,,,,,,,,,,,,,,,0.0426,1.0,0.0,573,1899585.0,frame_missing
1899585_900_928,,,,,,,,,,,,,,,,,,,,,,0.0426,1.0,0.0,574,1899585.0,frame_missing
1899585_900_928,,,,,,,,,,,,,,,,,,,,,,0.0426,1.0,0.0,575,1899585.0,frame_missing
1899585_900_928,,,,,,,,,,,,,,,,,,,,,,0.0426,1.0,0.0,576,1899585.0,frame_missing
1899585_900_928,,,,,,,,,,,,,,,,,,,,,,0.0426,1.0,0.0,577,1899585.0,frame_missing
1899585_900_928,,,,,,,,,,,,,,,,,,,,,,0.0426,1.0,0.0,578,1899585.0,frame_missing
1899585_900_928,,,,,,,,,,,,,,,,,,,,,,0.0426,1.0,0.0,579,1899585.0,frame_missing
1899585_1007_1010,1899585.0,1007.0,10757.0,10757.0,285188.0,Auckland FC,4177.0,4.530176596999283,102.31335445580895,102.31335445580895,18.161673931661696,0.0,11.74492230710787,45.00493560152617,0.0,drawing,chaotic,attacking,attacking,recovery,pass,0.0006,0.0,0.0,580,1899585.0,
1899585_1007_1010,,,,,,,,,,,,,,,,,,,,,,0.0006,0.0,0.0,581,1899585.0,frame_missing
1899585_1014_1035,1899585.0,1014.0,10797.0,10797.0,51046.0,Wellington P FC,867.0,40.72385050556983,64.28243928165763,40.72385050556983,6.997006502783887,0.0,11.325246134190639,23.53978608625916,7.0,drawing,low_block,middle,middle,pass_interception,pass,0.0026,0.0,0.0,582,1899585.0,
1899585_1014_1035,,,,,,,,,,,,,,,,,,,,,,0.0026,0.0,0.0,583,1899585.0,frame_missing
1899585_1014_1035,,,,,,,,,,,,,,,,,,,,,,0.0026,0.0,0.0,584,1899585.0,frame_missing
1899585_1014_1035,,,,,,,,,,,,,,,,,,,,,,0.0026,0.0,0.0,585,1899585.0,frame_missing
1899585_1014_1035,,,,,,,,,,,,,,,,,,,,,,0.0026,0.0,0.0,586,1899585.0,frame_missing
1899585_1014_1035,,,,,,,,,,,,,,,,,,,,,,0.0026,0.0,0.0,587,1899585.0,frame_missing
1899585_1014_1035,,,,,,,,,,,,,,,,,,,,,,0.0026,0.0,0.0,588,1899585.0,frame_missing
1899585_1014_1035,,,,,,,,,,,,,,,,,,,,,,0.0026,0.0,0.0,589,1899585.0,frame_missing
1899585_1014_1035,,,,,,,,,,,,,,,,,,,,,,0.0026,0.0,0.0,590,1899585.0,frame_missing
1899585_1038_1094,1899585.0,1038.0,10935.0,10955.0,14736.0,Auckland FC,4177.0,47.300884769737664,61.33493050456648,61.33493050456648,0.0,1.0,9.036332220541693,24.702414161506592,3.0,drawing,medium_block,middle,middle,pass_interception,pass,0.0152,0.0,0.0,591,1899585.0,
1899585_1038_1094,,,,,,,,,,,,,,,,,,,,,,0.0152,0.0,0.0,592,1899585.0,frame_missing
1899585_1038_1094,,,,,,,,,,,,,,,,,,,,,,0.0152,0.0,0.0,593,1899585.0,frame_missing
1899585_1038_1094,,,,,,,,,,,,,,,,,,,,,,0.0152,0.0,0.0,594,1899585.0,frame_missing
1899585_1038_1094,,,,,,,,,,,,,,,,,,,,,,0.0152,0.0,0.0,595,1899585.0,frame_missing
1899585_1038_1094,,,,,,,,,,,,,,,,,,,,,,0.0152,0.0,0.0,596,1899585.0,frame_missing
1899585_1038_1094,,,,,,,,,,,,,,,,,,,,,,0.0152,0.0,0.0,597,1899585.0,frame_missing
1899585_1038_1094,,,,,,,,,,,,,,,,,,,,,,0.0152,0.0,0.0,598,1899585.0,frame_missing
1899585_1038_1094,,,,,,,,,,,,,,,,,,,,,,0.0152,0.0,0.0,599,1899585.0,frame_missing
1899585_1038_1094,,,,,,,,,,,,,,,,,,,,,,0.0152,0.0,0.0,600,1899585.0,frame_missing
1899585_1038_1094,,,,,,,,,,,,,,,,,,,,,,0.0152,0.0,0.0,601,1899585.0,frame_missing
1899585_1038_1094,,,,,,,,,,,,,,,,,,,,,,0.0152,0.0,0.0,602,1899585.0,frame_missing
1899585_1038_1094,,,,,,,,,,,,,,,,,,,,,,0.0152,0.0,0.0,603,1899585.0,frame_missing
1899585_1038_1094,,,,,,,,,,,,,,,,,,,,,,0.0152,0.0,0.0,604,1899585.0,frame_missing
1899585_1038_1094,,,,,,,,,,,,,,,,,,,,,,0.0152,0.0,0.0,605,1899585.0,frame_missing
1899585_1038_1094,,,,,,,,,,,,,,,,,,,,,,0.0152,0.0,0.0,606,1899585.0,frame_missing
1899585_1038_1094,,,,,,,,,,,,,,,,,,,,,,0.0152,0.0,0.0,607,1899585.0,frame_missing
1899585_1038_1094,,,,,,,,,,,,,,,,,,,,,,0.0152,0.0,0.0,608,1899585.0,frame_missing
1899585_1038_1094,,,,,,,,,,,,,,,,,,,,,,0.0152,0.0,0.0,609,1899585.0,frame_missing
1899585_1038_1094,,,,,,,,,,,,,,,,,,,,,,0.0152,0.0,0.0,610,1899585.0,frame_missing
1899585_1099_1117,1899585.0,1099.0,11269.0,11297.0,50951.0,Auckland FC,4177.0,47.38338210807667,57.732009318921165,47.38338210807667,3.5092591810808154,1.0,2.100404722904612,18.907546534372994,4.0,drawing,medium_block,middle,middle,recovery,pass,0.0534,1.0,0.0,611,1899585.0,
1899585_1099_1117,,,,,,,,,,,,,,,,,,,,,,0.0534,1.0,0.0,612,1899585.0,frame_missing
1899585_1099_1117,,,,,,,,,,,,,,,,,,,,,,0.0534,1.0,0.0,613,1899585.0,frame_missing
1899585_1099_1117,,,,,,,,,,,,,,,,,,,,,,0.0534,1.0,0.0,614,1899585.0,frame_missing
1899585_1099_1117,,,,,,,,,,,,,,,,,,,,,,0.0534,1.0,0.0,615,1899585.0,frame_missing
1899585_1099_1117,,,,,,,,,,,,,,,,,,,,,,0.0534,1.0,0.0,616,1899585.0,frame_missing
1899585_1099_1117,,,,,,,,,,,,,,,,,,,,,,0.0534,1.0,0.0,617,1899585.0,frame_missing
1899585_1099_1122,1899585.0,1099.0,11269.0,11297.0,50951.0,Auckland FC,4177.0,47.38338210807667,57.732009318921165,47.38338210807667,3.5092591810808154,1.0,2.100404722904612,18.907546534372994,4.0,drawing,medium_block,middle,middle,recovery,pass,0.0534,1.0,0.0,618,1899585.0,
1899585_1099_1122,,,,,,,,,,,,,,,,,,,,,,0.0534,1.0,0.0,619,1899585.0,frame_missing
1899585_1099_1122,,,,,,,,,,,,,,,,,,,,,,0.0534,1.0,0.0,620,1899585.0,frame_missing
1899585_1099_1122,,,,,,,,,,,,,,,,,,,,,,0.0534,1.0,0.0,621,1899585.0,frame_missing
1899585_1099_1122,,,,,,,,,,,,,,,,,,,,,,0.0534,1.0,0.0,622,1899585.0,frame_missing
1899585_1099_1122,,,,,,,,,,,,,,,,,,,,,,0.0534,1.0,0.0,623,1899585.0,frame_missing
1899585_1099_1122,,,,,,,,,,,,,,,,,,,,,,0.0534,1.0,0.0,624,1899585.0,frame_missing
1899585_1099_1122,,,,,,,,,,,,,,,,,,,,,,0.0534,1.0,0.0,625,1899585.0,frame_missing
1899585_1099_1122,1899585.0,1122.0,11412.0,11412.0,51015.0,Wellington P FC,867.0,13.039789108724115,94.7493329791825,94.7493329791825,2.700074073057995,2.0,5.20854106252413,19.648460873657303,9.0,drawing,medium_block,defensive,defensive,recovery,pass,0.0534,1.0,0.0,626,1899585.0,
1899585_1099_1124,1899585.0,1099.0,11269.0,11297.0,50951.0,Auckland FC,4177.0,47.38338210807667,57.732009318921165,47.38338210807667,3.5092591810808154,1.0,2.100404722904612,18.907546534372994,4.0,drawing,medium_block,middle,middle,recovery,pass,0.0534,1.0,0.0,627,1899585.0,
1899585_1099_1124,,,,,,,,,,,,,,,,,,,,,,0.0534,1.0,0.0,628,1899585.0,frame_missing
1899585_1099_1124,,,,,,,,,,,,,,,,,,,,,,0.0534,1.0,0.0,629,1899585.0,frame_missing
1899585_1099_1124,,,,,,,,,,,,,,,,,,,,,,0.0534,1.0,0.0,630,1899585.0,frame_missing
1899585_1099_1124,,,,,,,,,,,,,,,,,,,,,,0.0534,1.0,0.0,631,1899585.0,frame_missing
1899585_1099_1124,,,,,,,,,,,,,,,,,,,,,,0.0534,1.0,0.0,632,1899585.0,frame_missing
1899585_1099_1124,,,,,,,,,,,,,,,,,,,,,,0.0534,1.0,0.0,633,1899585.0,frame_missing
1899585_1099_1124,,,,,,,,,,,,,,,,,,,,,,0.0534,1.0,0.0,634,1899585.0,frame_missing
1899585_1099_1124,1899585.0,1122.0,11412.0,11412.0,51015.0,Wellington P FC,867.0,13.039789108724115,94.7493329791825,94.7493329791825,2.700074073057995,2.0,5.20854106252413,19.648460873657303,9.0,drawing,medium_block,defensive,defensive,recovery,pass,0.0534,1.0,0.0,635,1899585.0,
1899585_1099_1124,,,,,,,,,,,,,,,,,,,,,,0.0534,1.0,0.0,636,1899585.0,frame_missing
1899585_1099_1124,,,,,,,,,,,,,,,,,,,,,,,,,637,,no_player_id
1899585_1237_1253,1899585.0,1237.0,14161.0,14228.0,51046.0,Wellington P FC,867.0,56.315690531147716,57.91508439085624,56.315690531147716,7.468788389022681,0.0,11.420214533886833,19.405663341864866,7.0,drawing,defending_quick_break,middle,middle,pass_interception,pass,0.0868,1.0,1.0,638,1899585.0,
1899585_1237_1253,,,,,,,,,,,,,,,,,,,,,,0.0868,1.0,1.0,639,1899585.0,frame_missing
1899585_1237_1253,,,,,,,,,,,,,,,,,,,,,,0.0868,1.0,1.0,640,1899585.0,frame_missing
1899585_1237_1253,,,,,,,,,,,,,,,,,,,,,,0.0868,1.0,1.0,641,1899585.0,frame_missing
1899585_1237_1253,,,,,,,,,,,,,,,,,,,,,,0.0868,1.0,1.0,642,1899585.0,frame_missing
1899585_1237_1253,,,,,,,,,,,,,,,,,,,,,,0.0868,1.0,1.0,643,1899585.0,frame_missing
1899585_1237_1253,,,,,,,,,,,,,,,,,,,,,,0.0868,1.0,1.0,644,1899585.0,frame_missing
1899585_1258_1282,1899585.0,1258.0,14304.0,14310.0,51028.0,Wellington P FC,867.0,43.49971264272903,74.5716098793636,43.49971264272903,0.0,1.0,13.675807105980986,26.677803296795368,7.0,drawing,chaotic,middle,middle,pass_interception,pass,0.0285,1.0,0.0,645,1899585.0,
1899585_1258_1282,,,,,,,,,,,,,,,,,,,,,,0.0285,1.0,0.0,646,1899585.0,frame_missing
1899585_1258_1282,,,,,,,,,,,,,,,,,,,,,,0.0285,1.0,0.0,647,1899585.0,frame_missing
1899585_1258_1282,,,,,,,,,,,,,,,,,,,,,,0.0285,1.0,0.0,648,1899585.0,frame_missing
1899585_1258_1282,,,,,,,,,,,,,,,,,,,,,,0.0285,1.0,0.0,649,1899585.0,frame_missing
1899585_1258_1282,,,,,,,,,,,,,,,,,,,,,,0.0285,1.0,0.0,650,1899585.0,frame_missing
1899585_1258_1282,,,,,,,,,,,,,,,,,,,,,,0.0285,1.0,0.0,651,1899585.0,frame_missing
1899585_1258_1282,,,,,,,,,,,,,,,,,,,,,,0.0285,1.0,0.0,652,1899585.0,frame_missing
1899585_1258_1282,,,,,,,,,,,,,,,,,,,,,,0.0285,1.0,0.0,653,1899585.0,frame_missing
1899585_1258_1282,,,,,,,,,,,,,,,,,,,,,,0.0285,1.0,0.0,654,1899585.0,frame_missing
1899585_1258_1282,,,,,,,,,,,,,,,,,,,,,,,,,655,,no_player_id
1899585_1258_1282,,,,,,,,,,,,,,,,,,,,,,0.0285,1.0,0.0,656,1899585.0,frame_missing
1899585_1258_1282,,,,,,,,,,,,,,,,,,,,,,0.0285,1.0,0.0,657,1899585.0,frame_missing
1899585_1258_1282,,,,,,,,,,,,,,,,,,,,,,0.0285,1.0,0.0,658,1899585.0,frame_missing
1899585_1258_1292,1899585.0,1258.0,14304.0,14310.0,51028.0,Wellington P FC,867.0,43.49971264272903,74.5716098793636,43.49971264272903,0.0,1.0,13.675807105980986,26.677803296795368,7.0,drawing,chaotic,middle,middle,pass_interception,pass,0.0285,1.0,0.0,659,1899585.0,
1899585_1258_1292,,,,,,,,,,,,,,,,,,,,,,0.0285,1.0,0.0,660,1899585.0,frame_missing
1899585_1258_1292,,,,,,,,,,,,,,,,,,,,,,0.0285,1.0,0.0,661,1899585.0,frame_missing
1899585_1258_1292,,,,,,,,,,,,,,,,,,,,,,0.0285,1.0,0.0,662,1899585.0,frame_missing
1899585_1258_1292,,,,,,,,,,,,,,,,,,,,,,0.0285,1.0,0.0,663,1899585.0,frame_missing
1899585_1258_1292,,,,,,,,,,,,,,,,,,,,,,0.0285,1.0,0.0,664,1899585.0,frame_missing
1899585_1258_1292,,,,,,,,,,,,,,,,,,,,,,0.0285,1.0,0.0,665,1899585.0,frame_missing
1899585_1258_1292,,,,,,,,,,,,,,,,,,,,,,0.0285,1.0,0.0,666,1899585.0,frame_missing
1899585_1258_1292,,,,,,,,,,,,,,,,,,,,,,0.0285,1.0,0.0,667,1899585.0,frame_missing
1899585_1258_1292,,,,,,,,,,,,,,,,,,,,,,0.0285,1.0,0.0,668,1899585.0,frame_missing
1899585_1258_1292,,,,,,,,,,,,,,,,,,,,,,,,,669,,no_player_id
1899585_1258_1292,,,,,,,,,,,,,,,,,,,,,,0.0285,1.0,0.0,670,1899585.0,frame_missing
1899585_1258_1292,,,,,,,,,,,,,,,,,,,,,,0.0285,1.0,0.0,671,1899585.0,frame_missing
1899585_1258_1292,,,,,,,,,,,,,,,,,,,,,,0.0285,1.0,0.0,672,1899585.0,frame_missing
1899585_1258_1292,,,,,,,,,,,,,,,,,,,,,,0.0285,1.0,0.0,673,1899585.0,frame_missing
1899585_1258_1292,1899585.0,1292.0,14707.0,14718.0,38673.0,Auckland FC,4177.0,46.40974251167528,61.93516125756031,61.93516125756031,2.919794513317676,1.0,4.995137635741381,22.57859892392185,8.0,drawing,chaotic,middle,middle,pass_interception,pass,0.0285,1.0,0.0,674,1899585.0,
1899585_1372_1414,1899585.0,1372.0,17041.0,17055.0,51028.0,Wellington P FC,867.0,36.95214472801274,68.84882715050416,68.84882715050416,0.0,1.0,13.956597006433912,22.696666331569066,9.0,drawing,medium_block,middle,middle,recovery,pass,0.1207,1.0,0.0,675,1899585.0,
1899585_1372_1414,,,,,,,,,,,,,,,,,,,,,,0.1207,1.0,0.0,676,1899585.0,frame_missing
1899585_1372_1414,,,,,,,,,,,,,,,,,,,,,,0.1207,1.0,0.0,677,1899585.0,frame_missing
1899585_1372_1414,,,,,,,,,,,,,,,,,,,,,,,,,678,,no_player_id
1899585_1372_1414,,,,,,,,,,,,,,,,,,,,,,0.1207,1.0,0.0,679,1899585.0,frame_missing
1899585_1372_1414,,,,,,,,,,,,,,,,,,,,,,0.1207,1.0,0.0,680,1899585.0,frame_missing
1899585_1372_1414,,,,,,,,,,,,,,,,,,,,,,0.1207,1.0,0.0,681,1899585.0,frame_missing
1899585_1372_1414,,,,,,,,,,,,,,,,,,,,,,0.1207,1.0,0.0,682,1899585.0,frame_missing
1899585_1372_1414,,,,,,,,,,,,,,,,,,,,,,0.1207,1.0,0.0,683,1899585.0,frame_missing
1899585_1372_1414,,,,,,,,,,,,,,,,,,,,,,0.1207,1.0,0.0,684,1899585.0,frame_missing
1899585_1372_1414,,,,,,,,,,,,,,,,,,,,,,0.1207,1.0,0.0,685,1899585.0,frame_missing
1899585_1372_1414,,,,,,,,,,,,,,,,,,,,,,0.1207,1.0,0.0,686,1899585.0,frame_missing
1899585_1372_1414,,,,,,,,,,,,,,,,,,,,,,0.1207,1.0,0.0,687,1899585.0,frame_missing
1899585_1372_1414,,,,,,,,,,,,,,,,,,,,,,0.1207,1.0,0.0,688,1899585.0,frame_missing
1899585_1372_1414,,,,,,,,,,,,,,,,,,,,,,0.1207,1.0,0.0,689,1899585.0,frame_missing
1899585_1372_1414,,,,,,,,,,,,,,,,,,,,,,0.1207,1.0,0.0,690,1899585.0,frame_missing
1899585_1418_1462,1899585.0,1418.0,17894.0,17908.0,51667.0,Auckland FC,4177.0,37.184878647106,67.8536307061015,67.8536307061015,0.0,1.0,9.607351351959602,29.010049458257836,1.0,drawing,medium_block,middle,middle,pass_interception,pass,0.4653,1.0,0.0,691,1899585.0,
1899585_1418_1462,,,,,,,,,,,,,,,,,,,,,,0.4653,1.0,0.0,692,1899585.0,frame_missing
1899585_1418_1462,,,,,,,,,,,,,,,,,,,,,,0.4653,1.0,0.0,693,1899585.0,frame_missing
1899585_1418_1462,,,,,,,,,,,,,,,,,,,,,,0.4653,1.0,0.0,694,1899585.0,frame_missing
1899585_1418_1462,,,,,,,,,,,,,,,,,,,,,,0.4653,1.0,0.0,695,1899585.0,frame_missing
1899585_1418_1462,,,,,,,,,,,,,,,,,,,,,,0.4653,1.0,0.0,696,1899585.0,frame_missing
1899585_1418_1462,,,,,,,,,,,,,,,,,,,,,,0.4653,1.0,0.0,697,1899585.0,frame_missing
1899585_1418_1462,,,,,,,,,,,,,,,,,,,,,,0.4653,1.0,0.0,698,1899585.0,frame_missing
1899585_1418_1462,,,,,,,,,,,,,,,,,,,,,,0.4653,1.0,0.0,699,1899585.0,frame_missing
1899585_1418_1462,,,,,,,,,,,,,,,,,,,,,,0.4653,1.0,0.0,700,1899585.0,frame_missing
1899585_1418_1462,,,,,,,,,,,,,,,,,,,,,,0.4653,1.0,0.0,701,1899585.0,frame_missing
1899585_1418_1462,,,,,,,,,,,,,,,,,,,,,,0.4653,1.0,0.0,702,1899585.0,frame_missing
1899585_1418_1462,,,,,,,,,,,,,,,,,,,,,,0.4653,1.0,0.0,703,1899585.0,frame_missing
1899585_1418_1462,,,,,,,,,,,,,,,,,,,,,,0.4653,1.0,0.0,704,1899585.0,frame_missing
1899585_1418_1462,,,,,,,,,,,,,,,,,,,,,,0.4653,1.0,0.0,705,1899585.0,frame_missing
1899585_1481_1517,1899585.0,1481.0,19018.0,19026.0,38673.0,Auckland FC,4177.0,39.57655998188827,72.45484179818489,39.57655998188827,9.421517924411118,0.0,13.52887652393945,27.18853725724931,7.0,winning,chaotic,defensive,defensive,pass_interception,pass,0.0162,0.0,0.0,706,1899585.0,
1899585_1481_1517,,,,,,,,,,,,,,,,,,,,,,0.0162,0.0,0.0,707,1899585.0,frame_missing
1899585_1481_1517,,,,,,,,,,,,,,,,,,,,,,0.0162,0.0,0.0,708,1899585.0,frame_missing
1899585_1481_1517,,,,,,,,,,,,,,,,,,,,,,0.0162,0.0,0.0,709,1899585.0,frame_missing
1899585_1481_1517,,,,,,,,,,,,,,,,,,,,,,,,,710,,no_player_id
1899585_1481_1517,,,,,,,,,,,,,,,,,,,,,,0.0162,0.0,0.0,711,1899585.0,frame_missing
1899585_1481_1517,,,,,,,,,,,,,,,,,,,,,,0.0162,0.0,0.0,712,1899585.0,frame_missing
1899585_1481_1517,,,,,,,,,,,,,,,,,,,,,,0.0162,0.0,0.0,713,1899585.0,frame_missing
1899585_1481_1517,,,,,,,,,,,,,,,,,,,,,,0.0162,0.0,0.0,714,1899585.0,frame_missing
1899585_1481_1517,,,,,,,,,,,,,,,,,,,,,,0.0162,0.0,0.0,715,1899585.0,frame_missing
1899585_1481_1517,,,,,,,,,,,,,,,,,,,,,,0.0162,0.0,0.0,716,1899585.0,frame_missing
1899585_1481_1517,,,,,,,,,,,,,,,,,,,,,,0.0162,0.0,0.0,717,1899585.0,frame_missing
1899585_1628_1645,1899585.0,1628.0,20480.0,20521.0,965685.0,Auckland FC,4177.0,46.694197712349656,67.5407143876936,46.694197712349656,4.968883174315935,1.0,10.729585266915027,30.185006994026228,3.0,winning,medium_block,middle,middle,pass_interception,pass,0.0017,0.0,0.0,718,1899585.0,
1899585_1628_1645,,,,,,,,,,,,,,,,,,,,,,,,,719,,no_player_id
1899585_1628_1645,,,,,,,,,,,,,,,,,,,,,,0.0017,0.0,0.0,720,1899585.0,frame_missing
1899585_1628_1645,,,,,,,,,,,,,,,,,,,,,,0.0017,0.0,0.0,721,1899585.0,frame_missing
1899585_1628_1645,1899585.0,1645.0,20580.0,20580.0,51017.0,Wellington P FC,867.0,54.90453624246361,60.95824882655341,60.95824882655341,6.379067329947223,0.0,9.043898495670991,19.873957398238357,2.0,winning,medium_block,middle,middle,recovery,pass,0.0017,0.0,0.0,722,1899585.0,
1899585_1678_1697,1899585.0,1678.0,20719.0,20749.0,4322.0,Auckland FC,4177.0,34.66942456978482,71.33771092486779,34.66942456978482,9.816363888935658,0.0,11.1893252700956,23.823627876068056,2.0,winning,medium_block,defensive,defensive,pass_interception,pass,0.0089,0.0,0.0,723,1899585.0,
1899585_1678_1697,,,,,,,,,,,,,,,,,,,,,,0.0089,0.0,0.0,724,1899585.0,frame_missing
1899585_1678_1697,,,,,,,,,,,,,,,,,,,,,,0.0089,0.0,0.0,725,1899585.0,frame_missing
1899585_1678_1697,,,,,,,,,,,,,,,,,,,,,,0.0089,0.0,0.0,726,1899585.0,frame_missing
1899585_1678_1697,,,,,,,,,,,,,,,,,,,,,,0.0089,0.0,0.0,727,1899585.0,frame_missing
1899585_1678_1697,,,,,,,,,,,,,,,,,,,,,,0.0089,0.0,0.0,728,1899585.0,frame_missing
1899585_1924_1956,1899585.0,1924.0,22790.0,22790.0,51667.0,Auckland FC,4177.0,31.86992469398069,73.230404204811,73.230404204811,0.0,3.0,7.2227487842233575,20.230475316933877,2.0,winning,medium_block,attacking,attacking,recovery,pass,0.0061,0.0,0.0,729,1899585.0,
1899585_1924_1956,,,,,,,,,,,,,,,,,,,,,,0.0061,0.0,0.0,730,1899585.0,frame_missing
1899585_1924_1956,,,,,,,,,,,,,,,,,,,,,,0.0061,0.0,0.0,731,1899585.0,frame_missing
1899585_1924_1956,,,,,,,,,,,,,,,,,,,,,,0.0061,0.0,0.0,732,1899585.0,frame_missing
1899585_1924_1956,,,,,,,,,,,,,,,,,,,,,,0.0061,0.0,0.0,733,1899585.0,frame_missing
1899585_1924_1956,,,,,,,,,,,,,,,,,,,,,,0.0061,0.0,0.0,734,1899585.0,frame_missing
1899585_1924_1956,,,,,,,,,,,,,,,,,,,,,,0.0061,0.0,0.0,735,1899585.0,frame_missing
1899585_1924_1956,,,,,,,,,,,,,,,,,,,,,,0.0061,0.0,0.0,736,1899585.0,frame_missing
1899585_1924_1956,,,,,,,,,,,,,,,,,,,,,,0.0061,0.0,0.0,737,1899585.0,frame_missing
1899585_1924_1956,,,,,,,,,,,,,,,,,,,,,,0.0061,0.0,0.0,738,1899585.0,frame_missing
1899585_1924_1956,,,,,,,,,,,,,,,,,,,,,,0.0061,0.0,0.0,739,1899585.0,frame_missing
1899585_1924_1956,,,,,,,,,,,,,,,,,,,,,,0.0061,0.0,0.0,740,1899585.0,frame_missing
1899585_1924_1956,,,,,,,,,,,,,,,,,,,,,,0.0061,0.0,0.0,741,1899585.0,frame_missing
1899585_1924_1956,1899585.0,1956.0,22923.0,22943.0,23909.0,Wellington P FC,867.0,47.15082714014676,64.7209432873162,64.7209432873162,14.311271781361713,0.0,8.495298699869242,19.80855426345766,5.0,winning,medium_block,middle,middle,pass_interception,pass,0.0061,0.0,0.0,742,1899585.0,
1899585_1981_1994,,,,,,,,,,,,,,,,,,,,,,,,,743,,no_player_id
1899585_1981_1994,,,,,,,,,,,,,,,,,,,,,,0.0314,1.0,0.0,744,1899585.0,frame_missing
1899585_1981_1994,,,,,,,,,,,,,,,,,,,,,,0.0314,1.0,0.0,745,1899585.0,frame_missing
1899585_1981_1994,,,,,,,,,,,,,,,,,,,,,,0.0314,1.0,0.0,746,1899585.0,frame_missing
1899585_1981_1994,,,,,,,,,,,,,,,,,,,,,,0.0314,1.0,0.0,747,1899585.0,frame_missing
1899585_1981_1994,,,,,,,,,,,,,,,,,,,,,,0.0314,1.0,0.0,748,1899585.0,frame_missing
1899585_1981_1994,,,,,,,,,,,,,,,,,,,,,,0.0314,1.0,0.0,749,1899585.0,frame_missing
1899585_1981_1994,,,,,,,,,,,,,,,,,,,,,,,,,750,,no_player_id
1899585_2194_2247,1899585.0,2194.0,26489.0,26489.0,23909.0,Wellington P FC,867.0,21.490735213109858,88.3727995482773,88.3727995482773,5.672257046361707,0.0,5.423817843548953,11.591454535247006,3.0,losing,disruption,defensive,defensive,recovery,pass,0.0124,0.0,0.0,751,1899585.0,
1899585_2194_2247,,,,,,,,,,,,,,,,,,,,,,0.0124,0.0,0.0,752,1899585.0,frame_missing
1899585_2194_2247,,,,,,,,,,,,,,,,,,,,,,0.0124,0.0,0.0,753,1899585.0,frame_missing
1899585_2194_2247,,,,,,,,,,,,,,,,,,,,,,0.0124,0.0,0.0,754,1899585.0,frame_missing
1899585_2194_2247,,,,,,,,,,,,,,,,,,,,,,0.0124,0.0,0.0,755,1899585.0,frame_missing
1899585_2194_2247,1899585.0,2202.0,26518.0,26518.0,133498.0,Auckland FC,4177.0,36.39989697787619,81.70527828726857,36.39989697787619,0.0,1.0,6.279761141954364,21.85673381161695,2.0,losing,disruption,defensive,defensive,pass_interception,pass,0.0124,0.0,0.0,756,1899585.0,
1899585_2194_2247,,,,,,,,,,,,,,,,,,,,,,0.0124,0.0,0.0,757,1899585.0,frame_missing
1899585_2194_2247,,,,,,,,,,,,,,,,,,,,,,0.0124,0.0,0.0,758,1899585.0,frame_missing
1899585_2194_2247,,,,,,,,,,,,,,,,,,,,,,0.0124,0.0,0.0,759,1899585.0,frame_missing
1899585_2194_2247,,,,,,,,,,,,,,,,,,,,,,0.0124,0.0,0.0,760,1899585.0,frame_missing
1899585_2194_2247,,,,,,,,,,,,,,,,,,,,,,0.0124,0.0,0.0,761,1899585.0,frame_missing
1899585_2194_2247,,,,,,,,,,,,,,,,,,,,,,0.0124,0.0,0.0,762,1899585.0,frame_missing
1899585_2194_2247,,,,,,,,,,,,,,,,,,,,,,0.0124,0.0,0.0,763,1899585.0,frame_missing
1899585_2194_2247,,,,,,,,,,,,,,,,,,,,,,0.0124,0.0,0.0,764,1899585.0,frame_missing
1899585_2194_2247,,,,,,,,,,,,,,,,,,,,,,0.0124,0.0,0.0,765,1899585.0,frame_missing
1899585_2194_2247,,,,,,,,,,,,,,,,,,,,,,0.0124,0.0,0.0,766,1899585.0,frame_missing
1899585_2194_2247,,,,,,,,,,,,,,,,,,,,,,0.0124,0.0,0.0,767,1899585.0,frame_missing
1899585_2194_2247,,,,,,,,,,,,,,,,,,,,,,0.0124,0.0,0.0,768,1899585.0,frame_missing
1899585_2194_2247,,,,,,,,,,,,,,,,,,,,,,0.0124,0.0,0.0,769,1899585.0,frame_missing
1899585_2194_2247,,,,,,,,,,,,,,,,,,,,,,0.0124,0.0,0.0,770,1899585.0,frame_missing
1899585_2194_2247,,,,,,,,,,,,,,,,,,,,,,0.0124,0.0,0.0,771,1899585.0,frame_missing
1899585_2194_2247,,,,,,,,,,,,,,,,,,,,,,0.0124,0.0,0.0,772,1899585.0,frame_missing
1899585_2194_2247,,,,,,,,,,,,,,,,,,,,,,0.0124,0.0,0.0,773,1899585.0,frame_missing
1899585_2194_2247,,,,,,,,,,,,,,,,,,,,,,0.0124,0.0,0.0,774,1899585.0,frame_missing
1899585_2202_2247,1899585.0,2202.0,26518.0,26518.0,133498.0,Auckland FC,4177.0,36.39989697787619,81.70527828726857,36.39989697787619,0.0,1.0,6.279761141954364,21.85673381161695,2.0,winning,low_block,defensive,defensive,pass_interception,pass,0.0124,0.0,0.0,775,1899585.0,
1899585_2202_2247,,,,,,,,,,,,,,,,,,,,,,0.0124,0.0,0.0,776,1899585.0,frame_missing
1899585_2202_2247,,,,,,,,,,,,,,,,,,,,,,0.0124,0.0,0.0,777,1899585.0,frame_missing
1899585_2202_2247,,,,,,,,,,,,,,,,,,,,,,0.0124,0.0,0.0,778,1899585.0,frame_missing
1899585_2202_2247,,,,,,,,,,,,,,,,,,,,,,0.0124,0.0,0.0,779,1899585.0,frame_missing
1899585_2202_2247,,,,,,,,,,,,,,,,,,,,,,0.0124,0.0,0.0,780,1899585.0,frame_missing
1899585_2202_2247,,,,,,,,,,,,,,,,,,,,,,0.0124,0.0,0.0,781,1899585.0,frame_missing
1899585_2202_2247,,,,,,,,,,,,,,,,,,,,,,0.0124,0.0,0.0,782,1899585.0,frame_missing
1899585_2202_2247,,,,,,,,,,,,,,,,,,,,,,0.0124,0.0,0.0,783,1899585.0,frame_missing
1899585_2202_2247,,,,,,,,,,,,,,,,,,,,,,0.0124,0.0,0.0,784,1899585.0,frame_missing
1899585_2202_2247,,,,,,,,,,,,,,,,,,,,,,0.0124,0.0,0.0,785,1899585.0,frame_missing
1899585_2202_2247,,,,,,,,,,,,,,,,,,,,,,0.0124,0.0,0.0,786,1899585.0,frame_missing
1899585_2202_2247,,,,,,,,,,,,,,,,,,,,,,0.0124,0.0,0.0,787,1899585.0,frame_missing
1899585_2202_2247,,,,,,,,,,,,,,,,,,,,,,0.0124,0.0,0.0,788,1899585.0,frame_missing
1899585_2202_2247,,,,,,,,,,,,,,,,,,,,,,0.0124,0.0,0.0,789,1899585.0,frame_missing
1899585_2202_2247,,,,,,,,,,,,,,,,,,,,,,0.0124,0.0,0.0,790,1899585.0,frame_missing
1899585_2202_2247,,,,,,,,,,,,,,,,,,,,,,0.0124,0.0,0.0,791,1899585.0,frame_missing
1899585_2202_2247,,,,,,,,,,,,,,,,,,,,,,0.0124,0.0,0.0,792,1899585.0,frame_missing
1899585_2202_2247,,,,,,,,,,,,,,,,,,,,,,0.0124,0.0,0.0,793,1899585.0,frame_missing
1899585_2422_2470,1899585.0,2422.0,29872.0,29872.0,38673.0,Auckland FC,4177.0,27.504188771894363,80.55731127588606,27.504188771894363,3.149920633920796,2.0,6.222901252631283,20.38659175833251,4.0,winning,low_block,attacking,attacking,recovery,pass,0.0151,0.0,0.0,794,1899585.0,
1899585_2422_2470,,,,,,,,,,,,,,,,,,,,,,0.0151,0.0,0.0,795,1899585.0,frame_missing
1899585_2422_2470,,,,,,,,,,,,,,,,,,,,,,0.0151,0.0,0.0,796,1899585.0,frame_missing
1899585_2422_2470,,,,,,,,,,,,,,,,,,,,,,0.0151,0.0,0.0,797,1899585.0,frame_missing
1899585_2422_2470,,,,,,,,,,,,,,,,,,,,,,0.0151,0.0,0.0,798,1899585.0,frame_missing
1899585_2422_2470,,,,,,,,,,,,,,,,,,,,,,0.0151,0.0,0.0,799,1899585.0,frame_missing
1899585_2422_2470,,,,,,,,,,,,,,,,,,,,,,0.0151,0.0,0.0,800,1899585.0,frame_missing
1899585_2422_2470,,,,,,,,,,,,,,,,,,,,,,0.0151,0.0,0.0,801,1899585.0,frame_missing
1899585_2422_2470,,,,,,,,,,,,,,,,,,,,,,0.0151,0.0,0.0,802,1899585.0,frame_missing
1899585_2422_2470,,,,,,,,,,,,,,,,,,,,,,0.0151,0.0,0.0,803,1899585.0,frame_missing
1899585_2422_2470,,,,,,,,,,,,,,,,,,,,,,0.0151,0.0,0.0,804,1899585.0,frame_missing
1899585_2422_2470,,,,,,,,,,,,,,,,,,,,,,0.0151,0.0,0.0,805,1899585.0,frame_missing
1899585_2422_2470,,,,,,,,,,,,,,,,,,,,,,0.0151,0.0,0.0,806,1899585.0,frame_missing
1899585_2422_2470,,,,,,,,,,,,,,,,,,,,,,0.0151,0.0,0.0,807,1899585.0,frame_missing
1899585_2422_2470,,,,,,,,,,,,,,,,,,,,,,0.0151,0.0,0.0,808,1899585.0,frame_missing
1899585_2422_2470,,,,,,,,,,,,,,,,,,,,,,0.0151,0.0,0.0,809,1899585.0,frame_missing
1899585_2422_2470,,,,,,,,,,,,,,,,,,,,,,0.0151,0.0,0.0,810,1899585.0,frame_missing
1899585_2422_2470,,,,,,,,,,,,,,,,,,,,,,0.0151,0.0,0.0,811,1899585.0,frame_missing
1899585_2422_2470,,,,,,,,,,,,,,,,,,,,,,0.0151,0.0,0.0,812,1899585.0,frame_missing
1899585_2422_2470,,,,,,,,,,,,,,,,,,,,,,0.0151,0.0,0.0,813,1899585.0,frame_missing
1899585_2495_2536,1899585.0,2495.0,30240.0,30240.0,51667.0,Auckland FC,4177.0,40.50140861747897,68.00341241437816,68.00341241437816,0.0,1.0,10.53394987647084,32.16858122785187,10.0,winning,medium_block,middle,middle,pass_interception,pass,0.0115,0.0,0.0,814,1899585.0,
1899585_2495_2536,,,,,,,,,,,,,,,,,,,,,,0.0115,0.0,0.0,815,1899585.0,frame_missing
1899585_2495_2536,,,,,,,,,,,,,,,,,,,,,,0.0115,0.0,0.0,816,1899585.0,frame_missing
1899585_2495_2536,,,,,,,,,,,,,,,,,,,,,,0.0115,0.0,0.0,817,1899585.0,frame_missing
1899585_2495_2536,,,,,,,,,,,,,,,,,,,,,,0.0115,0.0,0.0,818,1899585.0,frame_missing
1899585_2495_2536,,,,,,,,,,,,,,,,,,,,,,0.0115,0.0,0.0,819,1899585.0,frame_missing
1899585_2495_2536,,,,,,,,,,,,,,,,,,,,,,0.0115,0.0,0.0,820,1899585.0,frame_missing
1899585_2495_2536,,,,,,,,,,,,,,,,,,,,,,0.0115,0.0,0.0,821,1899585.0,frame_missing
1899585_2495_2536,,,,,,,,,,,,,,,,,,,,,,0.0115,0.0,0.0,822,1899585.0,frame_missing
1899585_2495_2536,,,,,,,,,,,,,,,,,,,,,,0.0115,0.0,0.0,823,1899585.0,frame_missing
1899585_2495_2536,,,,,,,,,,,,,,,,,,,,,,0.0115,0.0,0.0,824,1899585.0,frame_missing
1899585_2495_2536,,,,,,,,,,,,,,,,,,,,,,0.0115,0.0,0.0,825,1899585.0,frame_missing
1899585_2495_2536,,,,,,,,,,,,,,,,,,,,,,0.0115,0.0,0.0,826,1899585.0,frame_missing
1899585_2495_2536,,,,,,,,,,,,,,,,,,,,,,0.0115,0.0,0.0,827,1899585.0,frame_missing
1899585_2495_2536,,,,,,,,,,,,,,,,,,,,,,0.0115,0.0,0.0,828,1899585.0,frame_missing
1899585_2495_2536,,,,,,,,,,,,,,,,,,,,,,0.0115,0.0,0.0,829,1899585.0,frame_missing
1899585_2495_2536,,,,,,,,,,,,,,,,,,,,,,0.0115,0.0,0.0,830,1899585.0,frame_missing
1899585_2495_2536,,,,,,,,,,,,,,,,,,,,,,0.0115,0.0,0.0,831,1899585.0,frame_missing
1899585_2600_2642,1899585.0,2600.0,31228.0,31245.0,51017.0,Wellington P FC,867.0,43.10718037635957,61.955863322207044,43.10718037635957,3.8896015220071067,1.0,8.33347466546818,17.452460021732023,4.0,losing,defending_transition,middle,middle,recovery,pass,0.1118,1.0,0.0,832,1899585.0,
1899585_2600_2642,,,,,,,,,,,,,,,,,,,,,,0.1118,1.0,0.0,833,1899585.0,frame_missing
1899585_2600_2642,,,,,,,,,,,,,,,,,,,,,,0.1118,1.0,0.0,834,1899585.0,frame_missing
1899585_2600_2642,,,,,,,,,,,,,,,,,,,,,,0.1118,1.0,0.0,835,1899585.0,frame_missing
1899585_2600_2642,,,,,,,,,,,,,,,,,,,,,,0.1118,1.0,0.0,836,1899585.0,frame_missing
1899585_2600_2642,,,,,,,,,,,,,,,,,,,,,,0.1118,1.0,0.0,837,1899585.0,frame_missing
1899585_2600_2642,,,,,,,,,,,,,,,,,,,,,,0.1118,1.0,0.0,838,1899585.0,frame_missing
1899585_2600_2642,,,,,,,,,,,,,,,,,,,,,,,,,839,,no_player_id
1899585_2600_2642,,,,,,,,,,,,,,,,,,,,,,0.1118,1.0,0.0,840,1899585.0,frame_missing
1899585_2600_2642,,,,,,,,,,,,,,,,,,,,,,0.1118,1.0,0.0,841,1899585.0,frame_missing
1899585_2600_2642,,,,,,,,,,,,,,,,,,,,,,0.1118,1.0,0.0,842,1899585.0,frame_missing
1899585_2600_2642,,,,,,,,,,,,,,,,,,,,,,0.1118,1.0,0.0,843,1899585.0,frame_missing
1899585_2600_2642,,,,,,,,,,,,,,,,,,,,,,0.1118,1.0,0.0,844,1899585.0,frame_missing
1899585_2600_2642,,,,,,,,,,,,,,,,,,,,,,0.1118,1.0,0.0,845,1899585.0,frame_missing
1899585_2600_2642,,,,,,,,,,,,,,,,,,,,,,0.1118,1.0,0.0,846,1899585.0,frame_missing
1899585_2600_2642,,,,,,,,,,,,,,,,,,,,,,0.1118,1.0,0.0,847,1899585.0,frame_missing
1899585_2600_2642,,,,,,,,,,,,,,,,,,,,,,0.1118,1.0,0.0,848,1899585.0,frame_missing
1899585_2647_2666,1899585.0,2647.0,31728.0,31737.0,23418.0,Auckland FC,4177.0,26.8955405225476,80.95041754061558,80.95041754061558,5.999483311086046,0.0,8.737322244257678,22.928068846190868,8.0,winning,high_block,defensive,defensive,pass_interception,pass,0.0006,0.0,0.0,849,1899585.0,
1899585_2647_2666,,,,,,,,,,,,,,,,,,,,,,0.0006,0.0,0.0,850,1899585.0,frame_missing
1899585_2647_2666,,,,,,,,,,,,,,,,,,,,,,0.0006,0.0,0.0,851,1899585.0,frame_missing
1899585_2647_2666,,,,,,,,,,,,,,,,,,,,,,0.0006,0.0,0.0,852,1899585.0,frame_missing
1899585_2647_2666,,,,,,,,,,,,,,,,,,,,,,0.0006,0.0,0.0,853,1899585.0,frame_missing
1899585_2647_2666,,,,,,,,,,,,,,,,,,,,,,0.0006,0.0,0.0,854,1899585.0,frame_missing
1899585_2647_2666,,,,,,,,,,,,,,,,,,,,,,,,,855,,no_player_id
1899585_2647_2666,,,,,,,,,,,,,,,,,,,,,,0.0006,0.0,0.0,856,1899585.0,frame_missing
1899585_2647_2666,,,,,,,,,,,,,,,,,,,,,,0.0006,0.0,0.0,857,1899585.0,frame_missing
1899585_2647_2666,,,,,,,,,,,,,,,,,,,,,,0.0006,0.0,0.0,858,1899585.0,frame_missing
1899585_2745_2771,1899585.0,2745.0,32574.0,32614.0,50951.0,Auckland FC,4177.0,32.8491171875288,78.91935440688805,32.8491171875288,9.177739373070036,0.0,4.606788469204984,28.96309725769225,1.0,winning,medium_block,attacking,attacking,recovery,pass,0.0355,1.0,0.0,859,1899585.0,
1899585_2745_2771,,,,,,,,,,,,,,,,,,,,,,0.0355,1.0,0.0,860,1899585.0,frame_missing
1899585_2745_2771,,,,,,,,,,,,,,,,,,,,,,0.0355,1.0,0.0,861,1899585.0,frame_missing
1899585_2745_2771,,,,,,,,,,,,,,,,,,,,,,0.0355,1.0,0.0,862,1899585.0,frame_missing
1899585_2745_2771,,,,,,,,,,,,,,,,,,,,,,0.0355,1.0,0.0,863,1899585.0,frame_missing
1899585_2745_2771,,,,,,,,,,,,,,,,,,,,,,0.0355,1.0,0.0,864,1899585.0,frame_missing
1899585_2745_2771,,,,,,,,,,,,,,,,,,,,,,,,,865,,no_player_id
1899585_2800_2814,1899585.0,2800.0,34024.0,34052.0,133501.0,Auckland FC,4177.0,23.861234251396134,83.05876534117276,23.861234251396134,3.841106611381673,1.0,7.596801958719209,19.800000955665165,7.0,winning,low_block,attacking,attacking,recovery,pass,0.1304,1.0,1.0,866,1899585.0,
1899585_2800_2814,,,,,,,,,,,,,,,,,,,,,,0.1304,1.0,1.0,867,1899585.0,frame_missing
1899585_2800_2814,,,,,,,,,,,,,,,,,,,,,,0.1304,1.0,1.0,868,1899585.0,frame_missing
1899585_2800_2814,,,,,,,,,,,,,,,,,,,,,,0.1304,1.0,1.0,869,1899585.0,frame_missing
1899585_2800_2814,1899585.0,2814.0,34124.0,34147.0,26969.0,Wellington P FC,867.0,37.728839102204034,75.38080193258759,75.38080193258759,7.1975690340558725,0.0,3.3687534786623985,21.442128574886915,4.0,winning,low_block,attacking,attacking,recovery,pass,0.1304,1.0,1.0,870,1899585.0,
1899585_2828_2854,1899585.0,2828.0,35185.0,35185.0,133498.0,Auckland FC,4177.0,9.379680165122899,95.7077760686142,9.379680165122899,0.0,3.0,3.5554184001323947,17.32429183847324,3.0,winning,defending_set_play,attacking,attacking,recovery,pass,0.0304,1.0,0.0,871,1899585.0,
1899585_2828_2854,,,,,,,,,,,,,,,,,,,,,,,,,872,,no_player_id
1899585_2828_2854,,,,,,,,,,,,,,,,,,,,,,0.0304,1.0,0.0,873,1899585.0,frame_missing
1899585_2828_2854,1899585.0,2839.0,35219.0,35219.0,23909.0,Wellington P FC,867.0,26.170810075349216,83.85172210515417,83.85172210515417,7.372408019093896,0.0,8.184552522893355,15.390430864724319,7.0,winning,defending_set_play,attacking,attacking,pass_interception,pass,0.0304,1.0,0.0,874,1899585.0,
1899585_2828_2854,,,,,,,,,,,,,,,,,,,,,,0.0304,1.0,0.0,875,1899585.0,frame_missing
1899585_2828_2854,1899585.0,2842.0,35234.0,35234.0,50951.0,Auckland FC,4177.0,28.305146175209906,88.07032019925896,28.305146175209906,4.926103937190117,1.0,5.441654160271488,22.08725805147911,6.0,winning,defending_set_play,attacking,attacking,pass_interception,pass,0.0304,1.0,0.0,876,1899585.0,
1899585_2828_2854,,,,,,,,,,,,,,,,,,,,,,0.0304,1.0,0.0,877,1899585.0,frame_missing
1899585_2828_2854,,,,,,,,,,,,,,,,,,,,,,0.0304,1.0,0.0,878,1899585.0,frame_missing
1899585_2828_2854,,,,,,,,,,,,,,,,,,,,,,0.0304,1.0,0.0,879,1899585.0,frame_missing
1899585_2828_2854,,,,,,,,,,,,,,,,,,,,,,0.0304,1.0,0.0,880,1899585.0,frame_missing
1899585_2828_2854,,,,,,,,,,,,,,,,,,,,,,0.0304,1.0,0.0,881,1899585.0,frame_missing
1899585_2828_2854,,,,,,,,,,,,,,,,,,,,,,,,,882,,no_player_id
1899585_2842_2854,1899585.0,2842.0,35234.0,35234.0,50951.0,Auckland FC,4177.0,28.305146175209906,88.07032019925896,28.305146175209906,4.926103937190117,1.0,5.441654160271488,22.08725805147911,6.0,winning,defending_set_play,attacking,attacking,pass_interception,pass,0.0058,0.0,0.0,883,1899585.0,
1899585_2842_2854,,,,,,,,,,,,,,,,,,,,,,0.0058,0.0,0.0,884,1899585.0,frame_missing
1899585_2842_2854,,,,,,,,,,,,,,,,,,,,,,0.0058,0.0,0.0,885,1899585.0,frame_missing
1899585_2842_2854,,,,,,,,,,,,,,,,,,,,,,0.0058,0.0,0.0,886,1899585.0,frame_missing
1899585_2842_2854,,,,,,,,,,,,,,,,,,,,,,0.0058,0.0,0.0,887,1899585.0,frame_missing
1899585_2842_2854,,,,,,,,,,,,,,,,,,,,,,0.0058,0.0,0.0,888,1899585.0,frame_missing
1899585_2842_2854,,,,,,,,,,,,,,,,,,,,,,,,,889,,no_player_id
1899585_2928_2972,1899585.0,2928.0,36803.0,36803.0,133495.0,Auckland FC,4177.0,43.965228306014744,66.22492959603657,66.22492959603657,0.0,1.0,13.361919772248296,31.083299605867555,9.0,winning,defending_transition,middle,middle,pass_interception,pass,0.0299,1.0,0.0,890,1899585.0,
1899585_2928_2972,,,,,,,,,,,,,,,,,,,,,,0.0299,1.0,0.0,891,1899585.0,frame_missing
1899585_2928_2972,,,,,,,,,,,,,,,,,,,,,,0.0299,1.0,0.0,892,1899585.0,frame_missing
1899585_2928_2972,,,,,,,,,,,,,,,,,,,,,,0.0299,1.0,0.0,893,1899585.0,frame_missing
1899585_2928_2972,,,,,,,,,,,,,,,,,,,,,,0.0299,1.0,0.0,894,1899585.0,frame_missing
1899585_2928_2972,,,,,,,,,,,,,,,,,,,,,,0.0299,1.0,0.0,895,1899585.0,frame_missing
1899585_2928_2972,,,,,,,,,,,,,,,,,,,,,,0.0299,1.0,0.0,896,1899585.0,frame_missing
1899585_2928_2972,,,,,,,,,,,,,,,,,,,,,,0.0299,1.0,0.0,897,1899585.0,frame_missing
1899585_2928_2972,,,,,,,,,,,,,,,,,,,,,,0.0299,1.0,0.0,898,1899585.0,frame_missing
1899585_2928_2972,,,,,,,,,,,,,,,,,,,,,,0.0299,1.0,0.0,899,1899585.0,frame_missing
1899585_2928_2972,,,,,,,,,,,,,,,,,,,,,,0.0299,1.0,0.0,900,1899585.0,frame_missing
1899585_2928_2972,,,,,,,,,,,,,,,,,,,,,,0.0299,1.0,0.0,901,1899585.0,frame_missing
1899585_2928_2972,,,,,,,,,,,,,,,,,,,,,,0.0299,1.0,0.0,902,1899585.0,frame_missing
1899585_2928_2972,,,,,,,,,,,,,,,,,,,,,,0.0299,1.0,0.0,903,1899585.0,frame_missing
1899585_2928_2972,,,,,,,,,,,,,,,,,,,,,,0.0299,1.0,0.0,904,1899585.0,frame_missing
1899585_2928_2972,,,,,,,,,,,,,,,,,,,,,,0.0299,1.0,0.0,905,1899585.0,frame_missing
1899585_2928_2972,,,,,,,,,,,,,,,,,,,,,,0.0299,1.0,0.0,906,1899585.0,frame_missing
1899585_3020_3044,1899585.0,3020.0,38060.0,38060.0,133498.0,Auckland FC,4177.0,42.975929309323845,70.10727850943866,70.10727850943866,0.0,1.0,9.548324460343816,25.323293970039014,8.0,winning,medium_block,middle,middle,recovery,pass,0.0212,1.0,0.0,907,1899585.0,
1899585_3020_3044,,,,,,,,,,,,,,,,,,,,,,0.0212,1.0,0.0,908,1899585.0,frame_missing
1899585_3020_3044,,,,,,,,,,,,,,,,,,,,,,0.0212,1.0,0.0,909,1899585.0,frame_missing
1899585_3020_3044,,,,,,,,,,,,,,,,,,,,,,0.0212,1.0,0.0,910,1899585.0,frame_missing
1899585_3020_3044,,,,,,,,,,,,,,,,,,,,,,0.0212,1.0,0.0,911,1899585.0,frame_missing
1899585_3020_3044,,,,,,,,,,,,,,,,,,,,,,0.0212,1.0,0.0,912,1899585.0,frame_missing
1899585_3020_3044,,,,,,,,,,,,,,,,,,,,,,0.0212,1.0,0.0,913,1899585.0,frame_missing
1899585_3020_3044,1899585.0,3039.0,38157.0,38172.0,799092.0,Wellington P FC,867.0,31.903794445175325,80.34147185607195,80.34147185607195,0.0,2.0,6.251799740874625,24.61401411166876,1.0,winning,medium_block,attacking,attacking,pass_interception,pass,0.0212,1.0,0.0,914,1899585.0,
1899585_3020_3044,,,,,,,,,,,,,,,,,,,,,,0.0212,1.0,0.0,915,1899585.0,frame_missing
1899585_3020_3044,,,,,,,,,,,,,,,,,,,,,,0.0212,1.0,0.0,916,1899585.0,frame_missing
1899585_3039_3047,1899585.0,3039.0,38157.0,38172.0,799092.0,Wellington P FC,867.0,31.903794445175325,80.34147185607195,80.34147185607195,0.0,2.0,6.251799740874625,24.61401411166876,1.0,losing,high_block,attacking,attacking,pass_interception,pass,0.0002,0.0,0.0,917,1899585.0,
1899585_3039_3047,,,,,,,,,,,,,,,,,,,,,,0.0002,0.0,0.0,918,1899585.0,frame_missing
1899585_3039_3047,,,,,,,,,,,,,,,,,,,,,,0.0002,0.0,0.0,919,1899585.0,frame_missing
1899585_3039_3047,,,,,,,,,,,,,,,,,,,,,,,,,920,,no_player_id
1899585_3117_3139,1899585.0,3117.0,39165.0,39177.0,51015.0,Wellington P FC,867.0,33.79925590896936,72.96224845767844,72.96224845767844,8.582633628438302,0.0,2.1026174164597795,16.856480370892502,1.0,losing,medium_block,attacking,attacking,recovery,pass,0.0446,1.0,0.0,921,1899585.0,
1899585_3117_3139,,,,,,,,,,,,,,,,,,,,,,0.0446,1.0,0.0,922,1899585.0,frame_missing
1899585_3117_3139,,,,,,,,,,,,,,,,,,,,,,0.0446,1.0,0.0,923,1899585.0,frame_missing
1899585_3117_3139,,,,,,,,,,,,,,,,,,,,,,0.0446,1.0,0.0,924,1899585.0,frame_missing
1899585_3117_3139,,,,,,,,,,,,,,,,,,,,,,0.0446,1.0,0.0,925,1899585.0,frame_missing
1899585_3117_3139,,,,,,,,,,,,,,,,,,,,,,0.0446,1.0,0.0,926,1899585.0,frame_missing
1899585_3117_3139,,,,,,,,,,,,,,,,,,,,,,0.0446,1.0,0.0,927,1899585.0,frame_missing
1899585_3117_3139,,,,,,,,,,,,,,,,,,,,,,0.0446,1.0,0.0,928,1899585.0,frame_missing
1899585_3117_3139,,,,,,,,,,,,,,,,,,,,,,0.0446,1.0,0.0,929,1899585.0,frame_missing
1899585_3117_3139,,,,,,,,,,,,,,,,,,,,,,0.0446,1.0,0.0,930,1899585.0,frame_missing
1899585_3273_3276,1899585.0,3273.0,41027.0,41027.0,33697.0,Auckland FC,4177.0,22.929047080068546,87.1214164255839,87.1214164255839,10.39831717154271,0.0,10.734616900476698,29.080216530496376,10.0,winning,chaotic,defensive,defensive,pass_interception,pass,0.0029,0.0,0.0,931,1899585.0,
1899585_3273_3276,,,,,,,,,,,,,,,,,,,,,,0.0029,0.0,0.0,932,1899585.0,frame_missing
1899585_3273_3276,,,,,,,,,,,,,,,,,,,,,,0.0029,0.0,0.0,933,1899585.0,frame_missing
1899585_3273_3276,,,,,,,,,,,,,,,,,,,,,,0.0029,0.0,0.0,934,1899585.0,frame_missing
1899585_3327_3355,1899585.0,3327.0,41569.0,41569.0,23418.0,Auckland FC,4177.0,46.29218508560597,58.872458756196,46.29218508560597,4.8314076623692195,1.0,5.026420197317371,22.347528440865684,8.0,winning,medium_block,middle,middle,pass_interception,pass,0.0408,1.0,0.0,935,1899585.0,
1899585_3327_3355,,,,,,,,,,,,,,,,,,,,,,0.0408,1.0,0.0,936,1899585.0,frame_missing
1899585_3327_3355,,,,,,,,,,,,,,,,,,,,,,0.0408,1.0,0.0,937,1899585.0,frame_missing
1899585_3327_3355,,,,,,,,,,,,,,,,,,,,,,0.0408,1.0,0.0,938,1899585.0,frame_missing
1899585_3327_3355,,,,,,,,,,,,,,,,,,,,,,0.0408,1.0,0.0,939,1899585.0,frame_missing
1899585_3327_3355,,,,,,,,,,,,,,,,,,,,,,0.0408,1.0,0.0,940,1899585.0,frame_missing
1899585_3327_3355,,,,,,,,,,,,,,,,,,,,,,,,,941,,no_player_id
1899585_3327_3355,,,,,,,,,,,,,,,,,,,,,,0.0408,1.0,0.0,942,1899585.0,frame_missing
1899585_3327_3355,,,,,,,,,,,,,,,,,,,,,,0.0408,1.0,0.0,943,1899585.0,frame_missing
1899585_3327_3355,,,,,,,,,,,,,,,,,,,,,,0.0408,1.0,0.0,944,1899585.0,frame_missing
1899585_3327_3355,,,,,,,,,,,,,,,,,,,,,,0.0408,1.0,0.0,945,1899585.0,frame_missing
1899585_3362_3366,1899585.0,3362.0,41697.0,41705.0,965684.0,Auckland FC,4177.0,46.21210663884519,68.50809295258482,68.50809295258482,11.682469773125888,0.0,8.785556328429065,28.07205359512218,6.0,winning,high_block,middle,middle,recovery,pass,0.001,0.0,0.0,946,1899585.0,
1899585_3362_3366,,,,,,,,,,,,,,,,,,,,,,0.001,0.0,0.0,947,1899585.0,frame_missing
1899585_3362_3366,,,,,,,,,,,,,,,,,,,,,,,,,948,,no_player_id
1899585_3423_3449,1899585.0,3423.0,42794.0,42804.0,26969.0,Wellington P FC,867.0,48.41025717758583,60.395802834302984,60.395802834302984,14.862684818026652,0.0,11.23110413093922,20.912997052113145,5.0,losing,medium_block,middle,middle,pass_interception,pass,0.0043,0.0,0.0,949,1899585.0,
1899585_3423_3449,,,,,,,,,,,,,,,,,,,,,,0.0043,0.0,0.0,950,1899585.0,frame_missing
1899585_3423_3449,,,,,,,,,,,,,,,,,,,,,,0.0043,0.0,0.0,951,1899585.0,frame_missing
1899585_3423_3449,,,,,,,,,,,,,,,,,,,,,,0.0043,0.0,0.0,952,1899585.0,frame_missing
1899585_3423_3449,,,,,,,,,,,,,,,,,,,,,,0.0043,0.0,0.0,953,1899585.0,frame_missing
1899585_3423_3449,,,,,,,,,,,,,,,,,,,,,,0.0043,0.0,0.0,954,1899585.0,frame_missing
1899585_3423_3449,,,,,,,,,,,,,,,,,,,,,,0.0043,0.0,0.0,955,1899585.0,frame_missing
1899585_3423_3449,,,,,,,,,,,,,,,,,,,,,,0.0043,0.0,0.0,956,1899585.0,frame_missing
1899585_3423_3449,,,,,,,,,,,,,,,,,,,,,,0.0043,0.0,0.0,957,1899585.0,frame_missing
1899585_3423_3449,,,,,,,,,,,,,,,,,,,,,,0.0043,0.0,0.0,958,1899585.0,frame_missing
1899585_3423_3449,,,,,,,,,,,,,,,,,,,,,,,,,959,,no_player_id
1899585_3456_3485,1899585.0,3456.0,42986.0,42998.0,38673.0,Auckland FC,4177.0,34.4225580106999,80.32255287277664,80.32255287277664,6.342278770284385,0.0,9.315846714067382,26.512673645867537,2.0,winning,defending_transition,defensive,defensive,recovery,pass,0.0438,1.0,0.0,960,1899585.0,
1899585_3456_3485,,,,,,,,,,,,,,,,,,,,,,0.0438,1.0,0.0,961,1899585.0,frame_missing
1899585_3456_3485,,,,,,,,,,,,,,,,,,,,,,0.0438,1.0,0.0,962,1899585.0,frame_missing
1899585_3456_3485,,,,,,,,,,,,,,,,,,,,,,0.0438,1.0,0.0,963,1899585.0,frame_missing
1899585_3456_3485,,,,,,,,,,,,,,,,,,,,,,0.0438,1.0,0.0,964,1899585.0,frame_missing
1899585_3456_3485,,,,,,,,,,,,,,,,,,,,,,0.0438,1.0,0.0,965,1899585.0,frame_missing
1899585_3456_3485,,,,,,,,,,,,,,,,,,,,,,,,,966,,no_player_id
1899585_3456_3485,,,,,,,,,,,,,,,,,,,,,,0.0438,1.0,0.0,967,1899585.0,frame_missing
1899585_3456_3485,,,,,,,,,,,,,,,,,,,,,,0.0438,1.0,0.0,968,1899585.0,frame_missing
1899585_3456_3485,,,,,,,,,,,,,,,,,,,,,,,,,969,,no_player_id
1899585_3456_3485,,,,,,,,,,,,,,,,,,,,,,0.0438,1.0,0.0,970,1899585.0,frame_missing
1899585_3456_3485,,,,,,,,,,,,,,,,,,,,,,0.0438,1.0,0.0,971,1899585.0,frame_missing
1899585_3456_3485,,,,,,,,,,,,,,,,,,,,,,0.0438,1.0,0.0,972,1899585.0,frame_missing
1899585_3456_3490,1899585.0,3456.0,42986.0,42998.0,38673.0,Auckland FC,4177.0,34.4225580106999,80.32255287277664,80.32255287277664,6.342278770284385,0.0,9.315846714067382,26.512673645867537,2.0,winning,defending_transition,defensive,defensive,recovery,pass,0.0438,1.0,0.0,973,1899585.0,
1899585_3456_3490,,,,,,,,,,,,,,,,,,,,,,0.0438,1.0,0.0,974,1899585.0,frame_missing
1899585_3456_3490,,,,,,,,,,,,,,,,,,,,,,0.0438,1.0,0.0,975,1899585.0,frame_missing
1899585_3456_3490,,,,,,,,,,,,,,,,,,,,,,0.0438,1.0,0.0,976,1899585.0,frame_missing
1899585_3456_3490,,,,,,,,,,,,,,,,,,,,,,0.0438,1.0,0.0,977,1899585.0,frame_missing
1899585_3456_3490,,,,,,,,,,,,,,,,,,,,,,0.0438,1.0,0.0,978,1899585.0,frame_missing
1899585_3456_3490,,,,,,,,,,,,,,,,,,,,,,,,,979,,no_player_id
1899585_3456_3490,,,,,,,,,,,,,,,,,,,,,,0.0438,1.0,0.0,980,1899585.0,frame_missing
1899585_3456_3490,,,,,,,,,,,,,,,,,,,,,,0.0438,1.0,0.0,981,1899585.0,frame_missing
1899585_3456_3490,,,,,,,,,,,,,,,,,,,,,,,,,982,,no_player_id
1899585_3456_3490,,,,,,,,,,,,,,,,,,,,,,0.0438,1.0,0.0,983,1899585.0,frame_missing
1899585_3456_3490,,,,,,,,,,,,,,,,,,,,,,0.0438,1.0,0.0,984,1899585.0,frame_missing
1899585_3456_3490,,,,,,,,,,,,,,,,,,,,,,0.0438,1.0,0.0,985,1899585.0,frame_missing
1899585_3456_3490,,,,,,,,,,,,,,,,,,,,,,0.0438,1.0,0.0,986,1899585.0,frame_missing
1899585_3456_3490,,,,,,,,,,,,,,,,,,,,,,0.0438,1.0,0.0,987,1899585.0,frame_missing
1899585_3456_3490,,,,,,,,,,,,,,,,,,,,,,,,,988,,no_player_id
1899585_3456_3503,1899585.0,3456.0,42986.0,42998.0,38673.0,Auckland FC,4177.0,34.4225580106999,80.32255287277664,80.32255287277664,6.342278770284385,0.0,9.315846714067382,26.512673645867537,2.0,winning,defending_transition,defensive,defensive,recovery,pass,0.0438,1.0,0.0,989,1899585.0,
1899585_3456_3503,,,,,,,,,,,,,,,,,,,,,,0.0438,1.0,0.0,990,1899585.0,frame_missing
1899585_3456_3503,,,,,,,,,,,,,,,,,,,,,,0.0438,1.0,0.0,991,1899585.0,frame_missing
1899585_3456_3503,,,,,,,,,,,,,,,,,,,,,,0.0438,1.0,0.0,992,1899585.0,frame_missing
1899585_3456_3503,,,,,,,,,,,,,,,,,,,,,,0.0438,1.0,0.0,993,1899585.0,frame_missing
1899585_3456_3503,,,,,,,,,,,,,,,,,,,,,,0.0438,1.0,0.0,994,1899585.0,frame_missing
1899585_3456_3503,,,,,,,,,,,,,,,,,,,,,,,,,995,,no_player_id
1899585_3456_3503,,,,,,,,,,,,,,,,,,,,,,0.0438,1.0,0.0,996,1899585.0,frame_missing
1899585_3456_3503,,,,,,,,,,,,,,,,,,,,,,0.0438,1.0,0.0,997,1899585.0,frame_missing
1899585_3456_3503,,,,,,,,,,,,,,,,,,,,,,,,,998,,no_player_id
1899585_3456_3503,,,,,,,,,,,,,,,,,,,,,,0.0438,1.0,0.0,999,1899585.0,frame_missing
1899585_3456_3503,,,,,,,,,,,,,,,,,,,,,,0.0438,1.0,0.0,1000,1899585.0,frame_missing
1899585_3456_3503,,,,,,,,,,,,,,,,,,,,,,0.0438,1.0,0.0,1001,1899585.0,frame_missing
1899585_3456_3503,,,,,,,,,,,,,,,,,,,,,,0.0438,1.0,0.0,1002,1899585.0,frame_missing
1899585_3456_3503,,,,,,,,,,,,,,,,,,,,,,0.0438,1.0,0.0,1003,1899585.0,frame_missing
1899585_3456_3503,,,,,,,,,,,,,,,,,,,,,,,,,1004,,no_player_id
1899585_3456_3503,1899585.0,3491.0,43284.0,43323.0,43829.0,Auckland FC,4177.0,34.9953282596406,94.91771699740781,34.9953282596406,0.0,1.0,7.291042449471819,31.496331896384245,7.0,winning,defending_transition,attacking,attacking,pass_interception,pass,0.0438,1.0,0.0,1005,1899585.0,
1899585_3456_3503,,,,,,,,,,,,,,,,,,,,,,0.0438,1.0,0.0,1006,1899585.0,frame_missing
1899585_3456_3503,,,,,,,,,,,,,,,,,,,,,,0.0438,1.0,0.0,1007,1899585.0,frame_missing
1899585_3456_3503,,,,,,,,,,,,,,,,,,,,,,0.0438,1.0,0.0,1008,1899585.0,frame_missing
1899585_3456_3503,,,,,,,,,,,,,,,,,,,,,,,,,1009,,no_player_id
1899585_3491_3517,1899585.0,3491.0,43284.0,43323.0,43829.0,Auckland FC,4177.0,34.9953282596406,94.91771699740781,34.9953282596406,0.0,1.0,7.291042449471819,31.496331896384245,7.0,winning,low_block,attacking,attacking,pass_interception,pass,0.0042,0.0,0.0,1010,1899585.0,
1899585_3491_3517,,,,,,,,,,,,,,,,,,,,,,0.0042,0.0,0.0,1011,1899585.0,frame_missing
1899585_3491_3517,,,,,,,,,,,,,,,,,,,,,,0.0042,0.0,0.0,1012,1899585.0,frame_missing
1899585_3491_3517,,,,,,,,,,,,,,,,,,,,,,0.0042,0.0,0.0,1013,1899585.0,frame_missing
1899585_3491_3517,,,,,,,,,,,,,,,,,,,,,,,,,1014,,no_player_id
1899585_3491_3517,,,,,,,,,,,,,,,,,,,,,,0.0042,0.0,0.0,1015,1899585.0,frame_missing
1899585_3491_3517,,,,,,,,,,,,,,,,,,,,,,0.0042,0.0,0.0,1016,1899585.0,frame_missing
1899585_3491_3517,,,,,,,,,,,,,,,,,,,,,,0.0042,0.0,0.0,1017,1899585.0,frame_missing
1899585_3491_3517,,,,,,,,,,,,,,,,,,,,,,0.0042,0.0,0.0,1018,1899585.0,frame_missing
1899585_3491_3517,,,,,,,,,,,,,,,,,,,,,,,,,1019,,no_player_id
1899585_3491_3517,,,,,,,,,,,,,,,,,,,,,,0.0042,0.0,0.0,1020,1899585.0,frame_missing
1899585_3491_3517,,,,,,,,,,,,,,,,,,,,,,0.0042,0.0,0.0,1021,1899585.0,frame_missing
1899585_3525_3532,1899585.0,3525.0,43471.0,43476.0,4322.0,Auckland FC,4177.0,55.34581917362864,62.408009902575806,55.34581917362864,5.192937511659466,0.0,5.6195551425357495,26.20839749799883,7.0,winning,chaotic,middle,middle,recovery,pass,0.0021,0.0,0.0,1022,1899585.0,
1899585_3525_3532,,,,,,,,,,,,,,,,,,,,,,,,,1023,,no_player_id
1899585_3525_3532,,,,,,,,,,,,,,,,,,,,,,0.0021,0.0,0.0,1024,1899585.0,frame_missing
1899585_3525_3532,,,,,,,,,,,,,,,,,,,,,,,,,1025,,no_player_id
1899585_3821_3871,1899585.0,3821.0,48628.0,48635.0,34718.0,Wellington P FC,867.0,4.989589161444054,101.29311921349841,101.29311921349841,0.0,1.0,9.986535935948961,34.36242159554694,0.0,losing,high_block,attacking,attacking,recovery,pass,0.0087,0.0,0.0,1026,1899585.0,
1899585_3821_3871,,,,,,,,,,,,,,,,,,,,,,0.0087,0.0,0.0,1027,1899585.0,frame_missing
1899585_3821_3871,,,,,,,,,,,,,,,,,,,,,,0.0087,0.0,0.0,1028,1899585.0,frame_missing
1899585_3821_3871,,,,,,,,,,,,,,,,,,,,,,0.0087,0.0,0.0,1029,1899585.0,frame_missing
1899585_3821_3871,,,,,,,,,,,,,,,,,,,,,,0.0087,0.0,0.0,1030,1899585.0,frame_missing
1899585_3821_3871,,,,,,,,,,,,,,,,,,,,,,0.0087,0.0,0.0,1031,1899585.0,frame_missing
1899585_3821_3871,,,,,,,,,,,,,,,,,,,,,,0.0087,0.0,0.0,1032,1899585.0,frame_missing
1899585_3821_3871,,,,,,,,,,,,,,,,,,,,,,0.0087,0.0,0.0,1033,1899585.0,frame_missing
1899585_3821_3871,,,,,,,,,,,,,,,,,,,,,,0.0087,0.0,0.0,1034,1899585.0,frame_missing
1899585_3821_3871,,,,,,,,,,,,,,,,,,,,,,0.0087,0.0,0.0,1035,1899585.0,frame_missing
1899585_3821_3871,,,,,,,,,,,,,,,,,,,,,,0.0087,0.0,0.0,1036,1899585.0,frame_missing
1899585_3821_3871,,,,,,,,,,,,,,,,,,,,,,0.0087,0.0,0.0,1037,1899585.0,frame_missing
1899585_3821_3871,,,,,,,,,,,,,,,,,,,,,,0.0087,0.0,0.0,1038,1899585.0,frame_missing
1899585_3821_3871,,,,,,,,,,,,,,,,,,,,,,0.0087,0.0,0.0,1039,1899585.0,frame_missing
1899585_3821_3871,,,,,,,,,,,,,,,,,,,,,,0.0087,0.0,0.0,1040,1899585.0,frame_missing
1899585_3821_3871,,,,,,,,,,,,,,,,,,,,,,0.0087,0.0,0.0,1041,1899585.0,frame_missing
1899585_3821_3871,,,,,,,,,,,,,,,,,,,,,,0.0087,0.0,0.0,1042,1899585.0,frame_missing
1899585_3821_3871,,,,,,,,,,,,,,,,,,,,,,0.0087,0.0,0.0,1043,1899585.0,frame_missing
1899585_3821_3871,,,,,,,,,,,,,,,,,,,,,,0.0087,0.0,0.0,1044,1899585.0,frame_missing
1899585_3821_3871,,,,,,,,,,,,,,,,,,,,,,0.0087,0.0,0.0,1045,1899585.0,frame_missing
1899585_3821_3871,,,,,,,,,,,,,,,,,,,,,,0.0087,0.0,0.0,1046,1899585.0,frame_missing
1899585_3821_3871,,,,,,,,,,,,,,,,,,,,,,0.0087,0.0,0.0,1047,1899585.0,frame_missing
1899585_3878_3927,,,,,,,,,,,,,,,,,,,,,,,,,1048,,no_player_id
1899585_3878_3927,,,,,,,,,,,,,,,,,,,,,,0.0523,1.0,0.0,1049,1899585.0,frame_missing
1899585_3878_3927,,,,,,,,,,,,,,,,,,,,,,0.0523,1.0,0.0,1050,1899585.0,frame_missing
1899585_3878_3927,,,,,,,,,,,,,,,,,,,,,,0.0523,1.0,0.0,1051,1899585.0,frame_missing
1899585_3878_3927,,,,,,,,,,,,,,,,,,,,,,0.0523,1.0,0.0,1052,1899585.0,frame_missing
1899585_3878_3927,,,,,,,,,,,,,,,,,,,,,,0.0523,1.0,0.0,1053,1899585.0,frame_missing
1899585_3878_3927,,,,,,,,,,,,,,,,,,,,,,0.0523,1.0,0.0,1054,1899585.0,frame_missing
1899585_3878_3927,,,,,,,,,,,,,,,,,,,,,,0.0523,1.0,0.0,1055,1899585.0,frame_missing
1899585_3878_3927,,,,,,,,,,,,,,,,,,,,,,0.0523,1.0,0.0,1056,1899585.0,frame_missing
1899585_3878_3927,,,,,,,,,,,,,,,,,,,,,,0.0523,1.0,0.0,1057,1899585.0,frame_missing
1899585_3878_3927,,,,,,,,,,,,,,,,,,,,,,0.0523,1.0,0.0,1058,1899585.0,frame_missing
1899585_3878_3927,,,,,,,,,,,,,,,,,,,,,,0.0523,1.0,0.0,1059,1899585.0,frame_missing
1899585_3878_3927,,,,,,,,,,,,,,,,,,,,,,0.0523,1.0,0.0,1060,1899585.0,frame_missing
1899585_3878_3927,,,,,,,,,,,,,,,,,,,,,,0.0523,1.0,0.0,1061,1899585.0,frame_missing
1899585_3878_3927,,,,,,,,,,,,,,,,,,,,,,0.0523,1.0,0.0,1062,1899585.0,frame_missing
1899585_3878_3927,,,,,,,,,,,,,,,,,,,,,,0.0523,1.0,0.0,1063,1899585.0,frame_missing
1899585_3878_3927,,,,,,,,,,,,,,,,,,,,,,0.0523,1.0,0.0,1064,1899585.0,frame_missing
1899585_3878_3927,,,,,,,,,,,,,,,,,,,,,,0.0523,1.0,0.0,1065,1899585.0,frame_missing
1899585_3878_3927,,,,,,,,,,,,,,,,,,,,,,0.0523,1.0,0.0,1066,1899585.0,frame_missing
1899585_3878_3927,,,,,,,,,,,,,,,,,,,,,,0.0523,1.0,0.0,1067,1899585.0,frame_missing
1899585_3949_4005,1899585.0,3949.0,51330.0,51343.0,23418.0,Auckland FC,4177.0,40.437532071084654,76.30592375431937,40.437532071084654,6.468423300928905,0.0,6.022374946812925,20.52792701740154,6.0,winning,low_block,attacking,attacking,pass_interception,pass,0.0124,0.0,0.0,1068,1899585.0,
1899585_3949_4005,,,,,,,,,,,,,,,,,,,,,,0.0124,0.0,0.0,1069,1899585.0,frame_missing
1899585_3949_4005,,,,,,,,,,,,,,,,,,,,,,0.0124,0.0,0.0,1070,1899585.0,frame_missing
1899585_3949_4005,,,,,,,,,,,,,,,,,,,,,,0.0124,0.0,0.0,1071,1899585.0,frame_missing
1899585_3949_4005,,,,,,,,,,,,,,,,,,,,,,0.0124,0.0,0.0,1072,1899585.0,frame_missing
1899585_3949_4005,,,,,,,,,,,,,,,,,,,,,,0.0124,0.0,0.0,1073,1899585.0,frame_missing
1899585_3949_4005,,,,,,,,,,,,,,,,,,,,,,0.0124,0.0,0.0,1074,1899585.0,frame_missing
1899585_3949_4005,,,,,,,,,,,,,,,,,,,,,,0.0124,0.0,0.0,1075,1899585.0,frame_missing
1899585_3949_4005,,,,,,,,,,,,,,,,,,,,,,0.0124,0.0,0.0,1076,1899585.0,frame_missing
1899585_3949_4005,,,,,,,,,,,,,,,,,,,,,,0.0124,0.0,0.0,1077,1899585.0,frame_missing
1899585_3949_4005,,,,,,,,,,,,,,,,,,,,,,0.0124,0.0,0.0,1078,1899585.0,frame_missing
1899585_3949_4005,,,,,,,,,,,,,,,,,,,,,,0.0124,0.0,0.0,1079,1899585.0,frame_missing
1899585_3949_4005,,,,,,,,,,,,,,,,,,,,,,0.0124,0.0,0.0,1080,1899585.0,frame_missing
1899585_3949_4005,,,,,,,,,,,,,,,,,,,,,,0.0124,0.0,0.0,1081,1899585.0,frame_missing
1899585_3949_4005,,,,,,,,,,,,,,,,,,,,,,0.0124,0.0,0.0,1082,1899585.0,frame_missing
1899585_3949_4005,,,,,,,,,,,,,,,,,,,,,,0.0124,0.0,0.0,1083,1899585.0,frame_missing
1899585_3949_4005,,,,,,,,,,,,,,,,,,,,,,0.0124,0.0,0.0,1084,1899585.0,frame_missing
1899585_3949_4005,,,,,,,,,,,,,,,,,,,,,,0.0124,0.0,0.0,1085,1899585.0,frame_missing
1899585_3949_4005,,,,,,,,,,,,,,,,,,,,,,0.0124,0.0,0.0,1086,1899585.0,frame_missing
1899585_3949_4005,,,,,,,,,,,,,,,,,,,,,,0.0124,0.0,0.0,1087,1899585.0,frame_missing
1899585_3949_4005,,,,,,,,,,,,,,,,,,,,,,0.0124,0.0,0.0,1088,1899585.0,frame_missing
1899585_3949_4005,,,,,,,,,,,,,,,,,,,,,,0.0124,0.0,0.0,1089,1899585.0,frame_missing
1899585_3949_4005,,,,,,,,,,,,,,,,,,,,,,0.0124,0.0,0.0,1090,1899585.0,frame_missing
1899585_3949_4005,,,,,,,,,,,,,,,,,,,,,,0.0124,0.0,0.0,1091,1899585.0,frame_missing
1899585_3949_4005,,,,,,,,,,,,,,,,,,,,,,,,,1092,,no_player_id
1899585_4028_4037,1899585.0,4028.0,51849.0,51872.0,23909.0,Wellington P FC,867.0,48.25668140268247,60.29019240307664,48.25668140268247,12.698586535516464,0.0,7.246302505416125,20.444241853556434,9.0,losing,medium_block,middle,middle,pass_interception,pass,0.09,1.0,2.0,1093,1899585.0,
1899585_4028_4037,,,,,,,,,,,,,,,,,,,,,,0.09,1.0,2.0,1094,1899585.0,frame_missing
1899585_4028_4037,,,,,,,,,,,,,,,,,,,,,,0.09,1.0,2.0,1095,1899585.0,frame_missing
1899585_4028_4037,,,,,,,,,,,,,,,,,,,,,,,,,1096,,no_player_id
1899585_4146_4157,1899585.0,4146.0,53737.0,53747.0,23909.0,Wellington P FC,867.0,47.59338609512881,57.57716908636617,47.59338609512881,14.524035251953915,0.0,9.05611395688018,21.102638767134202,8.0,losing,defending_transition,middle,middle,pass_interception,pass,0.0906,1.0,0.0,1097,1899585.0,
1899585_4146_4157,,,,,,,,,,,,,,,,,,,,,,0.0906,1.0,0.0,1098,1899585.0,frame_missing
1899585_4146_4157,,,,,,,,,,,,,,,,,,,,,,0.0906,1.0,0.0,1099,1899585.0,frame_missing
1899585_4146_4157,,,,,,,,,,,,,,,,,,,,,,,,,1100,,no_player_id
1899585_4182_4226,1899585.0,4182.0,54176.0,54176.0,43829.0,Auckland FC,4177.0,53.05856763992032,65.62173115668315,53.05856763992032,0.0,1.0,6.830592946443229,29.608139626604167,6.0,winning,medium_block,middle,middle,recovery,pass,0.0552,1.0,0.0,1101,1899585.0,
1899585_4182_4226,,,,,,,,,,,,,,,,,,,,,,0.0552,1.0,0.0,1102,1899585.0,frame_missing
1899585_4182_4226,,,,,,,,,,,,,,,,,,,,,,0.0552,1.0,0.0,1103,1899585.0,frame_missing
1899585_4182_4226,,,,,,,,,,,,,,,,,,,,,,0.0552,1.0,0.0,1104,1899585.0,frame_missing
1899585_4182_4226,,,,,,,,,,,,,,,,,,,,,,0.0552,1.0,0.0,1105,1899585.0,frame_missing
1899585_4182_4226,,,,,,,,,,,,,,,,,,,,,,0.0552,1.0,0.0,1106,1899585.0,frame_missing
1899585_4182_4226,,,,,,,,,,,,,,,,,,,,,,0.0552,1.0,0.0,1107,1899585.0,frame_missing
1899585_4182_4226,,,,,,,,,,,,,,,,,,,,,,0.0552,1.0,0.0,1108,1899585.0,frame_missing
1899585_4182_4226,,,,,,,,,,,,,,,,,,,,,,0.0552,1.0,0.0,1109,1899585.0,frame_missing
1899585_4182_4226,,,,,,,,,,,,,,,,,,,,,,0.0552,1.0,0.0,1110,1899585.0,frame_missing
1899585_4182_4226,,,,,,,,,,,,,,,,,,,,,,0.0552,1.0,0.0,1111,1899585.0,frame_missing
1899585_4182_4226,,,,,,,,,,,,,,,,,,,,,,0.0552,1.0,0.0,1112,1899585.0,frame_missing
1899585_4182_4226,,,,,,,,,,,,,,,,,,,,,,0.0552,1.0,0.0,1113,1899585.0,frame_missing
1899585_4182_4226,,,,,,,,,,,,,,,,,,,,,,0.0552,1.0,0.0,1114,1899585.0,frame_missing
1899585_4182_4226,,,,,,,,,,,,,,,,,,,,,,0.0552,1.0,0.0,1115,1899585.0,frame_missing
1899585_4182_4226,,,,,,,,,,,,,,,,,,,,,,0.0552,1.0,0.0,1116,1899585.0,frame_missing
1899585_4182_4226,,,,,,,,,,,,,,,,,,,,,,0.0552,1.0,0.0,1117,1899585.0,frame_missing
1899585_4182_4226,,,,,,,,,,,,,,,,,,,,,,0.0552,1.0,0.0,1118,1899585.0,frame_missing
1899585_4182_4226,,,,,,,,,,,,,,,,,,,,,,,,,1119,,no_player_id
1899585_4182_4229,1899585.0,4182.0,54176.0,54176.0,43829.0,Auckland FC,4177.0,53.05856763992032,65.62173115668315,53.05856763992032,0.0,1.0,6.830592946443229,29.608139626604167,6.0,winning,medium_block,middle,middle,recovery,pass,0.0552,1.0,0.0,1120,1899585.0,
1899585_4182_4229,,,,,,,,,,,,,,,,,,,,,,0.0552,1.0,0.0,1121,1899585.0,frame_missing
1899585_4182_4229,,,,,,,,,,,,,,,,,,,,,,0.0552,1.0,0.0,1122,1899585.0,frame_missing
1899585_4182_4229,,,,,,,,,,,,,,,,,,,,,,0.0552,1.0,0.0,1123,1899585.0,frame_missing
1899585_4182_4229,,,,,,,,,,,,,,,,,,,,,,0.0552,1.0,0.0,1124,1899585.0,frame_missing
1899585_4182_4229,,,,,,,,,,,,,,,,,,,,,,0.0552,1.0,0.0,1125,1899585.0,frame_missing
1899585_4182_4229,,,,,,,,,,,,,,,,,,,,,,0.0552,1.0,0.0,1126,1899585.0,frame_missing
1899585_4182_4229,,,,,,,,,,,,,,,,,,,,,,0.0552,1.0,0.0,1127,1899585.0,frame_missing
1899585_4182_4229,,,,,,,,,,,,,,,,,,,,,,0.0552,1.0,0.0,1128,1899585.0,frame_missing
1899585_4182_4229,,,,,,,,,,,,,,,,,,,,,,0.0552,1.0,0.0,1129,1899585.0,frame_missing
1899585_4182_4229,,,,,,,,,,,,,,,,,,,,,,0.0552,1.0,0.0,1130,1899585.0,frame_missing
1899585_4182_4229,,,,,,,,,,,,,,,,,,,,,,0.0552,1.0,0.0,1131,1899585.0,frame_missing
1899585_4182_4229,,,,,,,,,,,,,,,,,,,,,,0.0552,1.0,0.0,1132,1899585.0,frame_missing
1899585_4182_4229,,,,,,,,,,,,,,,,,,,,,,0.0552,1.0,0.0,1133,1899585.0,frame_missing
1899585_4182_4229,,,,,,,,,,,,,,,,,,,,,,0.0552,1.0,0.0,1134,1899585.0,frame_missing
1899585_4182_4229,,,,,,,,,,,,,,,,,,,,,,0.0552,1.0,0.0,1135,1899585.0,frame_missing
1899585_4182_4229,,,,,,,,,,,,,,,,,,,,,,0.0552,1.0,0.0,1136,1899585.0,frame_missing
1899585_4182_4229,,,,,,,,,,,,,,,,,,,,,,0.0552,1.0,0.0,1137,1899585.0,frame_missing
1899585_4182_4229,,,,,,,,,,,,,,,,,,,,,,,,,1138,,no_player_id
1899585_4182_4229,1899585.0,4227.0,54379.0,54379.0,159938.0,Wellington P FC,867.0,22.400401782110965,83.15754926643761,83.15754926643761,0.0,1.0,1.4369411957348828,17.81006705931657,5.0,winning,medium_block,attacking,attacking,recovery,pass,0.0552,1.0,0.0,1139,1899585.0,
1899585_4182_4229,,,,,,,,,,,,,,,,,,,,,,0.0552,1.0,0.0,1140,1899585.0,frame_missing
1899585_4182_4229,,,,,,,,,,,,,,,,,,,,,,0.0552,1.0,0.0,1141,1899585.0,frame_missing
1899585_4227_4232,1899585.0,4227.0,54379.0,54379.0,159938.0,Wellington P FC,867.0,22.400401782110965,83.15754926643761,83.15754926643761,0.0,1.0,1.4369411957348828,17.81006705931657,5.0,losing,disruption,attacking,attacking,recovery,pass,0.0006,0.0,0.0,1142,1899585.0,
1899585_4227_4232,,,,,,,,,,,,,,,,,,,,,,0.0006,0.0,0.0,1143,1899585.0,frame_missing
1899585_4227_4232,,,,,,,,,,,,,,,,,,,,,,0.0006,0.0,0.0,1144,1899585.0,frame_missing
1899585_4227_4232,,,,,,,,,,,,,,,,,,,,,,,,,1145,,no_player_id
1899585_4271_4298,1899585.0,4271.0,54637.0,54740.0,26969.0,Wellington P FC,867.0,32.95572787847357,83.68918687620284,83.68918687620284,9.271833691347142,0.0,3.740494619699379,26.144242484397985,4.0,losing,medium_block,attacking,attacking,recovery,pass,0.0332,1.0,0.0,1146,1899585.0,
1899585_4271_4298,,,,,,,,,,,,,,,,,,,,,,0.0332,1.0,0.0,1147,1899585.0,frame_missing
1899585_4271_4298,,,,,,,,,,,,,,,,,,,,,,0.0332,1.0,0.0,1148,1899585.0,frame_missing
1899585_4271_4298,,,,,,,,,,,,,,,,,,,,,,0.0332,1.0,0.0,1149,1899585.0,frame_missing
1899585_4271_4298,,,,,,,,,,,,,,,,,,,,,,0.0332,1.0,0.0,1150,1899585.0,frame_missing
1899585_4271_4298,,,,,,,,,,,,,,,,,,,,,,0.0332,1.0,0.0,1151,1899585.0,frame_missing
1899585_4271_4298,,,,,,,,,,,,,,,,,,,,,,0.0332,1.0,0.0,1152,1899585.0,frame_missing
1899585_4271_4298,,,,,,,,,,,,,,,,,,,,,,0.0332,1.0,0.0,1153,1899585.0,frame_missing
1899585_4271_4298,,,,,,,,,,,,,,,,,,,,,,0.0332,1.0,0.0,1154,1899585.0,frame_missing
1899585_4271_4298,,,,,,,,,,,,,,,,,,,,,,,,,1155,,no_player_id
1899585_4345_4372,1899585.0,4345.0,55790.0,55790.0,51667.0,Auckland FC,4177.0,21.28580982720648,85.01579676742433,85.01579676742433,0.0,3.0,2.22103579439864,22.206929363410158,9.0,winning,defending_transition,defensive,defensive,pass_interception,pass,0.0172,0.0,0.0,1156,1899585.0,
1899585_4345_4372,,,,,,,,,,,,,,,,,,,,,,0.0172,0.0,0.0,1157,1899585.0,frame_missing
1899585_4345_4372,,,,,,,,,,,,,,,,,,,,,,0.0172,0.0,0.0,1158,1899585.0,frame_missing
1899585_4345_4372,,,,,,,,,,,,,,,,,,,,,,0.0172,0.0,0.0,1159,1899585.0,frame_missing
1899585_4345_4372,,,,,,,,,,,,,,,,,,,,,,0.0172,0.0,0.0,1160,1899585.0,frame_missing
1899585_4345_4372,,,,,,,,,,,,,,,,,,,,,,0.0172,0.0,0.0,1161,1899585.0,frame_missing
1899585_4345_4372,,,,,,,,,,,,,,,,,,,,,,0.0172,0.0,0.0,1162,1899585.0,frame_missing
1899585_4345_4372,,,,,,,,,,,,,,,,,,,,,,0.0172,0.0,0.0,1163,1899585.0,frame_missing
1899585_4345_4372,,,,,,,,,,,,,,,,,,,,,,,,,1164,,no_player_id
1899585_4345_4372,,,,,,,,,,,,,,,,,,,,,,0.0172,0.0,0.0,1165,1899585.0,frame_missing
1899585_4345_4372,,,,,,,,,,,,,,,,,,,,,,0.0172,0.0,0.0,1166,1899585.0,frame_missing
1899585_4345_4372,,,,,,,,,,,,,,,,,,,,,,,,,1167,,no_player_id
1899585_4374_4392,1899585.0,4374.0,55888.0,55928.0,43829.0,Auckland FC,4177.0,42.87059598372759,64.63194256712389,42.87059598372759,0.0,2.0,6.238541496215282,29.200320286836924,2.0,winning,medium_block,middle,middle,recovery,pass,0.0182,0.0,1.0,1168,1899585.0,
1899585_4374_4392,1899585.0,4376.0,55888.0,55888.0,23418.0,Wellington P FC,867.0,50.21494697796663,59.70963825045333,59.70963825045333,0.0,2.0,7.891470078508821,24.054982063087156,2.0,winning,medium_block,middle,middle,,,0.0182,0.0,1.0,1169,1899585.0,
1899585_4374_4392,,,,,,,,,,,,,,,,,,,,,,0.0182,0.0,1.0,1170,1899585.0,frame_missing
1899585_4374_4392,,,,,,,,,,,,,,,,,,,,,,0.0182,0.0,1.0,1171,1899585.0,frame_missing
1899585_4374_4392,,,,,,,,,,,,,,,,,,,,,,0.0182,0.0,1.0,1172,1899585.0,frame_missing
1899585_4374_4392,,,,,,,,,,,,,,,,,,,,,,0.0182,0.0,1.0,1173,1899585.0,frame_missing
1899585_4374_4392,,,,,,,,,,,,,,,,,,,,,,0.0182,0.0,1.0,1174,1899585.0,frame_missing
1899585_4374_4392,,,,,,,,,,,,,,,,,,,,,,,,,1175,,no_player_id
1899585_4588_4638,1899585.0,4588.0,57896.0,57938.0,38673.0,Auckland FC,4177.0,54.043917326559516,68.15309970940427,68.15309970940427,16.39888410837762,0.0,3.9994499621823025,27.75351748441575,2.0,winning,medium_block,middle,middle,recovery,pass,0.0205,1.0,0.0,1176,1899585.0,
1899585_4588_4638,,,,,,,,,,,,,,,,,,,,,,0.0205,1.0,0.0,1177,1899585.0,frame_missing
1899585_4588_4638,,,,,,,,,,,,,,,,,,,,,,0.0205,1.0,0.0,1178,1899585.0,frame_missing
1899585_4588_4638,,,,,,,,,,,,,,,,,,,,,,0.0205,1.0,0.0,1179,1899585.0,frame_missing
1899585_4588_4638,,,,,,,,,,,,,,,,,,,,,,0.0205,1.0,0.0,1180,1899585.0,frame_missing
1899585_4588_4638,,,,,,,,,,,,,,,,,,,,,,0.0205,1.0,0.0,1181,1899585.0,frame_missing
1899585_4588_4638,,,,,,,,,,,,,,,,,,,,,,0.0205,1.0,0.0,1182,1899585.0,frame_missing
1899585_4588_4638,,,,,,,,,,,,,,,,,,,,,,0.0205,1.0,0.0,1183,1899585.0,frame_missing
1899585_4588_4638,,,,,,,,,,,,,,,,,,,,,,0.0205,1.0,0.0,1184,1899585.0,frame_missing
1899585_4588_4638,,,,,,,,,,,,,,,,,,,,,,0.0205,1.0,0.0,1185,1899585.0,frame_missing
1899585_4588_4638,,,,,,,,,,,,,,,,,,,,,,0.0205,1.0,0.0,1186,1899585.0,frame_missing
1899585_4588_4638,,,,,,,,,,,,,,,,,,,,,,0.0205,1.0,0.0,1187,1899585.0,frame_missing
1899585_4588_4638,,,,,,,,,,,,,,,,,,,,,,0.0205,1.0,0.0,1188,1899585.0,frame_missing
1899585_4588_4638,,,,,,,,,,,,,,,,,,,,,,0.0205,1.0,0.0,1189,1899585.0,frame_missing
1899585_4588_4638,,,,,,,,,,,,,,,,,,,,,,0.0205,1.0,0.0,1190,1899585.0,frame_missing
1899585_4588_4638,,,,,,,,,,,,,,,,,,,,,,0.0205,1.0,0.0,1191,1899585.0,frame_missing
1899585_4588_4638,,,,,,,,,,,,,,,,,,,,,,,,,1192,,no_player_id
1899585_4661_4678,1899585.0,4661.0,59199.0,59227.0,6799.0,Wellington P FC,867.0,50.57381239337212,54.89453980133179,54.89453980133179,6.123299764016131,0.0,5.292730864119203,13.541587983048998,3.0,losing,medium_block,middle,middle,pass_interception,pass,0.0099,0.0,0.0,1193,1899585.0,
1899585_4661_4678,,,,,,,,,,,,,,,,,,,,,,0.0099,0.0,0.0,1194,1899585.0,frame_missing
1899585_4661_4678,,,,,,,,,,,,,,,,,,,,,,0.0099,0.0,0.0,1195,1899585.0,frame_missing
1899585_4661_4678,,,,,,,,,,,,,,,,,,,,,,0.0099,0.0,0.0,1196,1899585.0,frame_missing
1899585_4661_4678,,,,,,,,,,,,,,,,,,,,,,0.0099,0.0,0.0,1197,1899585.0,frame_missing
1899585_4661_4678,,,,,,,,,,,,,,,,,,,,,,0.0099,0.0,0.0,1198,1899585.0,frame_missing
1899585_4661_4678,,,,,,,,,,,,,,,,,,,,,,,,,1199,,no_player_id
1925299_4_29,1925299.0,4.0,90.0,90.0,966114.0,Perth Glory,871.0,37.79448769331316,77.18888067591082,77.18888067591082,0.0,2.0,8.703493551442431,21.361023769401925,4.0,drawing,chaotic,defensive,defensive,pass_interception,pass,0.0101,0.0,0.0,1200,1925299.0,
1925299_4_29,,,,,,,,,,,,,,,,,,,,,,0.0101,0.0,0.0,1201,1925299.0,frame_missing
1925299_4_29,,,,,,,,,,,,,,,,,,,,,,0.0101,0.0,0.0,1202,1925299.0,frame_missing
1925299_4_29,,,,,,,,,,,,,,,,,,,,,,0.0101,0.0,0.0,1203,1925299.0,frame_missing
1925299_4_29,,,,,,,,,,,,,,,,,,,,,,0.0101,0.0,0.0,1204,1925299.0,frame_missing
1925299_4_29,,,,,,,,,,,,,,,,,,,,,,0.0101,0.0,0.0,1205,1925299.0,frame_missing
1925299_4_29,,,,,,,,,,,,,,,,,,,,,,0.0101,0.0,0.0,1206,1925299.0,frame_missing
1925299_4_29,,,,,,,,,,,,,,,,,,,,,,0.0101,0.0,0.0,1207,1925299.0,frame_missing
1925299_4_29,,,,,,,,,,,,,,,,,,,,,,0.0101,0.0,0.0,1208,1925299.0,frame_missing
1925299_4_29,,,,,,,,,,,,,,,,,,,,,,0.0101,0.0,0.0,1209,1925299.0,frame_missing
1925299_4_29,,,,,,,,,,,,,,,,,,,,,,0.0101,0.0,0.0,1210,1925299.0,frame_missing
1925299_4_29,,,,,,,,,,,,,,,,,,,,,,0.0101,0.0,0.0,1211,1925299.0,frame_missing
1925299_165_181,1925299.0,165.0,1768.0,1768.0,287934.0,Brisbane FC,1802.0,46.05402588265221,59.006553025914,46.05402588265221,4.706261786173821,1.0,7.494884922398742,20.257733443753768,4.0,drawing,medium_block,middle,middle,recovery,pass,0.0033,0.0,0.0,1212,1925299.0,
1925299_165_181,,,,,,,,,,,,,,,,,,,,,,0.0033,0.0,0.0,1213,1925299.0,frame_missing
1925299_165_181,,,,,,,,,,,,,,,,,,,,,,0.0033,0.0,0.0,1214,1925299.0,frame_missing
1925299_165_181,,,,,,,,,,,,,,,,,,,,,,0.0033,0.0,0.0,1215,1925299.0,frame_missing
1925299_165_181,,,,,,,,,,,,,,,,,,,,,,0.0033,0.0,0.0,1216,1925299.0,frame_missing
1925299_165_181,,,,,,,,,,,,,,,,,,,,,,0.0033,0.0,0.0,1217,1925299.0,frame_missing
1925299_165_181,,,,,,,,,,,,,,,,,,,,,,0.0033,0.0,0.0,1218,1925299.0,frame_missing
1925299_203_213,1925299.0,203.0,2288.0,2304.0,809166.0,Perth Glory,871.0,16.910239501556443,88.09004597569466,88.09004597569466,0.0,1.0,11.79627483572674,25.097868802613217,7.0,drawing,high_block,defensive,defensive,pass_interception,pass,0.002,0.0,0.0,1219,1925299.0,
1925299_203_213,,,,,,,,,,,,,,,,,,,,,,0.002,0.0,0.0,1220,1925299.0,frame_missing
1925299_203_213,,,,,,,,,,,,,,,,,,,,,,0.002,0.0,0.0,1221,1925299.0,frame_missing
1925299_203_213,,,,,,,,,,,,,,,,,,,,,,0.002,0.0,0.0,1222,1925299.0,frame_missing
1925299_203_213,,,,,,,,,,,,,,,,,,,,,,0.002,0.0,0.0,1223,1925299.0,frame_missing
1925299_552_575,1925299.0,552.0,5439.0,5468.0,11897.0,Perth Glory,871.0,43.9016229768331,75.15685264831146,75.15685264831146,0.0,1.0,5.895252327084908,21.255284431256907,3.0,drawing,defending_transition,defensive,defensive,recovery,pass,0.0058,0.0,0.0,1224,1925299.0,
1925299_552_575,,,,,,,,,,,,,,,,,,,,,,0.0058,0.0,0.0,1225,1925299.0,frame_missing
1925299_552_575,,,,,,,,,,,,,,,,,,,,,,,,,1226,,no_player_id
1925299_552_575,,,,,,,,,,,,,,,,,,,,,,0.0058,0.0,0.0,1227,1925299.0,frame_missing
1925299_552_575,,,,,,,,,,,,,,,,,,,,,,0.0058,0.0,0.0,1228,1925299.0,frame_missing
1925299_552_575,,,,,,,,,,,,,,,,,,,,,,0.0058,0.0,0.0,1229,1925299.0,frame_missing
1925299_552_575,1925299.0,570.0,5549.0,5549.0,51002.0,Brisbane FC,1802.0,33.2002078306748,81.43435270203847,81.43435270203847,5.833360952315569,0.0,4.054084360247082,19.144263482182204,5.0,drawing,defending_transition,attacking,attacking,recovery,pass,0.0058,0.0,0.0,1230,1925299.0,
1925299_552_575,,,,,,,,,,,,,,,,,,,,,,0.0058,0.0,0.0,1231,1925299.0,frame_missing
1925299_552_575,,,,,,,,,,,,,,,,,,,,,,,,,1232,,no_player_id
1925299_570_605,1925299.0,570.0,5549.0,5549.0,51002.0,Brisbane FC,1802.0,33.2002078306748,81.43435270203847,81.43435270203847,5.833360952315569,0.0,4.054084360247082,19.144263482182204,5.0,drawing,chaotic,attacking,attacking,recovery,pass,0.0445,1.0,0.0,1233,1925299.0,
1925299_570_605,,,,,,,,,,,,,,,,,,,,,,0.0445,1.0,0.0,1234,1925299.0,frame_missing
1925299_570_605,,,,,,,,,,,,,,,,,,,,,,,,,1235,,no_player_id
1925299_570_605,,,,,,,,,,,,,,,,,,,,,,0.0445,1.0,0.0,1236,1925299.0,frame_missing
1925299_570_605,,,,,,,,,,,,,,,,,,,,,,0.0445,1.0,0.0,1237,1925299.0,frame_missing
1925299_570_605,,,,,,,,,,,,,,,,,,,,,,0.0445,1.0,0.0,1238,1925299.0,frame_missing
1925299_570_605,,,,,,,,,,,,,,,,,,,,,,0.0445,1.0,0.0,1239,1925299.0,frame_missing
1925299_570_605,,,,,,,,,,,,,,,,,,,,,,0.0445,1.0,0.0,1240,1925299.0,frame_missing
1925299_570_605,,,,,,,,,,,,,,,,,,,,,,0.0445,1.0,0.0,1241,1925299.0,frame_missing
1925299_570_605,,,,,,,,,,,,,,,,,,,,,,0.0445,1.0,0.0,1242,1925299.0,frame_missing
1925299_570_605,,,,,,,,,,,,,,,,,,,,,,0.0445,1.0,0.0,1243,1925299.0,frame_missing
1925299_570_605,,,,,,,,,,,,,,,,,,,,,,0.0445,1.0,0.0,1244,1925299.0,frame_missing
1925299_570_605,,,,,,,,,,,,,,,,,,,,,,0.0445,1.0,0.0,1245,1925299.0,frame_missing
1925299_570_605,,,,,,,,,,,,,,,,,,,,,,0.0445,1.0,0.0,1246,1925299.0,frame_missing
1925299_570_605,,,,,,,,,,,,,,,,,,,,,,,,,1247,,no_player_id
1925299_613_663,1925299.0,613.0,5723.0,5723.0,560985.0,Perth Glory,871.0,27.888797033934612,77.19122359439575,77.19122359439575,24.420458636151782,0.0,17.89726794792993,47.31933797290405,8.0,drawing,medium_block,defensive,defensive,pass_interception,pass,0.0083,0.0,0.0,1248,1925299.0,
1925299_613_663,,,,,,,,,,,,,,,,,,,,,,0.0083,0.0,0.0,1249,1925299.0,frame_missing
1925299_613_663,,,,,,,,,,,,,,,,,,,,,,0.0083,0.0,0.0,1250,1925299.0,frame_missing
1925299_613_663,,,,,,,,,,,,,,,,,,,,,,0.0083,0.0,0.0,1251,1925299.0,frame_missing
1925299_613_663,,,,,,,,,,,,,,,,,,,,,,0.0083,0.0,0.0,1252,1925299.0,frame_missing
1925299_613_663,,,,,,,,,,,,,,,,,,,,,,0.0083,0.0,0.0,1253,1925299.0,frame_missing
1925299_613_663,1925299.0,631.0,5826.0,5836.0,51002.0,Brisbane FC,1802.0,49.80141463854214,63.01730635309637,63.01730635309637,10.366426578141576,0.0,6.981783439780985,20.732205516658126,5.0,drawing,medium_block,middle,middle,pass_interception,pass,0.0083,0.0,0.0,1254,1925299.0,
1925299_613_663,,,,,,,,,,,,,,,,,,,,,,0.0083,0.0,0.0,1255,1925299.0,frame_missing
1925299_613_663,,,,,,,,,,,,,,,,,,,,,,0.0083,0.0,0.0,1256,1925299.0,frame_missing
1925299_613_663,,,,,,,,,,,,,,,,,,,,,,0.0083,0.0,0.0,1257,1925299.0,frame_missing
1925299_613_663,,,,,,,,,,,,,,,,,,,,,,0.0083,0.0,0.0,1258,1925299.0,frame_missing
1925299_613_663,,,,,,,,,,,,,,,,,,,,,,0.0083,0.0,0.0,1259,1925299.0,frame_missing
1925299_613_663,,,,,,,,,,,,,,,,,,,,,,0.0083,0.0,0.0,1260,1925299.0,frame_missing
1925299_613_663,,,,,,,,,,,,,,,,,,,,,,0.0083,0.0,0.0,1261,1925299.0,frame_missing
1925299_613_663,,,,,,,,,,,,,,,,,,,,,,0.0083,0.0,0.0,1262,1925299.0,frame_missing
1925299_613_663,,,,,,,,,,,,,,,,,,,,,,0.0083,0.0,0.0,1263,1925299.0,frame_missing
1925299_613_663,,,,,,,,,,,,,,,,,,,,,,0.0083,0.0,0.0,1264,1925299.0,frame_missing
1925299_613_663,,,,,,,,,,,,,,,,,,,,,,0.0083,0.0,0.0,1265,1925299.0,frame_missing
1925299_613_663,,,,,,,,,,,,,,,,,,,,,,0.0083,0.0,0.0,1266,1925299.0,frame_missing
1925299_631_667,1925299.0,631.0,5826.0,5836.0,51002.0,Brisbane FC,1802.0,49.80141463854214,63.01730635309637,63.01730635309637,10.366426578141576,0.0,6.981783439780985,20.732205516658126,5.0,drawing,medium_block,middle,middle,pass_interception,pass,0.0083,0.0,0.0,1267,1925299.0,
1925299_631_667,,,,,,,,,,,,,,,,,,,,,,0.0083,0.0,0.0,1268,1925299.0,frame_missing
1925299_631_667,,,,,,,,,,,,,,,,,,,,,,0.0083,0.0,0.0,1269,1925299.0,frame_missing
1925299_631_667,,,,,,,,,,,,,,,,,,,,,,0.0083,0.0,0.0,1270,1925299.0,frame_missing
1925299_631_667,,,,,,,,,,,,,,,,,,,,,,0.0083,0.0,0.0,1271,1925299.0,frame_missing
1925299_631_667,,,,,,,,,,,,,,,,,,,,,,0.0083,0.0,0.0,1272,1925299.0,frame_missing
1925299_631_667,,,,,,,,,,,,,,,,,,,,,,0.0083,0.0,0.0,1273,1925299.0,frame_missing
1925299_631_667,,,,,,,,,,,,,,,,,,,,,,0.0083,0.0,0.0,1274,1925299.0,frame_missing
1925299_631_667,,,,,,,,,,,,,,,,,,,,,,0.0083,0.0,0.0,1275,1925299.0,frame_missing
1925299_631_667,,,,,,,,,,,,,,,,,,,,,,0.0083,0.0,0.0,1276,1925299.0,frame_missing
1925299_631_667,,,,,,,,,,,,,,,,,,,,,,0.0083,0.0,0.0,1277,1925299.0,frame_missing
1925299_631_667,,,,,,,,,,,,,,,,,,,,,,0.0083,0.0,0.0,1278,1925299.0,frame_missing
1925299_631_667,,,,,,,,,,,,,,,,,,,,,,0.0083,0.0,0.0,1279,1925299.0,frame_missing
1925299_631_667,1925299.0,667.0,6035.0,6035.0,51694.0,Perth Glory,871.0,53.17490009393529,62.43852977128786,62.43852977128786,6.764510329654317,0.0,7.526413488508319,22.18279403421694,4.0,drawing,medium_block,middle,middle,pass_interception,pass,0.0083,0.0,0.0,1280,1925299.0,
1925299_753_762,,,,,,,,,,,,,,,,,,,,,,,,,1281,,no_player_id
1925299_753_762,,,,,,,,,,,,,,,,,,,,,,0.0281,1.0,0.0,1282,1925299.0,frame_missing
1925299_753_762,,,,,,,,,,,,,,,,,,,,,,,,,1283,,no_player_id
1925299_753_762,,,,,,,,,,,,,,,,,,,,,,0.0281,1.0,0.0,1284,1925299.0,frame_missing
1925299_753_762,,,,,,,,,,,,,,,,,,,,,,0.0281,1.0,0.0,1285,1925299.0,frame_missing
1925299_753_762,,,,,,,,,,,,,,,,,,,,,,0.0281,1.0,0.0,1286,1925299.0,frame_missing
1925299_753_762,,,,,,,,,,,,,,,,,,,,,,0.0281,1.0,0.0,1287,1925299.0,frame_missing
1925299_766_790,1925299.0,766.0,6956.0,6956.0,560882.0,Brisbane FC,1802.0,33.07591873251596,76.39251534018237,76.39251534018237,7.010456475865177,0.0,11.746373908572808,19.017664101592768,11.0,drawing,chaotic,attacking,attacking,pass_interception,pass,0.062,1.0,0.0,1288,1925299.0,
1925299_766_790,,,,,,,,,,,,,,,,,,,,,,0.062,1.0,0.0,1289,1925299.0,frame_missing
1925299_766_790,,,,,,,,,,,,,,,,,,,,,,0.062,1.0,0.0,1290,1925299.0,frame_missing
1925299_766_790,,,,,,,,,,,,,,,,,,,,,,,,,1291,,no_player_id
1925299_766_790,,,,,,,,,,,,,,,,,,,,,,0.062,1.0,0.0,1292,1925299.0,frame_missing
1925299_766_790,,,,,,,,,,,,,,,,,,,,,,0.062,1.0,0.0,1293,1925299.0,frame_missing
1925299_766_790,1925299.0,778.0,7013.0,7013.0,966112.0,Perth Glory,871.0,26.387212812269507,84.05703420892269,26.387212812269507,2.6506791582536,2.0,3.8722732341610397,18.756304297346944,3.0,drawing,chaotic,attacking,attacking,recovery,pass,0.062,1.0,0.0,1294,1925299.0,
1925299_766_790,,,,,,,,,,,,,,,,,,,,,,0.062,1.0,0.0,1295,1925299.0,frame_missing
1925299_766_790,,,,,,,,,,,,,,,,,,,,,,0.062,1.0,0.0,1296,1925299.0,frame_missing
1925299_766_790,,,,,,,,,,,,,,,,,,,,,,0.062,1.0,0.0,1297,1925299.0,frame_missing
1925299_766_790,,,,,,,,,,,,,,,,,,,,,,0.062,1.0,0.0,1298,1925299.0,frame_missing
1925299_766_790,,,,,,,,,,,,,,,,,,,,,,0.062,1.0,0.0,1299,1925299.0,frame_missing
1925299_778_806,1925299.0,778.0,7013.0,7013.0,966112.0,Perth Glory,871.0,26.387212812269507,84.05703420892269,26.387212812269507,2.6506791582536,2.0,3.8722732341610397,18.756304297346944,3.0,drawing,low_block,attacking,attacking,recovery,pass,0.062,1.0,1.0,1300,1925299.0,
1925299_778_806,,,,,,,,,,,,,,,,,,,,,,0.062,1.0,1.0,1301,1925299.0,frame_missing
1925299_778_806,,,,,,,,,,,,,,,,,,,,,,0.062,1.0,1.0,1302,1925299.0,frame_missing
1925299_778_806,,,,,,,,,,,,,,,,,,,,,,0.062,1.0,1.0,1303,1925299.0,frame_missing
1925299_778_806,,,,,,,,,,,,,,,,,,,,,,0.062,1.0,1.0,1304,1925299.0,frame_missing
1925299_778_806,,,,,,,,,,,,,,,,,,,,,,0.062,1.0,1.0,1305,1925299.0,frame_missing
1925299_778_806,,,,,,,,,,,,,,,,,,,,,,0.062,1.0,1.0,1306,1925299.0,frame_missing
1925299_778_806,,,,,,,,,,,,,,,,,,,,,,0.062,1.0,1.0,1307,1925299.0,frame_missing
1925299_778_806,,,,,,,,,,,,,,,,,,,,,,0.062,1.0,1.0,1308,1925299.0,frame_missing
1925299_778_806,,,,,,,,,,,,,,,,,,,,,,0.062,1.0,1.0,1309,1925299.0,frame_missing
1925299_778_806,,,,,,,,,,,,,,,,,,,,,,0.062,1.0,1.0,1310,1925299.0,frame_missing
1925299_828_852,1925299.0,828.0,7389.0,7415.0,50999.0,Brisbane FC,1802.0,15.712218175674627,92.27444825085654,92.27444825085654,20.209960415597056,0.0,17.703708651014338,42.49795987976754,0.0,drawing,high_block,attacking,attacking,pass_interception,pass,0.0016,0.0,0.0,1311,1925299.0,
1925299_828_852,,,,,,,,,,,,,,,,,,,,,,0.0016,0.0,0.0,1312,1925299.0,frame_missing
1925299_828_852,,,,,,,,,,,,,,,,,,,,,,0.0016,0.0,0.0,1313,1925299.0,frame_missing
1925299_828_852,,,,,,,,,,,,,,,,,,,,,,0.0016,0.0,0.0,1314,1925299.0,frame_missing
1925299_828_852,,,,,,,,,,,,,,,,,,,,,,0.0016,0.0,0.0,1315,1925299.0,frame_missing
1925299_828_852,,,,,,,,,,,,,,,,,,,,,,0.0016,0.0,0.0,1316,1925299.0,frame_missing
1925299_828_852,,,,,,,,,,,,,,,,,,,,,,0.0016,0.0,0.0,1317,1925299.0,frame_missing
1925299_828_852,,,,,,,,,,,,,,,,,,,,,,0.0016,0.0,0.0,1318,1925299.0,frame_missing
1925299_828_852,,,,,,,,,,,,,,,,,,,,,,0.0016,0.0,0.0,1319,1925299.0,frame_missing
1925299_828_852,,,,,,,,,,,,,,,,,,,,,,0.0016,0.0,0.0,1320,1925299.0,frame_missing
1925299_828_852,,,,,,,,,,,,,,,,,,,,,,0.0016,0.0,0.0,1321,1925299.0,frame_missing
1925299_854_861,,,,,,,,,,,,,,,,,,,,,,,,,1322,,no_player_id
1925299_854_861,,,,,,,,,,,,,,,,,,,,,,,,2.0,1323,1925299.0,frame_missing
1925299_854_861,,,,,,,,,,,,,,,,,,,,,,,,,1324,,no_player_id
1925299_882_901,1925299.0,882.0,8587.0,8618.0,560985.0,Perth Glory,871.0,14.127650193857432,92.76793896600269,92.76793896600269,23.742217672323704,0.0,31.40800057310239,46.46207203753548,8.0,drawing,medium_block,defensive,defensive,recovery,pass,0.0001,0.0,0.0,1325,1925299.0,
1925299_882_901,,,,,,,,,,,,,,,,,,,,,,0.0001,0.0,0.0,1326,1925299.0,frame_missing
1925299_882_901,,,,,,,,,,,,,,,,,,,,,,0.0001,0.0,0.0,1327,1925299.0,frame_missing
1925299_882_901,,,,,,,,,,,,,,,,,,,,,,0.0001,0.0,0.0,1328,1925299.0,frame_missing
1925299_882_901,,,,,,,,,,,,,,,,,,,,,,0.0001,0.0,0.0,1329,1925299.0,frame_missing
1925299_882_901,,,,,,,,,,,,,,,,,,,,,,0.0001,0.0,0.0,1330,1925299.0,frame_missing
1925299_882_901,,,,,,,,,,,,,,,,,,,,,,0.0001,0.0,0.0,1331,1925299.0,frame_missing
1925299_882_901,,,,,,,,,,,,,,,,,,,,,,0.0001,0.0,0.0,1332,1925299.0,frame_missing
1925299_909_963,1925299.0,909.0,8777.0,8777.0,560986.0,Brisbane FC,1802.0,33.90370481230628,77.13663980236629,33.90370481230628,7.380548760085524,0.0,5.905971554283003,25.814507158336536,8.0,drawing,defending_quick_break,defensive,defensive,recovery,pass,0.0333,1.0,0.0,1333,1925299.0,
1925299_909_963,,,,,,,,,,,,,,,,,,,,,,0.0333,1.0,0.0,1334,1925299.0,frame_missing
1925299_909_963,,,,,,,,,,,,,,,,,,,,,,0.0333,1.0,0.0,1335,1925299.0,frame_missing
1925299_909_963,,,,,,,,,,,,,,,,,,,,,,0.0333,1.0,0.0,1336,1925299.0,frame_missing
1925299_909_963,,,,,,,,,,,,,,,,,,,,,,0.0333,1.0,0.0,1337,1925299.0,frame_missing
1925299_909_963,,,,,,,,,,,,,,,,,,,,,,0.0333,1.0,0.0,1338,1925299.0,frame_missing
1925299_909_963,,,,,,,,,,,,,,,,,,,,,,0.0333,1.0,0.0,1339,1925299.0,frame_missing
1925299_909_963,,,,,,,,,,,,,,,,,,,,,,0.0333,1.0,0.0,1340,1925299.0,frame_missing
1925299_909_963,,,,,,,,,,,,,,,,,,,,,,0.0333,1.0,0.0,1341,1925299.0,frame_missing
1925299_909_963,,,,,,,,,,,,,,,,,,,,,,0.0333,1.0,0.0,1342,1925299.0,frame_missing
1925299_909_963,,,,,,,,,,,,,,,,,,,,,,0.0333,1.0,0.0,1343,1925299.0,frame_missing
1925299_909_963,,,,,,,,,,,,,,,,,,,,,,0.0333,1.0,0.0,1344,1925299.0,frame_missing
1925299_909_963,,,,,,,,,,,,,,,,,,,,,,0.0333,1.0,0.0,1345,1925299.0,frame_missing
1925299_909_963,,,,,,,,,,,,,,,,,,,,,,0.0333,1.0,0.0,1346,1925299.0,frame_missing
1925299_909_963,,,,,,,,,,,,,,,,,,,,,,0.0333,1.0,0.0,1347,1925299.0,frame_missing
1925299_909_963,,,,,,,,,,,,,,,,,,,,,,0.0333,1.0,0.0,1348,1925299.0,frame_missing
1925299_909_963,,,,,,,,,,,,,,,,,,,,,,0.0333,1.0,0.0,1349,1925299.0,frame_missing
1925299_909_963,,,,,,,,,,,,,,,,,,,,,,0.0333,1.0,0.0,1350,1925299.0,frame_missing
1925299_909_963,,,,,,,,,,,,,,,,,,,,,,0.0333,1.0,0.0,1351,1925299.0,frame_missing
1925299_909_963,,,,,,,,,,,,,,,,,,,,,,0.0333,1.0,0.0,1352,1925299.0,frame_missing
1925299_909_963,,,,,,,,,,,,,,,,,,,,,,0.0333,1.0,0.0,1353,1925299.0,frame_missing
1925299_1170_1173,1925299.0,1170.0,12074.0,12074.0,50982.0,Perth Glory,871.0,26.775903346105803,78.68703196842539,78.68703196842539,6.310911186191737,0.0,8.858950276415374,18.181267849185144,6.0,drawing,high_block,defensive,defensive,pass_interception,pass,0.0095,0.0,0.0,1354,1925299.0,
1925299_1170_1173,,,,,,,,,,,,,,,,,,,,,,0.0095,0.0,0.0,1355,1925299.0,frame_missing
1925299_1531_1606,1925299.0,1531.0,17552.0,17552.0,560987.0,Perth Glory,871.0,27.05869546005498,79.31502379751267,79.31502379751267,0.0,1.0,3.8136858811391376,20.28108964857541,4.0,drawing,chaotic,defensive,defensive,recovery,pass,0.0678,1.0,0.0,1356,1925299.0,
1925299_1531_1606,,,,,,,,,,,,,,,,,,,,,,,,,1357,,no_player_id
1925299_1531_1606,,,,,,,,,,,,,,,,,,,,,,0.0678,1.0,0.0,1358,1925299.0,frame_missing
1925299_1531_1606,,,,,,,,,,,,,,,,,,,,,,0.0678,1.0,0.0,1359,1925299.0,frame_missing
1925299_1531_1606,,,,,,,,,,,,,,,,,,,,,,0.0678,1.0,0.0,1360,1925299.0,frame_missing
1925299_1531_1606,,,,,,,,,,,,,,,,,,,,,,0.0678,1.0,0.0,1361,1925299.0,frame_missing
1925299_1531_1606,,,,,,,,,,,,,,,,,,,,,,0.0678,1.0,0.0,1362,1925299.0,frame_missing
1925299_1531_1606,,,,,,,,,,,,,,,,,,,,,,0.0678,1.0,0.0,1363,1925299.0,frame_missing
1925299_1531_1606,,,,,,,,,,,,,,,,,,,,,,0.0678,1.0,0.0,1364,1925299.0,frame_missing
1925299_1531_1606,,,,,,,,,,,,,,,,,,,,,,0.0678,1.0,0.0,1365,1925299.0,frame_missing
1925299_1531_1606,,,,,,,,,,,,,,,,,,,,,,0.0678,1.0,0.0,1366,1925299.0,frame_missing
1925299_1531_1606,,,,,,,,,,,,,,,,,,,,,,0.0678,1.0,0.0,1367,1925299.0,frame_missing
1925299_1531_1606,,,,,,,,,,,,,,,,,,,,,,0.0678,1.0,0.0,1368,1925299.0,frame_missing
1925299_1531_1606,,,,,,,,,,,,,,,,,,,,,,0.0678,1.0,0.0,1369,1925299.0,frame_missing
1925299_1531_1606,,,,,,,,,,,,,,,,,,,,,,0.0678,1.0,0.0,1370,1925299.0,frame_missing
1925299_1531_1606,,,,,,,,,,,,,,,,,,,,,,0.0678,1.0,0.0,1371,1925299.0,frame_missing
1925299_1531_1606,,,,,,,,,,,,,,,,,,,,,,0.0678,1.0,0.0,1372,1925299.0,frame_missing
1925299_1531_1606,,,,,,,,,,,,,,,,,,,,,,0.0678,1.0,0.0,1373,1925299.0,frame_missing
1925299_1531_1606,,,,,,,,,,,,,,,,,,,,,,0.0678,1.0,0.0,1374,1925299.0,frame_missing
1925299_1531_1606,,,,,,,,,,,,,,,,,,,,,,0.0678,1.0,0.0,1375,1925299.0,frame_missing
1925299_1531_1606,,,,,,,,,,,,,,,,,,,,,,0.0678,1.0,0.0,1376,1925299.0,frame_missing
1925299_1531_1606,,,,,,,,,,,,,,,,,,,,,,0.0678,1.0,0.0,1377,1925299.0,frame_missing
1925299_1531_1606,,,,,,,,,,,,,,,,,,,,,,0.0678,1.0,0.0,1378,1925299.0,frame_missing
1925299_1531_1606,,,,,,,,,,,,,,,,,,,,,,0.0678,1.0,0.0,1379,1925299.0,frame_missing
1925299_1531_1606,,,,,,,,,,,,,,,,,,,,,,0.0678,1.0,0.0,1380,1925299.0,frame_missing
1925299_1531_1606,,,,,,,,,,,,,,,,,,,,,,0.0678,1.0,0.0,1381,1925299.0,frame_missing
1925299_1531_1606,,,,,,,,,,,,,,,,,,,,,,0.0678,1.0,0.0,1382,1925299.0,frame_missing
1925299_1531_1606,,,,,,,,,,,,,,,,,,,,,,0.0678,1.0,0.0,1383,1925299.0,frame_missing
1925299_1531_1606,,,,,,,,,,,,,,,,,,,,,,0.0678,1.0,0.0,1384,1925299.0,frame_missing
1925299_1531_1606,,,,,,,,,,,,,,,,,,,,,,0.0678,1.0,0.0,1385,1925299.0,frame_missing
1925299_1531_1606,,,,,,,,,,,,,,,,,,,,,,0.0678,1.0,0.0,1386,1925299.0,frame_missing
1925299_1531_1606,,,,,,,,,,,,,,,,,,,,,,0.0678,1.0,0.0,1387,1925299.0,frame_missing
1925299_1531_1606,,,,,,,,,,,,,,,,,,,,,,,,,1388,,no_player_id
1925299_1630_1640,1925299.0,1630.0,20343.0,20359.0,50999.0,Brisbane FC,1802.0,16.473448333606413,89.07454462415176,89.07454462415176,19.707057111603447,0.0,14.348940727454417,39.65969131995402,0.0,drawing,high_block,attacking,attacking,pass_interception,pass,0.0028,0.0,0.0,1389,1925299.0,
1925299_1630_1640,,,,,,,,,,,,,,,,,,,,,,0.0028,0.0,0.0,1390,1925299.0,frame_missing
1925299_1630_1640,,,,,,,,,,,,,,,,,,,,,,0.0028,0.0,0.0,1391,1925299.0,frame_missing
1925299_1648_1657,1925299.0,1648.0,20449.0,20459.0,11897.0,Perth Glory,871.0,49.502429233321465,73.14773065516114,73.14773065516114,0.0,1.0,11.771236128801426,30.72297383470307,7.0,drawing,chaotic,middle,middle,pass_interception,pass,0.0001,0.0,0.0,1392,1925299.0,
1925299_1648_1657,,,,,,,,,,,,,,,,,,,,,,0.0001,0.0,0.0,1393,1925299.0,frame_missing
1925299_1648_1657,,,,,,,,,,,,,,,,,,,,,,,,,1394,,no_player_id
1925299_1648_1657,,,,,,,,,,,,,,,,,,,,,,0.0001,0.0,0.0,1395,1925299.0,frame_missing
1925299_1648_1657,,,,,,,,,,,,,,,,,,,,,,,,,1396,,no_player_id
1925299_1668_1714,1925299.0,1668.0,20763.0,20772.0,966114.0,Perth Glory,871.0,41.93133434557026,78.77840313182288,41.93133434557026,0.0,2.0,16.767742841539523,31.570478195169276,2.0,drawing,medium_block,attacking,attacking,pass_interception,pass,0.0674,1.0,0.0,1397,1925299.0,
1925299_1668_1714,,,,,,,,,,,,,,,,,,,,,,0.0674,1.0,0.0,1398,1925299.0,frame_missing
1925299_1668_1714,,,,,,,,,,,,,,,,,,,,,,0.0674,1.0,0.0,1399,1925299.0,frame_missing
1925299_1668_1714,,,,,,,,,,,,,,,,,,,,,,0.0674,1.0,0.0,1400,1925299.0,frame_missing
1925299_1668_1714,,,,,,,,,,,,,,,,,,,,,,0.0674,1.0,0.0,1401,1925299.0,frame_missing
1925299_1668_1714,,,,,,,,,,,,,,,,,,,,,,0.0674,1.0,0.0,1402,1925299.0,frame_missing
1925299_1668_1714,,,,,,,,,,,,,,,,,,,,,,0.0674,1.0,0.0,1403,1925299.0,frame_missing
1925299_1668_1714,,,,,,,,,,,,,,,,,,,,,,0.0674,1.0,0.0,1404,1925299.0,frame_missing
1925299_1668_1714,,,,,,,,,,,,,,,,,,,,,,0.0674,1.0,0.0,1405,1925299.0,frame_missing
1925299_1668_1714,,,,,,,,,,,,,,,,,,,,,,0.0674,1.0,0.0,1406,1925299.0,frame_missing
1925299_1668_1714,,,,,,,,,,,,,,,,,,,,,,0.0674,1.0,0.0,1407,1925299.0,frame_missing
1925299_1668_1714,,,,,,,,,,,,,,,,,,,,,,0.0674,1.0,0.0,1408,1925299.0,frame_missing
1925299_1668_1714,,,,,,,,,,,,,,,,,,,,,,0.0674,1.0,0.0,1409,1925299.0,frame_missing
1925299_1668_1714,,,,,,,,,,,,,,,,,,,,,,0.0674,1.0,0.0,1410,1925299.0,frame_missing
1925299_1668_1714,,,,,,,,,,,,,,,,,,,,,,0.0674,1.0,0.0,1411,1925299.0,frame_missing
1925299_1668_1714,,,,,,,,,,,,,,,,,,,,,,0.0674,1.0,0.0,1412,1925299.0,frame_missing
1925299_1668_1714,,,,,,,,,,,,,,,,,,,,,,,,,1413,,no_player_id
1925299_1887_1916,,,,,,,,,,,,,,,,,,,,,,,,,1414,,no_player_id
1925299_1887_1916,,,,,,,,,,,,,,,,,,,,,,0.014,0.0,0.0,1415,1925299.0,frame_missing
1925299_1887_1916,,,,,,,,,,,,,,,,,,,,,,0.014,0.0,0.0,1416,1925299.0,frame_missing
1925299_1887_1916,,,,,,,,,,,,,,,,,,,,,,0.014,0.0,0.0,1417,1925299.0,frame_missing
1925299_1887_1916,,,,,,,,,,,,,,,,,,,,,,0.014,0.0,0.0,1418,1925299.0,frame_missing
1925299_1887_1916,,,,,,,,,,,,,,,,,,,,,,0.014,0.0,0.0,1419,1925299.0,frame_missing
1925299_1887_1916,,,,,,,,,,,,,,,,,,,,,,0.014,0.0,0.0,1420,1925299.0,frame_missing
1925299_1887_1916,,,,,,,,,,,,,,,,,,,,,,0.014,0.0,0.0,1421,1925299.0,frame_missing
1925299_1887_1916,,,,,,,,,,,,,,,,,,,,,,0.014,0.0,0.0,1422,1925299.0,frame_missing
1925299_1887_1916,,,,,,,,,,,,,,,,,,,,,,0.014,0.0,0.0,1423,1925299.0,frame_missing
1925299_1887_1916,,,,,,,,,,,,,,,,,,,,,,0.014,0.0,0.0,1424,1925299.0,frame_missing
1925299_2199_2222,1925299.0,2199.0,25142.0,25174.0,560989.0,Perth Glory,871.0,32.215761670337706,78.59106374136948,78.59106374136948,10.611526751603657,0.0,8.478000943618726,26.32695009582876,7.0,drawing,high_block,defensive,defensive,pass_interception,pass,0.0014,0.0,0.0,1425,1925299.0,
1925299_2199_2222,,,,,,,,,,,,,,,,,,,,,,0.0014,0.0,0.0,1426,1925299.0,frame_missing
1925299_2199_2222,,,,,,,,,,,,,,,,,,,,,,0.0014,0.0,0.0,1427,1925299.0,frame_missing
1925299_2199_2222,,,,,,,,,,,,,,,,,,,,,,0.0014,0.0,0.0,1428,1925299.0,frame_missing
1925299_2199_2222,,,,,,,,,,,,,,,,,,,,,,0.0014,0.0,0.0,1429,1925299.0,frame_missing
1925299_2199_2222,,,,,,,,,,,,,,,,,,,,,,0.0014,0.0,0.0,1430,1925299.0,frame_missing
1925299_2199_2222,,,,,,,,,,,,,,,,,,,,,,0.0014,0.0,0.0,1431,1925299.0,frame_missing
1925299_2199_2222,,,,,,,,,,,,,,,,,,,,,,0.0014,0.0,0.0,1432,1925299.0,frame_missing
1925299_2199_2222,,,,,,,,,,,,,,,,,,,,,,0.0014,0.0,0.0,1433,1925299.0,frame_missing
1925299_2199_2222,,,,,,,,,,,,,,,,,,,,,,0.0014,0.0,0.0,1434,1925299.0,frame_missing
1925299_2312_2346,1925299.0,2312.0,26911.0,26928.0,11897.0,Perth Glory,871.0,44.49574586407109,69.31357298538289,69.31357298538289,0.0,1.0,5.5891054740450175,19.699190092999075,4.0,drawing,medium_block,middle,middle,pass_interception,pass,0.0205,1.0,0.0,1435,1925299.0,
1925299_2312_2346,,,,,,,,,,,,,,,,,,,,,,0.0205,1.0,0.0,1436,1925299.0,frame_missing
1925299_2312_2346,,,,,,,,,,,,,,,,,,,,,,0.0205,1.0,0.0,1437,1925299.0,frame_missing
1925299_2312_2346,,,,,,,,,,,,,,,,,,,,,,0.0205,1.0,0.0,1438,1925299.0,frame_missing
1925299_2312_2346,,,,,,,,,,,,,,,,,,,,,,0.0205,1.0,0.0,1439,1925299.0,frame_missing
1925299_2312_2346,,,,,,,,,,,,,,,,,,,,,,0.0205,1.0,0.0,1440,1925299.0,frame_missing
1925299_2312_2346,,,,,,,,,,,,,,,,,,,,,,0.0205,1.0,0.0,1441,1925299.0,frame_missing
1925299_2312_2346,,,,,,,,,,,,,,,,,,,,,,0.0205,1.0,0.0,1442,1925299.0,frame_missing
1925299_2312_2346,,,,,,,,,,,,,,,,,,,,,,0.0205,1.0,0.0,1443,1925299.0,frame_missing
1925299_2312_2346,,,,,,,,,,,,,,,,,,,,,,0.0205,1.0,0.0,1444,1925299.0,frame_missing
1925299_2312_2354,1925299.0,2312.0,26911.0,26928.0,11897.0,Perth Glory,871.0,44.49574586407109,69.31357298538289,69.31357298538289,0.0,1.0,5.5891054740450175,19.699190092999075,4.0,drawing,medium_block,middle,middle,pass_interception,pass,0.0205,1.0,0.0,1445,1925299.0,
1925299_2312_2354,,,,,,,,,,,,,,,,,,,,,,0.0205,1.0,0.0,1446,1925299.0,frame_missing
1925299_2312_2354,,,,,,,,,,,,,,,,,,,,,,0.0205,1.0,0.0,1447,1925299.0,frame_missing
1925299_2312_2354,,,,,,,,,,,,,,,,,,,,,,0.0205,1.0,0.0,1448,1925299.0,frame_missing
1925299_2312_2354,,,,,,,,,,,,,,,,,,,,,,0.0205,1.0,0.0,1449,1925299.0,frame_missing
1925299_2312_2354,,,,,,,,,,,,,,,,,,,,,,0.0205,1.0,0.0,1450,1925299.0,frame_missing
1925299_2312_2354,,,,,,,,,,,,,,,,,,,,,,0.0205,1.0,0.0,1451,1925299.0,frame_missing
1925299_2312_2354,,,,,,,,,,,,,,,,,,,,,,0.0205,1.0,0.0,1452,1925299.0,frame_missing
1925299_2312_2354,,,,,,,,,,,,,,,,,,,,,,0.0205,1.0,0.0,1453,1925299.0,frame_missing
1925299_2312_2354,,,,,,,,,,,,,,,,,,,,,,0.0205,1.0,0.0,1454,1925299.0,frame_missing
1925299_2312_2354,,,,,,,,,,,,,,,,,,,,,,,,,1455,,no_player_id
1925299_2312_2378,1925299.0,2312.0,26911.0,26928.0,11897.0,Perth Glory,871.0,44.49574586407109,69.31357298538289,69.31357298538289,0.0,1.0,5.5891054740450175,19.699190092999075,4.0,drawing,medium_block,middle,middle,pass_interception,pass,0.1486,1.0,0.0,1456,1925299.0,
1925299_2312_2378,,,,,,,,,,,,,,,,,,,,,,0.1486,1.0,0.0,1457,1925299.0,frame_missing
1925299_2312_2378,,,,,,,,,,,,,,,,,,,,,,0.1486,1.0,0.0,1458,1925299.0,frame_missing
1925299_2312_2378,,,,,,,,,,,,,,,,,,,,,,0.1486,1.0,0.0,1459,1925299.0,frame_missing
1925299_2312_2378,,,,,,,,,,,,,,,,,,,,,,0.1486,1.0,0.0,1460,1925299.0,frame_missing
1925299_2312_2378,,,,,,,,,,,,,,,,,,,,,,0.1486,1.0,0.0,1461,1925299.0,frame_missing
1925299_2312_2378,,,,,,,,,,,,,,,,,,,,,,0.1486,1.0,0.0,1462,1925299.0,frame_missing
1925299_2312_2378,,,,,,,,,,,,,,,,,,,,,,0.1486,1.0,0.0,1463,1925299.0,frame_missing
1925299_2312_2378,,,,,,,,,,,,,,,,,,,,,,0.1486,1.0,0.0,1464,1925299.0,frame_missing
1925299_2312_2378,,,,,,,,,,,,,,,,,,,,,,0.1486,1.0,0.0,1465,1925299.0,frame_missing
1925299_2312_2378,,,,,,,,,,,,,,,,,,,,,,,,,1466,,no_player_id
1925299_2312_2378,,,,,,,,,,,,,,,,,,,,,,0.1486,1.0,0.0,1467,1925299.0,frame_missing
1925299_2312_2378,,,,,,,,,,,,,,,,,,,,,,0.1486,1.0,0.0,1468,1925299.0,frame_missing
1925299_2312_2378,,,,,,,,,,,,,,,,,,,,,,0.1486,1.0,0.0,1469,1925299.0,frame_missing
1925299_2312_2378,,,,,,,,,,,,,,,,,,,,,,0.1486,1.0,0.0,1470,1925299.0,frame_missing
1925299_2312_2378,,,,,,,,,,,,,,,,,,,,,,0.1486,1.0,0.0,1471,1925299.0,frame_missing
1925299_2312_2378,,,,,,,,,,,,,,,,,,,,,,0.1486,1.0,0.0,1472,1925299.0,frame_missing
1925299_2312_2378,,,,,,,,,,,,,,,,,,,,,,0.1486,1.0,0.0,1473,1925299.0,frame_missing
1925299_2312_2378,,,,,,,,,,,,,,,,,,,,,,0.1486,1.0,0.0,1474,1925299.0,frame_missing
1925299_2312_2378,,,,,,,,,,,,,,,,,,,,,,0.1486,1.0,0.0,1475,1925299.0,frame_missing
1925299_2312_2378,,,,,,,,,,,,,,,,,,,,,,0.1486,1.0,0.0,1476,1925299.0,frame_missing
1925299_2312_2378,,,,,,,,,,,,,,,,,,,,,,,,,1477,,no_player_id
1925299_2554_2588,1925299.0,2554.0,29800.0,29809.0,795537.0,Brisbane FC,1802.0,36.27933433788443,82.57233253336132,36.27933433788443,8.934114393715808,0.0,3.594509702309899,25.355400628211612,10.0,drawing,defending_set_play,defensive,defensive,recovery,pass,0.0342,1.0,0.0,1478,1925299.0,
1925299_2554_2588,,,,,,,,,,,,,,,,,,,,,,0.0342,1.0,0.0,1479,1925299.0,frame_missing
1925299_2554_2588,,,,,,,,,,,,,,,,,,,,,,0.0342,1.0,0.0,1480,1925299.0,frame_missing
1925299_2554_2588,,,,,,,,,,,,,,,,,,,,,,0.0342,1.0,0.0,1481,1925299.0,frame_missing
1925299_2554_2588,,,,,,,,,,,,,,,,,,,,,,0.0342,1.0,0.0,1482,1925299.0,frame_missing
1925299_2554_2588,,,,,,,,,,,,,,,,,,,,,,0.0342,1.0,0.0,1483,1925299.0,frame_missing
1925299_2554_2588,,,,,,,,,,,,,,,,,,,,,,,,,1484,,no_player_id
1925299_2554_2588,,,,,,,,,,,,,,,,,,,,,,0.0342,1.0,0.0,1485,1925299.0,frame_missing
1925299_2554_2588,,,,,,,,,,,,,,,,,,,,,,0.0342,1.0,0.0,1486,1925299.0,frame_missing
1925299_2554_2588,,,,,,,,,,,,,,,,,,,,,,0.0342,1.0,0.0,1487,1925299.0,frame_missing
1925299_2554_2588,1925299.0,2578.0,29856.0,29873.0,966114.0,Perth Glory,871.0,37.65123769545963,67.64625414610921,67.64625414610921,0.0,1.0,14.347808194982257,23.505556709572154,2.0,drawing,defending_set_play,middle,middle,recovery,pass,0.0342,1.0,0.0,1488,1925299.0,
1925299_2554_2588,,,,,,,,,,,,,,,,,,,,,,0.0342,1.0,0.0,1489,1925299.0,frame_missing
1925299_2554_2588,,,,,,,,,,,,,,,,,,,,,,0.0342,1.0,0.0,1490,1925299.0,frame_missing
1925299_2554_2588,,,,,,,,,,,,,,,,,,,,,,,,,1491,,no_player_id
1925299_2578_2597,1925299.0,2578.0,29856.0,29873.0,966114.0,Perth Glory,871.0,37.65123769545963,67.64625414610921,67.64625414610921,0.0,1.0,14.347808194982257,23.505556709572154,2.0,drawing,chaotic,middle,middle,recovery,pass,0.0474,1.0,0.0,1492,1925299.0,
1925299_2578_2597,,,,,,,,,,,,,,,,,,,,,,0.0474,1.0,0.0,1493,1925299.0,frame_missing
1925299_2578_2597,,,,,,,,,,,,,,,,,,,,,,0.0474,1.0,0.0,1494,1925299.0,frame_missing
1925299_2578_2597,,,,,,,,,,,,,,,,,,,,,,,,,1495,,no_player_id
1925299_2578_2597,,,,,,,,,,,,,,,,,,,,,,0.0474,1.0,0.0,1496,1925299.0,frame_missing
1925299_2578_2597,1925299.0,2592.0,29899.0,29899.0,560986.0,Brisbane FC,1802.0,24.891253483904745,82.19351860092132,24.891253483904745,6.819296151363423,0.0,10.448540567945363,22.181681857811018,7.0,drawing,chaotic,defensive,defensive,recovery,pass,0.0474,1.0,0.0,1497,1925299.0,
1925299_2578_2597,,,,,,,,,,,,,,,,,,,,,,0.0474,1.0,0.0,1498,1925299.0,frame_missing
1925299_2578_2597,,,,,,,,,,,,,,,,,,,,,,0.0474,1.0,0.0,1499,1925299.0,frame_missing
1925299_2578_2597,,,,,,,,,,,,,,,,,,,,,,0.0474,1.0,0.0,1500,1925299.0,frame_missing
1925299_2592_2601,1925299.0,2592.0,29899.0,29899.0,560986.0,Brisbane FC,1802.0,24.891253483904745,82.19351860092132,24.891253483904745,6.819296151363423,0.0,10.448540567945363,22.181681857811018,7.0,drawing,chaotic,defensive,defensive,recovery,pass,0.0474,1.0,0.0,1501,1925299.0,
1925299_2592_2601,,,,,,,,,,,,,,,,,,,,,,0.0474,1.0,0.0,1502,1925299.0,frame_missing
1925299_2592_2601,,,,,,,,,,,,,,,,,,,,,,0.0474,1.0,0.0,1503,1925299.0,frame_missing
1925299_2592_2601,,,,,,,,,,,,,,,,,,,,,,0.0474,1.0,0.0,1504,1925299.0,frame_missing
1925299_2592_2601,,,,,,,,,,,,,,,,,,,,,,,,,1505,,no_player_id
1925299_2602_2631,1925299.0,2602.0,29974.0,29994.0,287934.0,Brisbane FC,1802.0,46.76359695318572,58.9952031948361,46.76359695318572,11.67953766208235,0.0,5.071498792270387,21.361840548604192,2.0,drawing,medium_block,middle,middle,recovery,pass,0.0213,1.0,0.0,1506,1925299.0,
1925299_2602_2631,,,,,,,,,,,,,,,,,,,,,,0.0213,1.0,0.0,1507,1925299.0,frame_missing
1925299_2602_2631,,,,,,,,,,,,,,,,,,,,,,0.0213,1.0,0.0,1508,1925299.0,frame_missing
1925299_2602_2631,,,,,,,,,,,,,,,,,,,,,,0.0213,1.0,0.0,1509,1925299.0,frame_missing
1925299_2602_2631,,,,,,,,,,,,,,,,,,,,,,0.0213,1.0,0.0,1510,1925299.0,frame_missing
1925299_2602_2631,,,,,,,,,,,,,,,,,,,,,,0.0213,1.0,0.0,1511,1925299.0,frame_missing
1925299_2602_2631,,,,,,,,,,,,,,,,,,,,,,0.0213,1.0,0.0,1512,1925299.0,frame_missing
1925299_2602_2631,,,,,,,,,,,,,,,,,,,,,,0.0213,1.0,0.0,1513,1925299.0,frame_missing
1925299_2602_2631,,,,,,,,,,,,,,,,,,,,,,0.0213,1.0,0.0,1514,1925299.0,frame_missing
1925299_2602_2631,,,,,,,,,,,,,,,,,,,,,,0.0213,1.0,0.0,1515,1925299.0,frame_missing
1925299_2602_2631,,,,,,,,,,,,,,,,,,,,,,0.0213,1.0,0.0,1516,1925299.0,frame_missing
1925299_2602_2631,,,,,,,,,,,,,,,,,,,,,,,,,1517,,no_player_id
1925299_2757_2770,1925299.0,2757.0,31233.0,31233.0,966114.0,Perth Glory,871.0,59.577533517258,59.75351454098746,59.75351454098746,0.0,1.0,10.632779504908395,26.25086829635372,5.0,drawing,chaotic,middle,middle,pass_interception,pass,0.0016,0.0,0.0,1518,1925299.0,
1925299_2757_2770,,,,,,,,,,,,,,,,,,,,,,0.0016,0.0,0.0,1519,1925299.0,frame_missing
1925299_2757_2770,,,,,,,,,,,,,,,,,,,,,,0.0016,0.0,0.0,1520,1925299.0,frame_missing
1925299_2757_2770,,,,,,,,,,,,,,,,,,,,,,,,,1521,,no_player_id
1925299_2757_2770,,,,,,,,,,,,,,,,,,,,,,0.0016,0.0,0.0,1522,1925299.0,frame_missing
1925299_2757_2770,,,,,,,,,,,,,,,,,,,,,,0.0016,0.0,0.0,1523,1925299.0,frame_missing
1925299_2757_2770,,,,,,,,,,,,,,,,,,,,,,0.0016,0.0,0.0,1524,1925299.0,frame_missing
1925299_2757_2770,1925299.0,2770.0,31279.0,31279.0,797298.0,Brisbane FC,1802.0,51.8085475573288,68.86309316317413,51.8085475573288,1.549354704385022,1.0,2.601922366251538,18.233405508337498,5.0,drawing,chaotic,middle,middle,pass_interception,pass,0.0016,0.0,0.0,1525,1925299.0,
1925299_3130_3146,1925299.0,3130.0,35601.0,35607.0,966114.0,Perth Glory,871.0,41.14659159638863,63.96281732381713,41.14659159638863,0.0,1.0,10.07133059729448,20.211721720864816,5.0,drawing,medium_block,middle,middle,pass_interception,pass,0.015,0.0,0.0,1526,1925299.0,
1925299_3130_3146,,,,,,,,,,,,,,,,,,,,,,0.015,0.0,0.0,1527,1925299.0,frame_missing
1925299_3130_3146,,,,,,,,,,,,,,,,,,,,,,0.015,0.0,0.0,1528,1925299.0,frame_missing
1925299_3130_3146,,,,,,,,,,,,,,,,,,,,,,0.015,0.0,0.0,1529,1925299.0,frame_missing
1925299_3130_3146,,,,,,,,,,,,,,,,,,,,,,0.015,0.0,0.0,1530,1925299.0,frame_missing
1925299_3130_3146,,,,,,,,,,,,,,,,,,,,,,0.015,0.0,0.0,1531,1925299.0,frame_missing
1925299_3130_3146,,,,,,,,,,,,,,,,,,,,,,0.015,0.0,0.0,1532,1925299.0,frame_missing
1925299_3481_3505,1925299.0,3481.0,39003.0,39045.0,287934.0,Brisbane FC,1802.0,23.08974880764189,85.01727177462236,85.01727177462236,10.116743547209252,0.0,8.693192739149408,19.453602313241813,9.0,drawing,high_block,defensive,defensive,recovery,pass,0.0038,0.0,0.0,1533,1925299.0,
1925299_3481_3505,,,,,,,,,,,,,,,,,,,,,,0.0038,0.0,0.0,1534,1925299.0,frame_missing
1925299_3481_3505,,,,,,,,,,,,,,,,,,,,,,0.0038,0.0,0.0,1535,1925299.0,frame_missing
1925299_3481_3505,,,,,,,,,,,,,,,,,,,,,,0.0038,0.0,0.0,1536,1925299.0,frame_missing
1925299_3481_3505,,,,,,,,,,,,,,,,,,,,,,0.0038,0.0,0.0,1537,1925299.0,frame_missing
1925299_3481_3505,,,,,,,,,,,,,,,,,,,,,,0.0038,0.0,0.0,1538,1925299.0,frame_missing
1925299_3481_3505,,,,,,,,,,,,,,,,,,,,,,0.0038,0.0,0.0,1539,1925299.0,frame_missing
1925299_3481_3505,,,,,,,,,,,,,,,,,,,,,,0.0038,0.0,0.0,1540,1925299.0,frame_missing
1925299_3481_3505,,,,,,,,,,,,,,,,,,,,,,0.0038,0.0,0.0,1541,1925299.0,frame_missing
1925299_3481_3505,,,,,,,,,,,,,,,,,,,,,,0.0038,0.0,0.0,1542,1925299.0,frame_missing
1925299_3481_3505,,,,,,,,,,,,,,,,,,,,,,0.0038,0.0,0.0,1543,1925299.0,frame_missing
1925299_3775_3784,1925299.0,3775.0,41773.0,41773.0,51694.0,Perth Glory,871.0,49.98723937166365,55.74696493980636,49.98723937166365,4.914488783179793,1.0,5.291814433632381,18.039652011495285,5.0,drawing,chaotic,middle,middle,pass_interception,pass,0.0148,0.0,0.0,1544,1925299.0,
1925299_3775_3784,,,,,,,,,,,,,,,,,,,,,,0.0148,0.0,0.0,1545,1925299.0,frame_missing
1925299_3775_3784,,,,,,,,,,,,,,,,,,,,,,0.0148,0.0,0.0,1546,1925299.0,frame_missing
1925299_3775_3784,,,,,,,,,,,,,,,,,,,,,,,,,1547,,no_player_id
1925299_3775_3785,1925299.0,3775.0,41773.0,41773.0,51694.0,Perth Glory,871.0,49.98723937166365,55.74696493980636,49.98723937166365,4.914488783179793,1.0,5.291814433632381,18.039652011495285,5.0,drawing,chaotic,middle,middle,pass_interception,pass,0.0148,0.0,0.0,1548,1925299.0,
1925299_3775_3785,,,,,,,,,,,,,,,,,,,,,,0.0148,0.0,0.0,1549,1925299.0,frame_missing
1925299_3775_3785,,,,,,,,,,,,,,,,,,,,,,0.0148,0.0,0.0,1550,1925299.0,frame_missing
1925299_3775_3785,,,,,,,,,,,,,,,,,,,,,,,,,1551,,no_player_id
1925299_3775_3785,,,,,,,,,,,,,,,,,,,,,,,,,1552,,no_player_id
1925299_3999_4007,1925299.0,3999.0,46490.0,46490.0,795541.0,Brisbane FC,1802.0,17.03511960627221,92.96179484067636,17.03511960627221,3.264965543462902,2.0,5.1913100466067315,24.001127670829383,4.0,losing,low_block,attacking,attacking,recovery,pass,0.0556,1.0,1.0,1553,1925299.0,
1925299_3999_4007,,,,,,,,,,,,,,,,,,,,,,0.0556,1.0,1.0,1554,1925299.0,frame_missing
1925299_3999_4007,,,,,,,,,,,,,,,,,,,,,,,,,1555,,no_player_id
1925299_3999_4007,,,,,,,,,,,,,,,,,,,,,,0.0556,1.0,1.0,1556,1925299.0,frame_missing
1925299_4159_4170,1925299.0,4159.0,47997.0,47997.0,51002.0,Brisbane FC,1802.0,49.923711801107096,57.38010979424839,49.923711801107096,2.3426694175662086,1.0,10.39267530523301,17.846240250523937,6.0,losing,chaotic,middle,middle,pass_interception,pass,0.0959,1.0,0.0,1557,1925299.0,
1925299_4159_4170,,,,,,,,,,,,,,,,,,,,,,0.0959,1.0,0.0,1558,1925299.0,frame_missing
1925299_4159_4170,,,,,,,,,,,,,,,,,,,,,,0.0959,1.0,0.0,1559,1925299.0,frame_missing
1925299_4159_4170,,,,,,,,,,,,,,,,,,,,,,0.0959,1.0,0.0,1560,1925299.0,frame_missing
1925299_4159_4170,,,,,,,,,,,,,,,,,,,,,,0.0959,1.0,0.0,1561,1925299.0,frame_missing
1925299_4159_4170,,,,,,,,,,,,,,,,,,,,,,0.0959,1.0,0.0,1562,1925299.0,frame_missing
1925299_4159_4170,1925299.0,4170.0,48041.0,48041.0,51694.0,Perth Glory,871.0,45.87149005646099,59.2553254990638,59.2553254990638,6.580486304217949,0.0,7.533140115516239,18.09579684922987,4.0,losing,chaotic,middle,middle,pass_interception,pass,0.0959,1.0,0.0,1563,1925299.0,
1925299_4172_4182,1925299.0,4172.0,48066.0,48066.0,965698.0,Brisbane FC,1802.0,40.18812760007612,71.1272493493176,40.18812760007612,11.414534594104133,0.0,7.338187787185608,21.29603814819391,5.0,losing,chaotic,middle,middle,pass_interception,pass,0.0091,0.0,0.0,1564,1925299.0,
1925299_4172_4182,,,,,,,,,,,,,,,,,,,,,,0.0091,0.0,0.0,1565,1925299.0,frame_missing
1925299_4172_4182,,,,,,,,,,,,,,,,,,,,,,,,,1566,,no_player_id
1925299_4172_4182,,,,,,,,,,,,,,,,,,,,,,0.0091,0.0,0.0,1567,1925299.0,frame_missing
1925299_4172_4182,,,,,,,,,,,,,,,,,,,,,,0.0091,0.0,0.0,1568,1925299.0,frame_missing
1925299_4172_4182,1925299.0,4182.0,48094.0,48124.0,560984.0,Perth Glory,871.0,47.21071594458191,57.79058487331652,47.21071594458191,0.8926925562588726,1.0,9.353614274706864,25.84012214022804,8.0,losing,chaotic,middle,middle,recovery,pass,0.0091,0.0,0.0,1569,1925299.0,
1925299_4188_4210,1925299.0,4188.0,48154.0,48189.0,965698.0,Brisbane FC,1802.0,48.226118442188564,58.926721442822526,48.226118442188564,2.4350154003619773,1.0,4.593147069276141,16.109132654804675,5.0,losing,medium_block,middle,middle,recovery,pass,0.0099,0.0,1.0,1570,1925299.0,
1925299_4188_4210,,,,,,,,,,,,,,,,,,,,,,0.0099,0.0,1.0,1571,1925299.0,frame_missing
1925299_4188_4210,,,,,,,,,,,,,,,,,,,,,,0.0099,0.0,1.0,1572,1925299.0,frame_missing
1925299_4188_4210,,,,,,,,,,,,,,,,,,,,,,0.0099,0.0,1.0,1573,1925299.0,frame_missing
1925299_4188_4210,,,,,,,,,,,,,,,,,,,,,,0.0099,0.0,1.0,1574,1925299.0,frame_missing
1925299_4188_4210,,,,,,,,,,,,,,,,,,,,,,0.0099,0.0,1.0,1575,1925299.0,frame_missing
1925299_4188_4210,,,,,,,,,,,,,,,,,,,,,,0.0099,0.0,1.0,1576,1925299.0,frame_missing
1925299_4188_4210,,,,,,,,,,,,,,,,,,,,,,0.0099,0.0,1.0,1577,1925299.0,frame_missing
1925299_4188_4210,,,,,,,,,,,,,,,,,,,,,,,,,1578,,no_player_id
1925299_4286_4308,1925299.0,4286.0,49655.0,49664.0,560988.0,Perth Glory,871.0,48.47911405956177,63.68221494263528,63.68221494263528,7.13137434159784,0.0,12.207047144989652,21.484995969418385,7.0,winning,medium_block,middle,middle,pass_interception,pass,0.0033,0.0,0.0,1579,1925299.0,
1925299_4286_4308,,,,,,,,,,,,,,,,,,,,,,0.0033,0.0,0.0,1580,1925299.0,frame_missing
1925299_4286_4308,,,,,,,,,,,,,,,,,,,,,,0.0033,0.0,0.0,1581,1925299.0,frame_missing
1925299_4286_4308,,,,,,,,,,,,,,,,,,,,,,0.0033,0.0,0.0,1582,1925299.0,frame_missing
1925299_4286_4308,,,,,,,,,,,,,,,,,,,,,,0.0033,0.0,0.0,1583,1925299.0,frame_missing
1925299_4286_4308,,,,,,,,,,,,,,,,,,,,,,0.0033,0.0,0.0,1584,1925299.0,frame_missing
1925299_4286_4308,,,,,,,,,,,,,,,,,,,,,,0.0033,0.0,0.0,1585,1925299.0,frame_missing
1925299_4286_4308,,,,,,,,,,,,,,,,,,,,,,0.0033,0.0,0.0,1586,1925299.0,frame_missing
1925299_4336_4406,1925299.0,4336.0,50280.0,50305.0,560989.0,Perth Glory,871.0,52.67280322899096,55.0320288559308,55.0320288559308,9.812976103099405,0.0,12.786903456271185,28.725566009343158,1.0,winning,medium_block,middle,middle,pass_interception,pass,0.2067,1.0,0.0,1587,1925299.0,
1925299_4336_4406,,,,,,,,,,,,,,,,,,,,,,0.2067,1.0,0.0,1588,1925299.0,frame_missing
1925299_4336_4406,,,,,,,,,,,,,,,,,,,,,,0.2067,1.0,0.0,1589,1925299.0,frame_missing
1925299_4336_4406,,,,,,,,,,,,,,,,,,,,,,0.2067,1.0,0.0,1590,1925299.0,frame_missing
1925299_4336_4406,,,,,,,,,,,,,,,,,,,,,,0.2067,1.0,0.0,1591,1925299.0,frame_missing
1925299_4336_4406,,,,,,,,,,,,,,,,,,,,,,0.2067,1.0,0.0,1592,1925299.0,frame_missing
1925299_4336_4406,,,,,,,,,,,,,,,,,,,,,,0.2067,1.0,0.0,1593,1925299.0,frame_missing
1925299_4336_4406,,,,,,,,,,,,,,,,,,,,,,0.2067,1.0,0.0,1594,1925299.0,frame_missing
1925299_4336_4406,,,,,,,,,,,,,,,,,,,,,,0.2067,1.0,0.0,1595,1925299.0,frame_missing
1925299_4336_4406,,,,,,,,,,,,,,,,,,,,,,0.2067,1.0,0.0,1596,1925299.0,frame_missing
1925299_4336_4406,,,,,,,,,,,,,,,,,,,,,,0.2067,1.0,0.0,1597,1925299.0,frame_missing
1925299_4336_4406,,,,,,,,,,,,,,,,,,,,,,0.2067,1.0,0.0,1598,1925299.0,frame_missing
1925299_4336_4406,,,,,,,,,,,,,,,,,,,,,,0.2067,1.0,0.0,1599,1925299.0,frame_missing
1925299_4336_4406,,,,,,,,,,,,,,,,,,,,,,0.2067,1.0,0.0,1600,1925299.0,frame_missing
1925299_4336_4406,,,,,,,,,,,,,,,,,,,,,,0.2067,1.0,0.0,1601,1925299.0,frame_missing
1925299_4336_4406,,,,,,,,,,,,,,,,,,,,,,0.2067,1.0,0.0,1602,1925299.0,frame_missing
1925299_4336_4406,,,,,,,,,,,,,,,,,,,,,,0.2067,1.0,0.0,1603,1925299.0,frame_missing
1925299_4336_4406,,,,,,,,,,,,,,,,,,,,,,0.2067,1.0,0.0,1604,1925299.0,frame_missing
1925299_4336_4406,,,,,,,,,,,,,,,,,,,,,,0.2067,1.0,0.0,1605,1925299.0,frame_missing
1925299_4336_4406,,,,,,,,,,,,,,,,,,,,,,0.2067,1.0,0.0,1606,1925299.0,frame_missing
1925299_4336_4406,,,,,,,,,,,,,,,,,,,,,,0.2067,1.0,0.0,1607,1925299.0,frame_missing
1925299_4336_4406,,,,,,,,,,,,,,,,,,,,,,0.2067,1.0,0.0,1608,1925299.0,frame_missing
1925299_4336_4406,,,,,,,,,,,,,,,,,,,,,,0.2067,1.0,0.0,1609,1925299.0,frame_missing
1925299_4336_4406,,,,,,,,,,,,,,,,,,,,,,0.2067,1.0,0.0,1610,1925299.0,frame_missing
1925299_4336_4406,,,,,,,,,,,,,,,,,,,,,,0.2067,1.0,0.0,1611,1925299.0,frame_missing
1925299_4336_4406,,,,,,,,,,,,,,,,,,,,,,0.2067,1.0,0.0,1612,1925299.0,frame_missing
1925299_4336_4406,,,,,,,,,,,,,,,,,,,,,,0.2067,1.0,0.0,1613,1925299.0,frame_missing
1925299_4336_4406,,,,,,,,,,,,,,,,,,,,,,0.2067,1.0,0.0,1614,1925299.0,frame_missing
1925299_4336_4406,,,,,,,,,,,,,,,,,,,,,,0.2067,1.0,0.0,1615,1925299.0,frame_missing
1925299_4336_4406,,,,,,,,,,,,,,,,,,,,,,0.2067,1.0,0.0,1616,1925299.0,frame_missing
1925299_4336_4406,,,,,,,,,,,,,,,,,,,,,,0.2067,1.0,0.0,1617,1925299.0,frame_missing
1925299_4445_4455,1925299.0,4445.0,51887.0,51901.0,287934.0,Brisbane FC,1802.0,34.2700802450184,75.03757991833159,75.03757991833159,11.536099860871525,0.0,12.195609865849267,23.425305815270224,8.0,losing,chaotic,defensive,defensive,recovery,pass,0.0053,0.0,0.0,1618,1925299.0,
1925299_4445_4455,,,,,,,,,,,,,,,,,,,,,,0.0053,0.0,0.0,1619,1925299.0,frame_missing
1925299_4445_4455,,,,,,,,,,,,,,,,,,,,,,0.0053,0.0,0.0,1620,1925299.0,frame_missing
1925299_4445_4455,,,,,,,,,,,,,,,,,,,,,,0.0053,0.0,0.0,1621,1925299.0,frame_missing
1925299_4445_4455,,,,,,,,,,,,,,,,,,,,,,0.0053,0.0,0.0,1622,1925299.0,frame_missing
1925299_4445_4455,1925299.0,4455.0,51934.0,51934.0,966115.0,Perth Glory,871.0,33.35280647861586,78.08847354123398,33.35280647861586,5.322029688004378,0.0,5.572396252959765,20.50137794391935,5.0,losing,chaotic,defensive,defensive,pass_interception,pass,0.0053,0.0,0.0,1623,1925299.0,
1925299_4775_4789,,,,,,,,,,,,,,,,,,,,,,,,,1624,,no_player_id
1925299_4775_4789,,,,,,,,,,,,,,,,,,,,,,0.0044,0.0,0.0,1625,1925299.0,frame_missing
1925299_4775_4789,,,,,,,,,,,,,,,,,,,,,,0.0044,0.0,0.0,1626,1925299.0,frame_missing
1925299_4775_4789,,,,,,,,,,,,,,,,,,,,,,0.0044,0.0,0.0,1627,1925299.0,frame_missing
1925299_4775_4789,,,,,,,,,,,,,,,,,,,,,,0.0044,0.0,0.0,1628,1925299.0,frame_missing
1925299_4775_4789,,,,,,,,,,,,,,,,,,,,,,0.0044,0.0,0.0,1629,1925299.0,frame_missing
1925299_4775_4789,,,,,,,,,,,,,,,,,,,,,,0.0044,0.0,0.0,1630,1925299.0,frame_missing
1925299_4775_4789,,,,,,,,,,,,,,,,,,,,,,0.0044,0.0,0.0,1631,1925299.0,frame_missing
1925299_4775_4789,,,,,,,,,,,,,,,,,,,,,,0.0044,0.0,0.0,1632,1925299.0,frame_missing
1925299_4793_4805,1925299.0,4793.0,56124.0,56151.0,965698.0,Brisbane FC,1802.0,18.942842975646503,87.7161974780029,18.942842975646503,16.61345238052585,0.0,4.534754679141971,28.914770571911937,3.0,losing,defending_quick_break,attacking,attacking,pass_interception,pass,0.0441,1.0,2.0,1633,1925299.0,
1925299_4793_4805,,,,,,,,,,,,,,,,,,,,,,0.0441,1.0,2.0,1634,1925299.0,frame_missing
1925299_4793_4805,,,,,,,,,,,,,,,,,,,,,,0.0441,1.0,2.0,1635,1925299.0,frame_missing
1925299_4793_4805,,,,,,,,,,,,,,,,,,,,,,0.0441,1.0,2.0,1636,1925299.0,frame_missing
1925299_4793_4805,,,,,,,,,,,,,,,,,,,,,,,,,1637,,no_player_id
1925299_4831_4839,1925299.0,4831.0,57023.0,57023.0,560984.0,Perth Glory,871.0,37.18006186116424,68.88001887340045,37.18006186116424,2.0995475703112807,1.0,7.833377304841126,17.79244959152589,4.0,winning,medium_block,middle,middle,pass_interception,pass,0.0201,1.0,0.0,1638,1925299.0,
1925299_4831_4839,,,,,,,,,,,,,,,,,,,,,,0.0201,1.0,0.0,1639,1925299.0,frame_missing
1925299_4831_4839,,,,,,,,,,,,,,,,,,,,,,0.0201,1.0,0.0,1640,1925299.0,frame_missing
1925299_4831_4839,,,,,,,,,,,,,,,,,,,,,,,,,1641,,no_player_id
1925299_4899_4907,1925299.0,4899.0,57847.0,57847.0,560988.0,Perth Glory,871.0,47.784350994860226,72.25817739190492,72.25817739190492,0.7665507158694708,2.0,4.746883187945539,15.76796888529079,5.0,winning,chaotic,middle,middle,pass_interception,pass,0.0329,1.0,0.0,1642,1925299.0,
1925299_4899_4907,,,,,,,,,,,,,,,,,,,,,,0.0329,1.0,0.0,1643,1925299.0,frame_missing
1925299_4899_4907,,,,,,,,,,,,,,,,,,,,,,0.0329,1.0,0.0,1644,1925299.0,frame_missing
1925299_4899_4907,1925299.0,4907.0,57903.0,57920.0,965698.0,Brisbane FC,1802.0,28.10161027414621,77.9448555069544,28.10161027414621,8.500476457234617,0.0,4.715527542067799,19.30112181304609,4.0,winning,chaotic,attacking,attacking,recovery,pass,0.0329,1.0,0.0,1645,1925299.0,
1925299_4912_4929,1925299.0,4912.0,57948.0,58170.0,560988.0,Perth Glory,871.0,35.5624802284655,82.59110121556681,82.59110121556681,3.7224722967404356,1.0,6.119934640173866,19.180796396822654,4.0,winning,defending_direct,attacking,attacking,pass_interception,pass,0.0592,1.0,0.0,1646,1925299.0,
1925299_4912_4929,,,,,,,,,,,,,,,,,,,,,,0.0592,1.0,0.0,1647,1925299.0,frame_missing
1925299_4912_4929,,,,,,,,,,,,,,,,,,,,,,0.0592,1.0,0.0,1648,1925299.0,frame_missing
1925299_4912_4929,,,,,,,,,,,,,,,,,,,,,,0.0592,1.0,0.0,1649,1925299.0,frame_missing
1925299_4912_4929,,,,,,,,,,,,,,,,,,,,,,0.0592,1.0,0.0,1650,1925299.0,frame_missing
1925299_4912_4929,,,,,,,,,,,,,,,,,,,,,,0.0592,1.0,0.0,1651,1925299.0,frame_missing
1925299_4912_4929,,,,,,,,,,,,,,,,,,,,,,0.0592,1.0,0.0,1652,1925299.0,frame_missing
1925299_5183_5190,1925299.0,5183.0,61024.0,61024.0,51694.0,Perth Glory,871.0,30.072618775224747,86.93194119539723,86.93194119539723,3.797169998828075,1.0,2.470506021041036,17.040834055844098,3.0,winning,chaotic,attacking,attacking,recovery,pass,0.0182,0.0,0.0,1653,1925299.0,
1925299_5183_5190,,,,,,,,,,,,,,,,,,,,,,0.0182,0.0,0.0,1654,1925299.0,frame_missing
1925299_5183_5190,,,,,,,,,,,,,,,,,,,,,,0.0182,0.0,0.0,1655,1925299.0,frame_missing
1925299_5183_5190,,,,,,,,,,,,,,,,,,,,,,0.0182,0.0,0.0,1656,1925299.0,frame_missing
1925299_5183_5190,,,,,,,,,,,,,,,,,,,,,,0.0182,0.0,0.0,1657,1925299.0,frame_missing
1925299_5183_5190,,,,,,,,,,,,,,,,,,,,,,0.0182,0.0,0.0,1658,1925299.0,frame_missing
1925299_5195_5208,1925299.0,5195.0,61123.0,61131.0,51694.0,Perth Glory,871.0,27.763063591758023,81.15225012284009,81.15225012284009,1.2791012469699181,4.0,3.216240040792977,12.306733013579757,3.0,winning,high_block,attacking,attacking,recovery,pass,0.002,0.0,0.0,1659,1925299.0,
1925299_5195_5208,,,,,,,,,,,,,,,,,,,,,,0.002,0.0,0.0,1660,1925299.0,frame_missing
1925299_5195_5208,,,,,,,,,,,,,,,,,,,,,,0.002,0.0,0.0,1661,1925299.0,frame_missing
1925299_5195_5208,,,,,,,,,,,,,,,,,,,,,,0.002,0.0,0.0,1662,1925299.0,frame_missing
1925299_5195_5208,,,,,,,,,,,,,,,,,,,,,,,,,1663,,no_player_id
1953632_132_152,1953632.0,132.0,886.0,942.0,11891.0,Melbourne City,2380.0,52.84824027344714,66.94278527220092,52.84824027344714,0.0,2.0,7.0062971675486345,21.899478370472504,1.0,drawing,medium_block,middle,middle,pass_interception,pass,0.0017,0.0,0.0,1664,1953632.0,
1953632_132_152,,,,,,,,,,,,,,,,,,,,,,0.0017,0.0,0.0,1665,1953632.0,frame_missing
1953632_132_152,,,,,,,,,,,,,,,,,,,,,,0.0017,0.0,0.0,1666,1953632.0,frame_missing
1953632_132_152,,,,,,,,,,,,,,,,,,,,,,0.0017,0.0,0.0,1667,1953632.0,frame_missing
1953632_132_152,,,,,,,,,,,,,,,,,,,,,,0.0017,0.0,0.0,1668,1953632.0,frame_missing
1953632_132_152,,,,,,,,,,,,,,,,,,,,,,0.0017,0.0,0.0,1669,1953632.0,frame_missing
1953632_132_152,,,,,,,,,,,,,,,,,,,,,,,,,1670,,no_player_id
1953632_280_317,1953632.0,280.0,3277.0,3306.0,51051.0,Melbourne City,2380.0,53.72169021912844,59.22516357090118,59.22516357090118,0.0,1.0,7.5404509148989245,20.458887610228366,1.0,drawing,medium_block,middle,middle,recovery,pass,0.0106,0.0,0.0,1671,1953632.0,
1953632_280_317,,,,,,,,,,,,,,,,,,,,,,0.0106,0.0,0.0,1672,1953632.0,frame_missing
1953632_280_317,,,,,,,,,,,,,,,,,,,,,,0.0106,0.0,0.0,1673,1953632.0,frame_missing
1953632_280_317,,,,,,,,,,,,,,,,,,,,,,0.0106,0.0,0.0,1674,1953632.0,frame_missing
1953632_280_317,,,,,,,,,,,,,,,,,,,,,,0.0106,0.0,0.0,1675,1953632.0,frame_missing
1953632_280_317,,,,,,,,,,,,,,,,,,,,,,0.0106,0.0,0.0,1676,1953632.0,frame_missing
1953632_280_317,,,,,,,,,,,,,,,,,,,,,,0.0106,0.0,0.0,1677,1953632.0,frame_missing
1953632_280_317,,,,,,,,,,,,,,,,,,,,,,0.0106,0.0,0.0,1678,1953632.0,frame_missing
1953632_280_317,,,,,,,,,,,,,,,,,,,,,,0.0106,0.0,0.0,1679,1953632.0,frame_missing
1953632_280_317,,,,,,,,,,,,,,,,,,,,,,0.0106,0.0,0.0,1680,1953632.0,frame_missing
1953632_280_317,,,,,,,,,,,,,,,,,,,,,,0.0106,0.0,0.0,1681,1953632.0,frame_missing
1953632_280_317,,,,,,,,,,,,,,,,,,,,,,0.0106,0.0,0.0,1682,1953632.0,frame_missing
1953632_280_317,,,,,,,,,,,,,,,,,,,,,,0.0106,0.0,0.0,1683,1953632.0,frame_missing
1953632_280_317,,,,,,,,,,,,,,,,,,,,,,0.0106,0.0,0.0,1684,1953632.0,frame_missing
1953632_280_317,,,,,,,,,,,,,,,,,,,,,,,,,1685,,no_player_id
1953632_512_551,1953632.0,512.0,5193.0,5214.0,50992.0,Melbourne City,2380.0,17.952609838126605,87.48369105153257,87.48369105153257,0.0,1.0,18.04862875677817,39.3326409618135,0.0,drawing,medium_block,attacking,attacking,recovery,pass,0.0039,0.0,0.0,1686,1953632.0,
1953632_512_551,,,,,,,,,,,,,,,,,,,,,,0.0039,0.0,0.0,1687,1953632.0,frame_missing
1953632_512_551,,,,,,,,,,,,,,,,,,,,,,0.0039,0.0,0.0,1688,1953632.0,frame_missing
1953632_512_551,,,,,,,,,,,,,,,,,,,,,,0.0039,0.0,0.0,1689,1953632.0,frame_missing
1953632_512_551,,,,,,,,,,,,,,,,,,,,,,0.0039,0.0,0.0,1690,1953632.0,frame_missing
1953632_512_551,,,,,,,,,,,,,,,,,,,,,,0.0039,0.0,0.0,1691,1953632.0,frame_missing
1953632_512_551,,,,,,,,,,,,,,,,,,,,,,0.0039,0.0,0.0,1692,1953632.0,frame_missing
1953632_512_551,,,,,,,,,,,,,,,,,,,,,,0.0039,0.0,0.0,1693,1953632.0,frame_missing
1953632_512_551,,,,,,,,,,,,,,,,,,,,,,0.0039,0.0,0.0,1694,1953632.0,frame_missing
1953632_512_551,,,,,,,,,,,,,,,,,,,,,,0.0039,0.0,0.0,1695,1953632.0,frame_missing
1953632_512_551,,,,,,,,,,,,,,,,,,,,,,0.0039,0.0,0.0,1696,1953632.0,frame_missing
1953632_512_551,,,,,,,,,,,,,,,,,,,,,,0.0039,0.0,0.0,1697,1953632.0,frame_missing
1953632_512_551,,,,,,,,,,,,,,,,,,,,,,0.0039,0.0,0.0,1698,1953632.0,frame_missing
1953632_512_551,,,,,,,,,,,,,,,,,,,,,,0.0039,0.0,0.0,1699,1953632.0,frame_missing
1953632_512_551,,,,,,,,,,,,,,,,,,,,,,,,,1700,,no_player_id
1953632_605_625,1953632.0,605.0,5935.0,5950.0,23930.0,CC Mariners,870.0,23.862581587078964,95.06115294903591,95.06115294903591,7.419925875640536,0.0,4.852731189752836,25.18240163615834,10.0,drawing,chaotic,defensive,defensive,recovery,pass,0.0062,0.0,0.0,1701,1953632.0,
1953632_605_625,,,,,,,,,,,,,,,,,,,,,,0.0062,0.0,0.0,1702,1953632.0,frame_missing
1953632_605_625,,,,,,,,,,,,,,,,,,,,,,0.0062,0.0,0.0,1703,1953632.0,frame_missing
1953632_605_625,,,,,,,,,,,,,,,,,,,,,,0.0062,0.0,0.0,1704,1953632.0,frame_missing
1953632_605_625,1953632.0,614.0,5981.0,5997.0,51681.0,Melbourne City,2380.0,37.215225378868794,82.31447624810596,37.215225378868794,3.2306655661024397,1.0,4.15996394215142,18.216602018898683,1.0,drawing,chaotic,defensive,defensive,pass_interception,pass,0.0062,0.0,0.0,1705,1953632.0,
1953632_605_625,,,,,,,,,,,,,,,,,,,,,,0.0062,0.0,0.0,1706,1953632.0,frame_missing
1953632_605_625,,,,,,,,,,,,,,,,,,,,,,,,,1707,,no_player_id
1953632_614_632,1953632.0,614.0,5981.0,5997.0,51681.0,Melbourne City,2380.0,37.215225378868794,82.31447624810596,37.215225378868794,3.2306655661024397,1.0,4.15996394215142,18.216602018898683,1.0,drawing,low_block,defensive,defensive,pass_interception,pass,0.0062,0.0,0.0,1708,1953632.0,
1953632_614_632,,,,,,,,,,,,,,,,,,,,,,0.0062,0.0,0.0,1709,1953632.0,frame_missing
1953632_614_632,,,,,,,,,,,,,,,,,,,,,,,,,1710,,no_player_id
1953632_614_632,,,,,,,,,,,,,,,,,,,,,,0.0062,0.0,0.0,1711,1953632.0,frame_missing
1953632_614_632,,,,,,,,,,,,,,,,,,,,,,0.0062,0.0,0.0,1712,1953632.0,frame_missing
1953632_614_632,,,,,,,,,,,,,,,,,,,,,,0.0062,0.0,0.0,1713,1953632.0,frame_missing
1953632_614_632,,,,,,,,,,,,,,,,,,,,,,0.0062,0.0,0.0,1714,1953632.0,frame_missing
1953632_614_632,1953632.0,632.0,6058.0,6058.0,29856.0,CC Mariners,870.0,29.315814844551053,81.95313904909317,81.95313904909317,2.420743687382039,2.0,5.292447448959695,19.922194802430145,7.0,drawing,low_block,defensive,defensive,recovery,pass,0.0062,0.0,0.0,1715,1953632.0,
1953632_749_762,1953632.0,749.0,8012.0,8017.0,23930.0,CC Mariners,870.0,37.09178480472462,80.30815961034097,80.30815961034097,7.45241571572601,0.0,8.802420121761969,26.217954532200046,10.0,drawing,medium_block,defensive,defensive,pass_interception,pass,0.0026,0.0,0.0,1716,1953632.0,
1953632_749_762,,,,,,,,,,,,,,,,,,,,,,0.0026,0.0,0.0,1717,1953632.0,frame_missing
1953632_749_762,,,,,,,,,,,,,,,,,,,,,,0.0026,0.0,0.0,1718,1953632.0,frame_missing
1953632_749_762,,,,,,,,,,,,,,,,,,,,,,0.0026,0.0,0.0,1719,1953632.0,frame_missing
1953632_749_762,,,,,,,,,,,,,,,,,,,,,,0.0026,0.0,0.0,1720,1953632.0,frame_missing
1953632_749_762,,,,,,,,,,,,,,,,,,,,,,0.0026,0.0,0.0,1721,1953632.0,frame_missing
1953632_749_762,,,,,,,,,,,,,,,,,,,,,,0.0026,0.0,0.0,1722,1953632.0,frame_missing
1953632_749_762,,,,,,,,,,,,,,,,,,,,,,0.0026,0.0,0.0,1723,1953632.0,frame_missing
1953632_857_881,1953632.0,857.0,9243.0,9243.0,9520.0,Melbourne City,2380.0,34.703708735522774,70.37646907880502,70.37646907880502,0.0,1.0,17.57626240131843,29.39465573983114,0.0,drawing,medium_block,attacking,attacking,recovery,pass,0.0044,0.0,0.0,1724,1953632.0,
1953632_857_881,,,,,,,,,,,,,,,,,,,,,,0.0044,0.0,0.0,1725,1953632.0,frame_missing
1953632_857_881,,,,,,,,,,,,,,,,,,,,,,0.0044,0.0,0.0,1726,1953632.0,frame_missing
1953632_857_881,,,,,,,,,,,,,,,,,,,,,,0.0044,0.0,0.0,1727,1953632.0,frame_missing
1953632_857_881,,,,,,,,,,,,,,,,,,,,,,0.0044,0.0,0.0,1728,1953632.0,frame_missing
1953632_857_881,,,,,,,,,,,,,,,,,,,,,,0.0044,0.0,0.0,1729,1953632.0,frame_missing
1953632_857_881,,,,,,,,,,,,,,,,,,,,,,0.0044,0.0,0.0,1730,1953632.0,frame_missing
1953632_857_881,,,,,,,,,,,,,,,,,,,,,,0.0044,0.0,0.0,1731,1953632.0,frame_missing
1953632_857_881,,,,,,,,,,,,,,,,,,,,,,0.0044,0.0,0.0,1732,1953632.0,frame_missing
1953632_857_881,,,,,,,,,,,,,,,,,,,,,,,,,1733,,no_player_id
1953632_1012_1058,1953632.0,1012.0,10121.0,10137.0,50992.0,Melbourne City,2380.0,38.35625242382264,69.8083240022277,69.8083240022277,0.0,1.0,14.996759650004398,35.71679985981678,0.0,drawing,medium_block,middle,middle,pass_interception,pass,0.0032,0.0,0.0,1734,1953632.0,
1953632_1012_1058,,,,,,,,,,,,,,,,,,,,,,0.0032,0.0,0.0,1735,1953632.0,frame_missing
1953632_1012_1058,,,,,,,,,,,,,,,,,,,,,,0.0032,0.0,0.0,1736,1953632.0,frame_missing
1953632_1012_1058,,,,,,,,,,,,,,,,,,,,,,0.0032,0.0,0.0,1737,1953632.0,frame_missing
1953632_1012_1058,,,,,,,,,,,,,,,,,,,,,,0.0032,0.0,0.0,1738,1953632.0,frame_missing
1953632_1012_1058,,,,,,,,,,,,,,,,,,,,,,0.0032,0.0,0.0,1739,1953632.0,frame_missing
1953632_1012_1058,,,,,,,,,,,,,,,,,,,,,,0.0032,0.0,0.0,1740,1953632.0,frame_missing
1953632_1012_1058,,,,,,,,,,,,,,,,,,,,,,0.0032,0.0,0.0,1741,1953632.0,frame_missing
1953632_1012_1058,,,,,,,,,,,,,,,,,,,,,,0.0032,0.0,0.0,1742,1953632.0,frame_missing
1953632_1012_1058,,,,,,,,,,,,,,,,,,,,,,0.0032,0.0,0.0,1743,1953632.0,frame_missing
1953632_1012_1058,,,,,,,,,,,,,,,,,,,,,,0.0032,0.0,0.0,1744,1953632.0,frame_missing
1953632_1012_1058,,,,,,,,,,,,,,,,,,,,,,0.0032,0.0,0.0,1745,1953632.0,frame_missing
1953632_1012_1058,,,,,,,,,,,,,,,,,,,,,,0.0032,0.0,0.0,1746,1953632.0,frame_missing
1953632_1012_1058,,,,,,,,,,,,,,,,,,,,,,0.0032,0.0,0.0,1747,1953632.0,frame_missing
1953632_1012_1058,,,,,,,,,,,,,,,,,,,,,,0.0032,0.0,0.0,1748,1953632.0,frame_missing
1953632_1012_1058,,,,,,,,,,,,,,,,,,,,,,,,,1749,,no_player_id
1953632_1195_1264,1953632.0,1195.0,11800.0,11827.0,771857.0,Melbourne City,2380.0,54.47225532323772,64.9363272752625,64.9363272752625,1.8335757415498262,1.0,7.011454913211665,22.352616164538034,1.0,drawing,medium_block,middle,middle,recovery,pass,0.0481,1.0,0.0,1750,1953632.0,
1953632_1195_1264,,,,,,,,,,,,,,,,,,,,,,0.0481,1.0,0.0,1751,1953632.0,frame_missing
1953632_1195_1264,,,,,,,,,,,,,,,,,,,,,,0.0481,1.0,0.0,1752,1953632.0,frame_missing
1953632_1195_1264,,,,,,,,,,,,,,,,,,,,,,0.0481,1.0,0.0,1753,1953632.0,frame_missing
1953632_1195_1264,,,,,,,,,,,,,,,,,,,,,,0.0481,1.0,0.0,1754,1953632.0,frame_missing
1953632_1195_1264,,,,,,,,,,,,,,,,,,,,,,0.0481,1.0,0.0,1755,1953632.0,frame_missing
1953632_1195_1264,,,,,,,,,,,,,,,,,,,,,,0.0481,1.0,0.0,1756,1953632.0,frame_missing
1953632_1195_1264,,,,,,,,,,,,,,,,,,,,,,0.0481,1.0,0.0,1757,1953632.0,frame_missing
1953632_1195_1264,,,,,,,,,,,,,,,,,,,,,,0.0481,1.0,0.0,1758,1953632.0,frame_missing
1953632_1195_1264,,,,,,,,,,,,,,,,,,,,,,0.0481,1.0,0.0,1759,1953632.0,frame_missing
1953632_1195_1264,,,,,,,,,,,,,,,,,,,,,,0.0481,1.0,0.0,1760,1953632.0,frame_missing
1953632_1195_1264,,,,,,,,,,,,,,,,,,,,,,0.0481,1.0,0.0,1761,1953632.0,frame_missing
1953632_1195_1264,,,,,,,,,,,,,,,,,,,,,,0.0481,1.0,0.0,1762,1953632.0,frame_missing
1953632_1195_1264,,,,,,,,,,,,,,,,,,,,,,0.0481,1.0,0.0,1763,1953632.0,frame_missing
1953632_1195_1264,,,,,,,,,,,,,,,,,,,,,,0.0481,1.0,0.0,1764,1953632.0,frame_missing
1953632_1195_1264,,,,,,,,,,,,,,,,,,,,,,0.0481,1.0,0.0,1765,1953632.0,frame_missing
1953632_1195_1264,,,,,,,,,,,,,,,,,,,,,,0.0481,1.0,0.0,1766,1953632.0,frame_missing
1953632_1195_1264,,,,,,,,,,,,,,,,,,,,,,0.0481,1.0,0.0,1767,1953632.0,frame_missing
1953632_1195_1264,,,,,,,,,,,,,,,,,,,,,,0.0481,1.0,0.0,1768,1953632.0,frame_missing
1953632_1195_1264,,,,,,,,,,,,,,,,,,,,,,0.0481,1.0,0.0,1769,1953632.0,frame_missing
1953632_1195_1264,,,,,,,,,,,,,,,,,,,,,,0.0481,1.0,0.0,1770,1953632.0,frame_missing
1953632_1195_1264,,,,,,,,,,,,,,,,,,,,,,0.0481,1.0,0.0,1771,1953632.0,frame_missing
1953632_1409_1418,1953632.0,1409.0,13733.0,13756.0,23930.0,CC Mariners,870.0,40.6308355808738,67.87978196782898,67.87978196782898,12.774576313913508,0.0,20.677369271742478,32.962780490671676,9.0,drawing,medium_block,middle,middle,recovery,pass,0.0748,1.0,0.0,1772,1953632.0,
1953632_1409_1418,,,,,,,,,,,,,,,,,,,,,,0.0748,1.0,0.0,1773,1953632.0,frame_missing
1953632_1409_1418,,,,,,,,,,,,,,,,,,,,,,0.0748,1.0,0.0,1774,1953632.0,frame_missing
1953632_1409_1418,,,,,,,,,,,,,,,,,,,,,,0.0748,1.0,0.0,1775,1953632.0,frame_missing
1953632_1807_1855,1953632.0,1807.0,18055.0,18123.0,771861.0,Melbourne City,2380.0,52.44013729959143,60.16118349899709,52.44013729959143,2.7644167558456165,1.0,12.920131578277365,23.503338460174394,0.0,drawing,medium_block,middle,middle,pass_interception,pass,0.0026,0.0,0.0,1776,1953632.0,
1953632_1807_1855,,,,,,,,,,,,,,,,,,,,,,0.0026,0.0,0.0,1777,1953632.0,frame_missing
1953632_1807_1855,,,,,,,,,,,,,,,,,,,,,,0.0026,0.0,0.0,1778,1953632.0,frame_missing
1953632_1807_1855,,,,,,,,,,,,,,,,,,,,,,0.0026,0.0,0.0,1779,1953632.0,frame_missing
1953632_1807_1855,,,,,,,,,,,,,,,,,,,,,,0.0026,0.0,0.0,1780,1953632.0,frame_missing
1953632_1807_1855,,,,,,,,,,,,,,,,,,,,,,0.0026,0.0,0.0,1781,1953632.0,frame_missing
1953632_1807_1855,,,,,,,,,,,,,,,,,,,,,,0.0026,0.0,0.0,1782,1953632.0,frame_missing
1953632_1807_1855,,,,,,,,,,,,,,,,,,,,,,0.0026,0.0,0.0,1783,1953632.0,frame_missing
1953632_1807_1855,,,,,,,,,,,,,,,,,,,,,,0.0026,0.0,0.0,1784,1953632.0,frame_missing
1953632_1807_1855,,,,,,,,,,,,,,,,,,,,,,0.0026,0.0,0.0,1785,1953632.0,frame_missing
1953632_1807_1855,,,,,,,,,,,,,,,,,,,,,,0.0026,0.0,0.0,1786,1953632.0,frame_missing
1953632_1807_1855,,,,,,,,,,,,,,,,,,,,,,0.0026,0.0,0.0,1787,1953632.0,frame_missing
1953632_1807_1855,,,,,,,,,,,,,,,,,,,,,,0.0026,0.0,0.0,1788,1953632.0,frame_missing
1953632_1807_1855,,,,,,,,,,,,,,,,,,,,,,0.0026,0.0,0.0,1789,1953632.0,frame_missing
1953632_1807_1855,,,,,,,,,,,,,,,,,,,,,,0.0026,0.0,0.0,1790,1953632.0,frame_missing
1953632_1807_1855,,,,,,,,,,,,,,,,,,,,,,0.0026,0.0,0.0,1791,1953632.0,frame_missing
1953632_1807_1855,,,,,,,,,,,,,,,,,,,,,,0.0026,0.0,0.0,1792,1953632.0,frame_missing
1953632_1807_1855,,,,,,,,,,,,,,,,,,,,,,,,,1793,,no_player_id
1953632_1924_1932,,,,,,,,,,,,,,,,,,,,,,,,,1794,,no_player_id
1953632_1924_1932,,,,,,,,,,,,,,,,,,,,,,,,1.0,1795,1953632.0,frame_missing
1953632_1924_1932,,,,,,,,,,,,,,,,,,,,,,,,1.0,1796,1953632.0,frame_missing
1953632_1924_1932,,,,,,,,,,,,,,,,,,,,,,,,,1797,,no_player_id
1953632_1991_2003,1953632.0,1991.0,22481.0,22481.0,51681.0,Melbourne City,2380.0,36.839579259269506,68.60506249541648,68.60506249541648,5.939781140749211,0.0,6.292868980043998,13.74272639634455,1.0,winning,high_block,middle,middle,recovery,pass,0.009,0.0,0.0,1798,1953632.0,
1953632_1991_2003,,,,,,,,,,,,,,,,,,,,,,0.009,0.0,0.0,1799,1953632.0,frame_missing
1953632_1991_2003,,,,,,,,,,,,,,,,,,,,,,0.009,0.0,0.0,1800,1953632.0,frame_missing
1953632_1991_2003,,,,,,,,,,,,,,,,,,,,,,0.009,0.0,0.0,1801,1953632.0,frame_missing
1953632_1991_2003,,,,,,,,,,,,,,,,,,,,,,0.009,0.0,0.0,1802,1953632.0,frame_missing
1953632_2369_2423,1953632.0,2369.0,26051.0,26051.0,104563.0,Melbourne City,2380.0,39.39290418336785,66.97388222284863,39.39290418336785,6.6473528565888556,0.0,9.097966805830852,15.69427579388413,1.0,winning,medium_block,middle,middle,pass_interception,pass,0.0029,0.0,0.0,1803,1953632.0,
1953632_2369_2423,,,,,,,,,,,,,,,,,,,,,,0.0029,0.0,0.0,1804,1953632.0,frame_missing
1953632_2369_2423,,,,,,,,,,,,,,,,,,,,,,0.0029,0.0,0.0,1805,1953632.0,frame_missing
1953632_2369_2423,,,,,,,,,,,,,,,,,,,,,,0.0029,0.0,0.0,1806,1953632.0,frame_missing
1953632_2369_2423,,,,,,,,,,,,,,,,,,,,,,0.0029,0.0,0.0,1807,1953632.0,frame_missing
1953632_2369_2423,,,,,,,,,,,,,,,,,,,,,,0.0029,0.0,0.0,1808,1953632.0,frame_missing
1953632_2369_2423,,,,,,,,,,,,,,,,,,,,,,0.0029,0.0,0.0,1809,1953632.0,frame_missing
1953632_2369_2423,,,,,,,,,,,,,,,,,,,,,,0.0029,0.0,0.0,1810,1953632.0,frame_missing
1953632_2369_2423,,,,,,,,,,,,,,,,,,,,,,0.0029,0.0,0.0,1811,1953632.0,frame_missing
1953632_2369_2423,,,,,,,,,,,,,,,,,,,,,,0.0029,0.0,0.0,1812,1953632.0,frame_missing
1953632_2369_2423,,,,,,,,,,,,,,,,,,,,,,0.0029,0.0,0.0,1813,1953632.0,frame_missing
1953632_2369_2423,,,,,,,,,,,,,,,,,,,,,,0.0029,0.0,0.0,1814,1953632.0,frame_missing
1953632_2369_2423,,,,,,,,,,,,,,,,,,,,,,0.0029,0.0,0.0,1815,1953632.0,frame_missing
1953632_2369_2423,,,,,,,,,,,,,,,,,,,,,,0.0029,0.0,0.0,1816,1953632.0,frame_missing
1953632_2369_2423,,,,,,,,,,,,,,,,,,,,,,0.0029,0.0,0.0,1817,1953632.0,frame_missing
1953632_2369_2423,,,,,,,,,,,,,,,,,,,,,,0.0029,0.0,0.0,1818,1953632.0,frame_missing
1953632_2369_2423,,,,,,,,,,,,,,,,,,,,,,0.0029,0.0,0.0,1819,1953632.0,frame_missing
1953632_2369_2423,,,,,,,,,,,,,,,,,,,,,,0.0029,0.0,0.0,1820,1953632.0,frame_missing
1953632_2369_2423,,,,,,,,,,,,,,,,,,,,,,0.0029,0.0,0.0,1821,1953632.0,frame_missing
1953632_2369_2423,,,,,,,,,,,,,,,,,,,,,,0.0029,0.0,0.0,1822,1953632.0,frame_missing
1953632_2369_2423,,,,,,,,,,,,,,,,,,,,,,0.0029,0.0,0.0,1823,1953632.0,frame_missing
1953632_2579_2614,1953632.0,2579.0,27627.0,27627.0,10549.0,CC Mariners,870.0,54.498693562323126,56.01881469649282,54.498693562323126,0.0,1.0,7.3930372648864715,26.383667692135642,10.0,losing,medium_block,middle,middle,pass_interception,pass,0.0208,1.0,0.0,1824,1953632.0,
1953632_2579_2614,,,,,,,,,,,,,,,,,,,,,,0.0208,1.0,0.0,1825,1953632.0,frame_missing
1953632_2579_2614,,,,,,,,,,,,,,,,,,,,,,0.0208,1.0,0.0,1826,1953632.0,frame_missing
1953632_2579_2614,,,,,,,,,,,,,,,,,,,,,,0.0208,1.0,0.0,1827,1953632.0,frame_missing
1953632_2579_2614,,,,,,,,,,,,,,,,,,,,,,,,,1828,,no_player_id
1953632_2579_2614,,,,,,,,,,,,,,,,,,,,,,0.0208,1.0,0.0,1829,1953632.0,frame_missing
1953632_2579_2614,,,,,,,,,,,,,,,,,,,,,,0.0208,1.0,0.0,1830,1953632.0,frame_missing
1953632_2579_2614,,,,,,,,,,,,,,,,,,,,,,0.0208,1.0,0.0,1831,1953632.0,frame_missing
1953632_2579_2614,1953632.0,2600.0,27683.0,27716.0,771856.0,Melbourne City,2380.0,48.49668545375034,61.25870142273667,61.25870142273667,2.332059175921572,1.0,20.694262489878685,25.878152722769375,4.0,losing,medium_block,middle,middle,recovery,pass,0.0208,1.0,0.0,1832,1953632.0,
1953632_2579_2614,,,,,,,,,,,,,,,,,,,,,,0.0208,1.0,0.0,1833,1953632.0,frame_missing
1953632_2579_2614,,,,,,,,,,,,,,,,,,,,,,0.0208,1.0,0.0,1834,1953632.0,frame_missing
1953632_2579_2614,,,,,,,,,,,,,,,,,,,,,,0.0208,1.0,0.0,1835,1953632.0,frame_missing
1953632_2579_2614,,,,,,,,,,,,,,,,,,,,,,,,,1836,,no_player_id
1953632_2600_2635,1953632.0,2600.0,27683.0,27716.0,771856.0,Melbourne City,2380.0,48.49668545375034,61.25870142273667,61.25870142273667,2.332059175921572,1.0,20.694262489878685,25.878152722769375,4.0,winning,defending_transition,middle,middle,recovery,pass,0.0208,1.0,1.0,1837,1953632.0,
1953632_2600_2635,,,,,,,,,,,,,,,,,,,,,,0.0208,1.0,1.0,1838,1953632.0,frame_missing
1953632_2600_2635,,,,,,,,,,,,,,,,,,,,,,0.0208,1.0,1.0,1839,1953632.0,frame_missing
1953632_2600_2635,,,,,,,,,,,,,,,,,,,,,,0.0208,1.0,1.0,1840,1953632.0,frame_missing
1953632_2600_2635,,,,,,,,,,,,,,,,,,,,,,,,,1841,,no_player_id
1953632_2600_2635,,,,,,,,,,,,,,,,,,,,,,0.0208,1.0,1.0,1842,1953632.0,frame_missing
1953632_2600_2635,,,,,,,,,,,,,,,,,,,,,,0.0208,1.0,1.0,1843,1953632.0,frame_missing
1953632_2600_2635,,,,,,,,,,,,,,,,,,,,,,0.0208,1.0,1.0,1844,1953632.0,frame_missing
1953632_2600_2635,,,,,,,,,,,,,,,,,,,,,,0.0208,1.0,1.0,1845,1953632.0,frame_missing
1953632_2600_2635,,,,,,,,,,,,,,,,,,,,,,0.0208,1.0,1.0,1846,1953632.0,frame_missing
1953632_2600_2635,,,,,,,,,,,,,,,,,,,,,,0.0208,1.0,1.0,1847,1953632.0,frame_missing
1953632_2600_2635,,,,,,,,,,,,,,,,,,,,,,0.0208,1.0,1.0,1848,1953632.0,frame_missing
1953632_2600_2635,,,,,,,,,,,,,,,,,,,,,,,,,1849,,no_player_id
1953632_2731_2751,1953632.0,2731.0,29690.0,29690.0,51051.0,Melbourne City,2380.0,53.383204287491026,62.750031872501864,62.750031872501864,0.0,1.0,10.204650900447307,26.0741754983487,7.0,winning,defending_transition,middle,middle,pass_interception,pass,0.393,1.0,0.0,1850,1953632.0,
1953632_2731_2751,,,,,,,,,,,,,,,,,,,,,,0.393,1.0,0.0,1851,1953632.0,frame_missing
1953632_2731_2751,,,,,,,,,,,,,,,,,,,,,,0.393,1.0,0.0,1852,1953632.0,frame_missing
1953632_2731_2751,,,,,,,,,,,,,,,,,,,,,,0.393,1.0,0.0,1853,1953632.0,frame_missing
1953632_2731_2751,,,,,,,,,,,,,,,,,,,,,,0.393,1.0,0.0,1854,1953632.0,frame_missing
1953632_2731_2751,,,,,,,,,,,,,,,,,,,,,,0.393,1.0,0.0,1855,1953632.0,frame_missing
1953632_2731_2751,,,,,,,,,,,,,,,,,,,,,,0.393,1.0,0.0,1856,1953632.0,frame_missing
1953632_2731_2751,,,,,,,,,,,,,,,,,,,,,,,,,1857,,no_player_id
1953632_2754_2767,1953632.0,2754.0,30254.0,30286.0,771857.0,Melbourne City,2380.0,31.97479006967833,73.90390517421932,31.97479006967833,10.178349571516986,0.0,11.290407432860869,16.83064685097451,5.0,winning,defending_set_play,attacking,attacking,recovery,pass,0.0094,0.0,0.0,1858,1953632.0,
1953632_2754_2767,,,,,,,,,,,,,,,,,,,,,,0.0094,0.0,0.0,1859,1953632.0,frame_missing
1953632_2754_2767,,,,,,,,,,,,,,,,,,,,,,0.0094,0.0,0.0,1860,1953632.0,frame_missing
1953632_2882_2887,1953632.0,2882.0,31366.0,31423.0,795509.0,CC Mariners,870.0,52.814183700971846,63.402981002473375,52.814183700971846,10.776256307271094,0.0,0.47010637094172625,25.972753361160446,6.0,losing,high_block,middle,middle,pass_interception,pass,0.0008,0.0,0.0,1861,1953632.0,
1953632_2882_2887,,,,,,,,,,,,,,,,,,,,,,0.0008,0.0,0.0,1862,1953632.0,frame_missing
1953632_2923_2941,1953632.0,2923.0,31982.0,31992.0,51051.0,Melbourne City,2380.0,53.49707001322596,61.17055255594803,53.49707001322596,0.0,1.0,10.78065396903175,24.34745735162602,7.0,winning,medium_block,middle,middle,recovery,pass,0.0085,0.0,0.0,1863,1953632.0,
1953632_2923_2941,,,,,,,,,,,,,,,,,,,,,,0.0085,0.0,0.0,1864,1953632.0,frame_missing
1953632_2923_2941,,,,,,,,,,,,,,,,,,,,,,0.0085,0.0,0.0,1865,1953632.0,frame_missing
1953632_2923_2941,,,,,,,,,,,,,,,,,,,,,,0.0085,0.0,0.0,1866,1953632.0,frame_missing
1953632_2923_2941,,,,,,,,,,,,,,,,,,,,,,0.0085,0.0,0.0,1867,1953632.0,frame_missing
1953632_2923_2941,,,,,,,,,,,,,,,,,,,,,,0.0085,0.0,0.0,1868,1953632.0,frame_missing
1953632_2923_2941,,,,,,,,,,,,,,,,,,,,,,0.0085,0.0,0.0,1869,1953632.0,frame_missing
1953632_2923_2941,1953632.0,2941.0,32035.0,32035.0,51039.0,CC Mariners,870.0,38.40267178205183,81.79954278600829,81.79954278600829,3.4305247412021385,1.0,9.293115731550962,28.199047696435766,3.0,winning,medium_block,attacking,attacking,pass_interception,pass,0.0085,0.0,0.0,1870,1953632.0,
1953632_3025_3034,1953632.0,3025.0,32970.0,32970.0,771857.0,Melbourne City,2380.0,42.31465585349832,66.29125206239509,42.31465585349832,5.364112228505292,0.0,6.41938470571752,14.693683379991343,3.0,winning,defending_transition,middle,middle,pass_interception,pass,0.0002,0.0,0.0,1871,1953632.0,
1953632_3025_3034,,,,,,,,,,,,,,,,,,,,,,0.0002,0.0,0.0,1872,1953632.0,frame_missing
1953632_3025_3034,,,,,,,,,,,,,,,,,,,,,,,,,1873,,no_player_id
1953632_3025_3034,,,,,,,,,,,,,,,,,,,,,,0.0002,0.0,0.0,1874,1953632.0,frame_missing
1953632_3025_3034,,,,,,,,,,,,,,,,,,,,,,0.0002,0.0,0.0,1875,1953632.0,frame_missing
1953632_3025_3034,1953632.0,3034.0,33049.0,33080.0,34423.0,CC Mariners,870.0,43.686598631616995,73.0603784550833,73.0603784550833,13.654980776258897,0.0,4.89984693638485,27.847192841964524,9.0,winning,defending_transition,middle,middle,recovery,pass,0.0002,0.0,0.0,1876,1953632.0,
1953632_3280_3316,1953632.0,3280.0,37182.0,37182.0,771861.0,Melbourne City,2380.0,51.35153064904687,56.955067377714514,51.35153064904687,4.405927825101087,1.0,15.840722837042506,26.489825862338705,6.0,winning,medium_block,middle,middle,recovery,pass,0.0025,0.0,0.0,1877,1953632.0,
1953632_3280_3316,,,,,,,,,,,,,,,,,,,,,,0.0025,0.0,0.0,1878,1953632.0,frame_missing
1953632_3280_3316,,,,,,,,,,,,,,,,,,,,,,0.0025,0.0,0.0,1879,1953632.0,frame_missing
1953632_3280_3316,,,,,,,,,,,,,,,,,,,,,,0.0025,0.0,0.0,1880,1953632.0,frame_missing
1953632_3280_3316,,,,,,,,,,,,,,,,,,,,,,0.0025,0.0,0.0,1881,1953632.0,frame_missing
1953632_3280_3316,,,,,,,,,,,,,,,,,,,,,,0.0025,0.0,0.0,1882,1953632.0,frame_missing
1953632_3280_3316,,,,,,,,,,,,,,,,,,,,,,0.0025,0.0,0.0,1883,1953632.0,frame_missing
1953632_3280_3316,,,,,,,,,,,,,,,,,,,,,,0.0025,0.0,0.0,1884,1953632.0,frame_missing
1953632_3280_3316,,,,,,,,,,,,,,,,,,,,,,0.0025,0.0,0.0,1885,1953632.0,frame_missing
1953632_3280_3316,,,,,,,,,,,,,,,,,,,,,,0.0025,0.0,0.0,1886,1953632.0,frame_missing
1953632_3280_3316,,,,,,,,,,,,,,,,,,,,,,0.0025,0.0,0.0,1887,1953632.0,frame_missing
1953632_3280_3316,,,,,,,,,,,,,,,,,,,,,,0.0025,0.0,0.0,1888,1953632.0,frame_missing
1953632_3280_3316,,,,,,,,,,,,,,,,,,,,,,0.0025,0.0,0.0,1889,1953632.0,frame_missing
1953632_3280_3316,,,,,,,,,,,,,,,,,,,,,,0.0025,0.0,0.0,1890,1953632.0,frame_missing
1953632_3280_3316,,,,,,,,,,,,,,,,,,,,,,0.0025,0.0,0.0,1891,1953632.0,frame_missing
1953632_3438_3443,1953632.0,3438.0,39697.0,39702.0,771856.0,Melbourne City,2380.0,43.72620724462619,79.2993139945107,79.2993139945107,4.523118393321138,1.0,6.168346618016857,28.052521610157118,4.0,winning,high_block,defensive,defensive,pass_interception,pass,0.0005,0.0,0.0,1892,1953632.0,
1953632_3438_3443,,,,,,,,,,,,,,,,,,,,,,0.0005,0.0,0.0,1893,1953632.0,frame_missing
1953632_3438_3443,,,,,,,,,,,,,,,,,,,,,,,,,1894,,no_player_id
1953632_3539_3549,1953632.0,3539.0,40315.0,40325.0,10549.0,CC Mariners,870.0,33.77650810844721,77.27129156420254,77.27129156420254,0.0,1.0,9.680418379388362,26.874457722678592,2.0,losing,chaotic,attacking,attacking,pass_interception,pass,0.0018,0.0,0.0,1895,1953632.0,
1953632_3539_3549,,,,,,,,,,,,,,,,,,,,,,0.0018,0.0,0.0,1896,1953632.0,frame_missing
1953632_3539_3549,,,,,,,,,,,,,,,,,,,,,,0.0018,0.0,0.0,1897,1953632.0,frame_missing
1953632_3539_3549,,,,,,,,,,,,,,,,,,,,,,,,,1898,,no_player_id
1953632_3735_3768,1953632.0,3735.0,44368.0,44376.0,29856.0,CC Mariners,870.0,37.555416386987375,76.94939440957285,76.94939440957285,4.1491444901328745,1.0,9.597838298283628,25.413536495139294,6.0,drawing,high_block,attacking,attacking,pass_interception,pass,0.0005,0.0,0.0,1899,1953632.0,
1953632_3735_3768,,,,,,,,,,,,,,,,,,,,,,0.0005,0.0,0.0,1900,1953632.0,frame_missing
1953632_3735_3768,,,,,,,,,,,,,,,,,,,,,,0.0005,0.0,0.0,1901,1953632.0,frame_missing
1953632_3735_3768,,,,,,,,,,,,,,,,,,,,,,0.0005,0.0,0.0,1902,1953632.0,frame_missing
1953632_3735_3768,,,,,,,,,,,,,,,,,,,,,,0.0005,0.0,0.0,1903,1953632.0,frame_missing
1953632_3735_3768,,,,,,,,,,,,,,,,,,,,,,0.0005,0.0,0.0,1904,1953632.0,frame_missing
1953632_3735_3768,,,,,,,,,,,,,,,,,,,,,,0.0005,0.0,0.0,1905,1953632.0,frame_missing
1953632_3735_3768,,,,,,,,,,,,,,,,,,,,,,0.0005,0.0,0.0,1906,1953632.0,frame_missing
1953632_3735_3768,,,,,,,,,,,,,,,,,,,,,,0.0005,0.0,0.0,1907,1953632.0,frame_missing
1953632_3735_3768,,,,,,,,,,,,,,,,,,,,,,0.0005,0.0,0.0,1908,1953632.0,frame_missing
1953632_3735_3768,,,,,,,,,,,,,,,,,,,,,,0.0005,0.0,0.0,1909,1953632.0,frame_missing
1953632_3735_3768,,,,,,,,,,,,,,,,,,,,,,0.0005,0.0,0.0,1910,1953632.0,frame_missing
1953632_3735_3768,,,,,,,,,,,,,,,,,,,,,,,,,1911,,no_player_id
1953632_3772_3790,1953632.0,3772.0,44544.0,44544.0,771857.0,Melbourne City,2380.0,46.79494096587793,72.58351396839367,46.79494096587793,4.003448513469354,1.0,12.095523965500629,23.34389635301085,4.0,drawing,low_block,middle,middle,pass_interception,pass,0.0067,0.0,0.0,1912,1953632.0,
1953632_3772_3790,,,,,,,,,,,,,,,,,,,,,,0.0067,0.0,0.0,1913,1953632.0,frame_missing
1953632_3772_3790,,,,,,,,,,,,,,,,,,,,,,0.0067,0.0,0.0,1914,1953632.0,frame_missing
1953632_3772_3790,,,,,,,,,,,,,,,,,,,,,,0.0067,0.0,0.0,1915,1953632.0,frame_missing
1953632_3772_3790,,,,,,,,,,,,,,,,,,,,,,0.0067,0.0,0.0,1916,1953632.0,frame_missing
1953632_3772_3790,,,,,,,,,,,,,,,,,,,,,,0.0067,0.0,0.0,1917,1953632.0,frame_missing
1953632_3772_3790,,,,,,,,,,,,,,,,,,,,,,0.0067,0.0,0.0,1918,1953632.0,frame_missing
1953632_3772_3790,,,,,,,,,,,,,,,,,,,,,,0.0067,0.0,0.0,1919,1953632.0,frame_missing
1953632_3772_3790,,,,,,,,,,,,,,,,,,,,,,0.0067,0.0,0.0,1920,1953632.0,frame_missing
1953632_3797_3848,1953632.0,3797.0,44721.0,44721.0,29856.0,CC Mariners,870.0,39.31755969029614,69.72639744028082,69.72639744028082,3.932149539374107,1.0,10.046138561656413,22.97167756707483,4.0,drawing,defending_transition,middle,middle,recovery,pass,0.0624,1.0,0.0,1921,1953632.0,
1953632_3797_3848,,,,,,,,,,,,,,,,,,,,,,0.0624,1.0,0.0,1922,1953632.0,frame_missing
1953632_3797_3848,,,,,,,,,,,,,,,,,,,,,,0.0624,1.0,0.0,1923,1953632.0,frame_missing
1953632_3797_3848,,,,,,,,,,,,,,,,,,,,,,0.0624,1.0,0.0,1924,1953632.0,frame_missing
1953632_3797_3848,,,,,,,,,,,,,,,,,,,,,,0.0624,1.0,0.0,1925,1953632.0,frame_missing
1953632_3797_3848,,,,,,,,,,,,,,,,,,,,,,0.0624,1.0,0.0,1926,1953632.0,frame_missing
1953632_3797_3848,,,,,,,,,,,,,,,,,,,,,,0.0624,1.0,0.0,1927,1953632.0,frame_missing
1953632_3797_3848,,,,,,,,,,,,,,,,,,,,,,0.0624,1.0,0.0,1928,1953632.0,frame_missing
1953632_3797_3848,,,,,,,,,,,,,,,,,,,,,,0.0624,1.0,0.0,1929,1953632.0,frame_missing
1953632_3797_3848,,,,,,,,,,,,,,,,,,,,,,0.0624,1.0,0.0,1930,1953632.0,frame_missing
1953632_3797_3848,,,,,,,,,,,,,,,,,,,,,,0.0624,1.0,0.0,1931,1953632.0,frame_missing
1953632_3797_3848,,,,,,,,,,,,,,,,,,,,,,0.0624,1.0,0.0,1932,1953632.0,frame_missing
1953632_3797_3848,,,,,,,,,,,,,,,,,,,,,,0.0624,1.0,0.0,1933,1953632.0,frame_missing
1953632_3797_3848,,,,,,,,,,,,,,,,,,,,,,0.0624,1.0,0.0,1934,1953632.0,frame_missing
1953632_3797_3848,,,,,,,,,,,,,,,,,,,,,,0.0624,1.0,0.0,1935,1953632.0,frame_missing
1953632_3797_3848,,,,,,,,,,,,,,,,,,,,,,0.0624,1.0,0.0,1936,1953632.0,frame_missing
1953632_3797_3848,,,,,,,,,,,,,,,,,,,,,,0.0624,1.0,0.0,1937,1953632.0,frame_missing
1953632_3797_3848,,,,,,,,,,,,,,,,,,,,,,0.0624,1.0,0.0,1938,1953632.0,frame_missing
1953632_3797_3848,,,,,,,,,,,,,,,,,,,,,,0.0624,1.0,0.0,1939,1953632.0,frame_missing
1953632_3797_3848,,,,,,,,,,,,,,,,,,,,,,0.0624,1.0,0.0,1940,1953632.0,frame_missing
1953632_3797_3852,1953632.0,3797.0,44721.0,44721.0,29856.0,CC Mariners,870.0,39.31755969029614,69.72639744028082,69.72639744028082,3.932149539374107,1.0,10.046138561656413,22.97167756707483,4.0,drawing,defending_transition,middle,middle,recovery,pass,0.0624,1.0,0.0,1941,1953632.0,
1953632_3797_3852,,,,,,,,,,,,,,,,,,,,,,0.0624,1.0,0.0,1942,1953632.0,frame_missing
1953632_3797_3852,,,,,,,,,,,,,,,,,,,,,,0.0624,1.0,0.0,1943,1953632.0,frame_missing
1953632_3797_3852,,,,,,,,,,,,,,,,,,,,,,0.0624,1.0,0.0,1944,1953632.0,frame_missing
1953632_3797_3852,,,,,,,,,,,,,,,,,,,,,,0.0624,1.0,0.0,1945,1953632.0,frame_missing
1953632_3797_3852,,,,,,,,,,,,,,,,,,,,,,0.0624,1.0,0.0,1946,1953632.0,frame_missing
1953632_3797_3852,,,,,,,,,,,,,,,,,,,,,,0.0624,1.0,0.0,1947,1953632.0,frame_missing
1953632_3797_3852,,,,,,,,,,,,,,,,,,,,,,0.0624,1.0,0.0,1948,1953632.0,frame_missing
1953632_3797_3852,,,,,,,,,,,,,,,,,,,,,,0.0624,1.0,0.0,1949,1953632.0,frame_missing
1953632_3797_3852,,,,,,,,,,,,,,,,,,,,,,0.0624,1.0,0.0,1950,1953632.0,frame_missing
1953632_3797_3852,,,,,,,,,,,,,,,,,,,,,,0.0624,1.0,0.0,1951,1953632.0,frame_missing
1953632_3797_3852,,,,,,,,,,,,,,,,,,,,,,0.0624,1.0,0.0,1952,1953632.0,frame_missing
1953632_3797_3852,,,,,,,,,,,,,,,,,,,,,,0.0624,1.0,0.0,1953,1953632.0,frame_missing
1953632_3797_3852,,,,,,,,,,,,,,,,,,,,,,0.0624,1.0,0.0,1954,1953632.0,frame_missing
1953632_3797_3852,,,,,,,,,,,,,,,,,,,,,,0.0624,1.0,0.0,1955,1953632.0,frame_missing
1953632_3797_3852,,,,,,,,,,,,,,,,,,,,,,0.0624,1.0,0.0,1956,1953632.0,frame_missing
1953632_3797_3852,,,,,,,,,,,,,,,,,,,,,,0.0624,1.0,0.0,1957,1953632.0,frame_missing
1953632_3797_3852,,,,,,,,,,,,,,,,,,,,,,0.0624,1.0,0.0,1958,1953632.0,frame_missing
1953632_3797_3852,,,,,,,,,,,,,,,,,,,,,,0.0624,1.0,0.0,1959,1953632.0,frame_missing
1953632_3797_3852,,,,,,,,,,,,,,,,,,,,,,0.0624,1.0,0.0,1960,1953632.0,frame_missing
1953632_3797_3852,1953632.0,3852.0,45003.0,45003.0,104563.0,Melbourne City,2380.0,16.559812800874287,88.45183661179682,88.45183661179682,5.932638536098424,0.0,5.334725859873213,12.724674592224472,4.0,drawing,defending_transition,defensive,defensive,recovery,pass,0.0624,1.0,0.0,1961,1953632.0,
1953632_3797_3853,1953632.0,3797.0,44721.0,44721.0,29856.0,CC Mariners,870.0,39.31755969029614,69.72639744028082,69.72639744028082,3.932149539374107,1.0,10.046138561656413,22.97167756707483,4.0,drawing,defending_transition,middle,middle,recovery,pass,0.0624,1.0,0.0,1962,1953632.0,
1953632_3797_3853,,,,,,,,,,,,,,,,,,,,,,0.0624,1.0,0.0,1963,1953632.0,frame_missing
1953632_3797_3853,,,,,,,,,,,,,,,,,,,,,,0.0624,1.0,0.0,1964,1953632.0,frame_missing
1953632_3797_3853,,,,,,,,,,,,,,,,,,,,,,0.0624,1.0,0.0,1965,1953632.0,frame_missing
1953632_3797_3853,,,,,,,,,,,,,,,,,,,,,,0.0624,1.0,0.0,1966,1953632.0,frame_missing
1953632_3797_3853,,,,,,,,,,,,,,,,,,,,,,0.0624,1.0,0.0,1967,1953632.0,frame_missing
1953632_3797_3853,,,,,,,,,,,,,,,,,,,,,,0.0624,1.0,0.0,1968,1953632.0,frame_missing
1953632_3797_3853,,,,,,,,,,,,,,,,,,,,,,0.0624,1.0,0.0,1969,1953632.0,frame_missing
1953632_3797_3853,,,,,,,,,,,,,,,,,,,,,,0.0624,1.0,0.0,1970,1953632.0,frame_missing
1953632_3797_3853,,,,,,,,,,,,,,,,,,,,,,0.0624,1.0,0.0,1971,1953632.0,frame_missing
1953632_3797_3853,,,,,,,,,,,,,,,,,,,,,,0.0624,1.0,0.0,1972,1953632.0,frame_missing
1953632_3797_3853,,,,,,,,,,,,,,,,,,,,,,0.0624,1.0,0.0,1973,1953632.0,frame_missing
1953632_3797_3853,,,,,,,,,,,,,,,,,,,,,,0.0624,1.0,0.0,1974,1953632.0,frame_missing
1953632_3797_3853,,,,,,,,,,,,,,,,,,,,,,0.0624,1.0,0.0,1975,1953632.0,frame_missing
1953632_3797_3853,,,,,,,,,,,,,,,,,,,,,,0.0624,1.0,0.0,1976,1953632.0,frame_missing
1953632_3797_3853,,,,,,,,,,,,,,,,,,,,,,0.0624,1.0,0.0,1977,1953632.0,frame_missing
1953632_3797_3853,,,,,,,,,,,,,,,,,,,,,,0.0624,1.0,0.0,1978,1953632.0,frame_missing
1953632_3797_3853,,,,,,,,,,,,,,,,,,,,,,0.0624,1.0,0.0,1979,1953632.0,frame_missing
1953632_3797_3853,,,,,,,,,,,,,,,,,,,,,,0.0624,1.0,0.0,1980,1953632.0,frame_missing
1953632_3797_3853,,,,,,,,,,,,,,,,,,,,,,0.0624,1.0,0.0,1981,1953632.0,frame_missing
1953632_3797_3853,1953632.0,3852.0,45003.0,45003.0,104563.0,Melbourne City,2380.0,16.559812800874287,88.45183661179682,88.45183661179682,5.932638536098424,0.0,5.334725859873213,12.724674592224472,4.0,drawing,defending_transition,defensive,defensive,recovery,pass,0.0624,1.0,0.0,1982,1953632.0,
1953632_3797_3853,,,,,,,,,,,,,,,,,,,,,,,,,1983,,no_player_id
1953632_3870_3873,1953632.0,3870.0,45300.0,45300.0,923862.0,CC Mariners,870.0,8.564117000601987,97.00486637277535,97.00486637277535,24.037279380162808,0.0,21.96059197744906,50.53216485992591,0.0,drawing,chaotic,attacking,attacking,pass_interception,pass,0.0028,0.0,0.0,1984,1953632.0,
1953632_3870_3873,,,,,,,,,,,,,,,,,,,,,,0.0028,0.0,0.0,1985,1953632.0,frame_missing
1953632_3870_3873,,,,,,,,,,,,,,,,,,,,,,0.0028,0.0,0.0,1986,1953632.0,frame_missing
1953632_3884_3904,1953632.0,3884.0,45439.0,45448.0,771856.0,Melbourne City,2380.0,45.36350074674573,60.51650353416,45.36350074674573,6.489191012753438,0.0,12.628127335436558,18.61966724391224,2.0,drawing,medium_block,middle,middle,recovery,pass,0.0297,1.0,0.0,1987,1953632.0,
1953632_3884_3904,,,,,,,,,,,,,,,,,,,,,,0.0297,1.0,0.0,1988,1953632.0,frame_missing
1953632_3884_3904,,,,,,,,,,,,,,,,,,,,,,0.0297,1.0,0.0,1989,1953632.0,frame_missing
1953632_3884_3904,,,,,,,,,,,,,,,,,,,,,,0.0297,1.0,0.0,1990,1953632.0,frame_missing
1953632_3884_3904,,,,,,,,,,,,,,,,,,,,,,0.0297,1.0,0.0,1991,1953632.0,frame_missing
1953632_3884_3904,,,,,,,,,,,,,,,,,,,,,,0.0297,1.0,0.0,1992,1953632.0,frame_missing
1953632_3884_3904,,,,,,,,,,,,,,,,,,,,,,0.0297,1.0,0.0,1993,1953632.0,frame_missing
1953632_3910_3914,1953632.0,3910.0,45613.0,45631.0,923862.0,CC Mariners,870.0,10.872800927084063,94.79724574058045,94.79724574058045,19.5034791768033,0.0,20.977740583771165,47.102229510994505,0.0,drawing,chaotic,attacking,attacking,pass_interception,pass,0.0011,0.0,0.0,1994,1953632.0,
1953632_3910_3914,,,,,,,,,,,,,,,,,,,,,,0.0011,0.0,0.0,1995,1953632.0,frame_missing
1953632_3910_3914,,,,,,,,,,,,,,,,,,,,,,0.0011,0.0,0.0,1996,1953632.0,frame_missing
1953632_3910_3914,,,,,,,,,,,,,,,,,,,,,,0.0011,0.0,0.0,1997,1953632.0,frame_missing
1953632_4004_4009,1953632.0,4004.0,49006.0,49017.0,771859.0,Melbourne City,2380.0,11.36690371209328,93.71929630551011,93.71929630551011,0.0,1.0,24.68516153481682,44.98446798147522,5.0,drawing,chaotic,defensive,defensive,pass_interception,pass,0.0002,0.0,0.0,1998,1953632.0,
1953632_4004_4009,,,,,,,,,,,,,,,,,,,,,,0.0002,0.0,0.0,1999,1953632.0,frame_missing
1953632_4004_4009,,,,,,,,,,,,,,,,,,,,,,0.0002,0.0,0.0,2000,1953632.0,frame_missing
1953632_4016_4040,1953632.0,4016.0,49135.0,49167.0,963054.0,Melbourne City,2380.0,48.20849925065081,69.79512447155604,69.79512447155604,0.0,1.0,13.463435668506015,21.959440560102433,4.0,drawing,medium_block,middle,middle,recovery,pass,0.0063,0.0,0.0,2001,1953632.0,
1953632_4016_4040,,,,,,,,,,,,,,,,,,,,,,0.0063,0.0,0.0,2002,1953632.0,frame_missing
1953632_4016_4040,,,,,,,,,,,,,,,,,,,,,,0.0063,0.0,0.0,2003,1953632.0,frame_missing
1953632_4016_4040,,,,,,,,,,,,,,,,,,,,,,0.0063,0.0,0.0,2004,1953632.0,frame_missing
1953632_4016_4040,,,,,,,,,,,,,,,,,,,,,,0.0063,0.0,0.0,2005,1953632.0,frame_missing
1953632_4016_4040,,,,,,,,,,,,,,,,,,,,,,,,,2006,,no_player_id
1953632_4016_4040,,,,,,,,,,,,,,,,,,,,,,0.0063,0.0,0.0,2007,1953632.0,frame_missing
1953632_4016_4040,,,,,,,,,,,,,,,,,,,,,,0.0063,0.0,0.0,2008,1953632.0,frame_missing
1953632_4042_4047,,,,,,,,,,,,,,,,,,,,,,,,,2009,,no_player_id
1953632_4042_4047,,,,,,,,,,,,,,,,,,,,,,0.1867,1.0,1.0,2010,1953632.0,frame_missing
1953632_4042_4047,,,,,,,,,,,,,,,,,,,,,,0.1867,1.0,1.0,2011,1953632.0,frame_missing
1953632_4042_4047,,,,,,,,,,,,,,,,,,,,,,0.1867,1.0,1.0,2012,1953632.0,frame_missing
1953632_4042_4051,,,,,,,,,,,,,,,,,,,,,,,,,2013,,no_player_id
1953632_4042_4051,,,,,,,,,,,,,,,,,,,,,,0.1867,1.0,1.0,2014,1953632.0,frame_missing
1953632_4042_4051,,,,,,,,,,,,,,,,,,,,,,0.1867,1.0,1.0,2015,1953632.0,frame_missing
1953632_4042_4051,,,,,,,,,,,,,,,,,,,,,,0.1867,1.0,1.0,2016,1953632.0,frame_missing
1953632_4042_4051,,,,,,,,,,,,,,,,,,,,,,,,,2017,,no_player_id
1953632_4042_4061,,,,,,,,,,,,,,,,,,,,,,,,,2018,,no_player_id
1953632_4042_4061,,,,,,,,,,,,,,,,,,,,,,0.1867,1.0,1.0,2019,1953632.0,frame_missing
1953632_4042_4061,,,,,,,,,,,,,,,,,,,,,,0.1867,1.0,1.0,2020,1953632.0,frame_missing
1953632_4042_4061,,,,,,,,,,,,,,,,,,,,,,0.1867,1.0,1.0,2021,1953632.0,frame_missing
1953632_4042_4061,,,,,,,,,,,,,,,,,,,,,,,,,2022,,no_player_id
1953632_4042_4061,,,,,,,,,,,,,,,,,,,,,,0.1867,1.0,1.0,2023,1953632.0,frame_missing
1953632_4042_4061,,,,,,,,,,,,,,,,,,,,,,,,,2024,,no_player_id
1953632_4042_4061,,,,,,,,,,,,,,,,,,,,,,0.1867,1.0,1.0,2025,1953632.0,frame_missing
1953632_4042_4061,,,,,,,,,,,,,,,,,,,,,,0.1867,1.0,1.0,2026,1953632.0,frame_missing
1953632_4042_4061,,,,,,,,,,,,,,,,,,,,,,0.1867,1.0,1.0,2027,1953632.0,frame_missing
1953632_4042_4061,,,,,,,,,,,,,,,,,,,,,,,,,2028,,no_player_id
1953632_4042_4061,,,,,,,,,,,,,,,,,,,,,,0.1867,1.0,1.0,2029,1953632.0,frame_missing
1953632_4042_4061,,,,,,,,,,,,,,,,,,,,,,0.1867,1.0,1.0,2030,1953632.0,frame_missing
1953632_4042_4068,,,,,,,,,,,,,,,,,,,,,,,,,2031,,no_player_id
1953632_4042_4068,,,,,,,,,,,,,,,,,,,,,,0.1867,1.0,1.0,2032,1953632.0,frame_missing
1953632_4042_4068,,,,,,,,,,,,,,,,,,,,,,0.1867,1.0,1.0,2033,1953632.0,frame_missing
1953632_4042_4068,,,,,,,,,,,,,,,,,,,,,,0.1867,1.0,1.0,2034,1953632.0,frame_missing
1953632_4042_4068,,,,,,,,,,,,,,,,,,,,,,,,,2035,,no_player_id
1953632_4042_4068,,,,,,,,,,,,,,,,,,,,,,0.1867,1.0,1.0,2036,1953632.0,frame_missing
1953632_4042_4068,,,,,,,,,,,,,,,,,,,,,,,,,2037,,no_player_id
1953632_4042_4068,,,,,,,,,,,,,,,,,,,,,,0.1867,1.0,1.0,2038,1953632.0,frame_missing
1953632_4042_4068,,,,,,,,,,,,,,,,,,,,,,0.1867,1.0,1.0,2039,1953632.0,frame_missing
1953632_4042_4068,,,,,,,,,,,,,,,,,,,,,,0.1867,1.0,1.0,2040,1953632.0,frame_missing
1953632_4042_4068,,,,,,,,,,,,,,,,,,,,,,,,,2041,,no_player_id
1953632_4042_4068,,,,,,,,,,,,,,,,,,,,,,0.1867,1.0,1.0,2042,1953632.0,frame_missing
1953632_4042_4068,,,,,,,,,,,,,,,,,,,,,,0.1867,1.0,1.0,2043,1953632.0,frame_missing
1953632_4042_4068,,,,,,,,,,,,,,,,,,,,,,0.1867,1.0,1.0,2044,1953632.0,frame_missing
1953632_4042_4068,1953632.0,4068.0,49998.0,49998.0,23930.0,CC Mariners,870.0,14.477696640004583,94.59230254095732,94.59230254095732,8.510287891722585,0.0,4.283409856644586,17.476067329939795,2.0,drawing,defending_set_play,attacking,attacking,pass_interception,pass,0.1867,1.0,1.0,2045,1953632.0,
1953632_4246_4249,1953632.0,4246.0,51980.0,51980.0,923862.0,CC Mariners,870.0,14.895536244123607,90.22736281195412,90.22736281195412,31.464977355784,0.0,23.962197311598953,46.379215571246846,0.0,drawing,medium_block,attacking,attacking,recovery,pass,0.0013,0.0,0.0,2046,1953632.0,
1953632_4246_4249,,,,,,,,,,,,,,,,,,,,,,0.0013,0.0,0.0,2047,1953632.0,frame_missing
1953632_4519_4624,1953632.0,4519.0,55626.0,55626.0,963054.0,Melbourne City,2380.0,39.19839027307117,74.0149565966231,39.19839027307117,0.0,1.0,7.450328851802449,21.39577843283449,2.0,drawing,medium_block,attacking,attacking,pass_interception,pass,0.054,1.0,0.0,2048,1953632.0,
1953632_4519_4624,,,,,,,,,,,,,,,,,,,,,,0.054,1.0,0.0,2049,1953632.0,frame_missing
1953632_4519_4624,,,,,,,,,,,,,,,,,,,,,,0.054,1.0,0.0,2050,1953632.0,frame_missing
1953632_4519_4624,,,,,,,,,,,,,,,,,,,,,,0.054,1.0,0.0,2051,1953632.0,frame_missing
1953632_4519_4624,,,,,,,,,,,,,,,,,,,,,,0.054,1.0,0.0,2052,1953632.0,frame_missing
1953632_4519_4624,,,,,,,,,,,,,,,,,,,,,,0.054,1.0,0.0,2053,1953632.0,frame_missing
1953632_4519_4624,,,,,,,,,,,,,,,,,,,,,,0.054,1.0,0.0,2054,1953632.0,frame_missing
1953632_4519_4624,,,,,,,,,,,,,,,,,,,,,,0.054,1.0,0.0,2055,1953632.0,frame_missing
1953632_4519_4624,,,,,,,,,,,,,,,,,,,,,,0.054,1.0,0.0,2056,1953632.0,frame_missing
1953632_4519_4624,,,,,,,,,,,,,,,,,,,,,,0.054,1.0,0.0,2057,1953632.0,frame_missing
1953632_4519_4624,,,,,,,,,,,,,,,,,,,,,,0.054,1.0,0.0,2058,1953632.0,frame_missing
1953632_4519_4624,,,,,,,,,,,,,,,,,,,,,,0.054,1.0,0.0,2059,1953632.0,frame_missing
1953632_4519_4624,,,,,,,,,,,,,,,,,,,,,,0.054,1.0,0.0,2060,1953632.0,frame_missing
1953632_4519_4624,,,,,,,,,,,,,,,,,,,,,,0.054,1.0,0.0,2061,1953632.0,frame_missing
1953632_4519_4624,,,,,,,,,,,,,,,,,,,,,,0.054,1.0,0.0,2062,1953632.0,frame_missing
1953632_4519_4624,,,,,,,,,,,,,,,,,,,,,,0.054,1.0,0.0,2063,1953632.0,frame_missing
1953632_4519_4624,,,,,,,,,,,,,,,,,,,,,,0.054,1.0,0.0,2064,1953632.0,frame_missing
1953632_4519_4624,,,,,,,,,,,,,,,,,,,,,,,,,2065,,no_player_id
1953632_4519_4624,,,,,,,,,,,,,,,,,,,,,,0.054,1.0,0.0,2066,1953632.0,frame_missing
1953632_4519_4624,,,,,,,,,,,,,,,,,,,,,,0.054,1.0,0.0,2067,1953632.0,frame_missing
1953632_4519_4624,,,,,,,,,,,,,,,,,,,,,,0.054,1.0,0.0,2068,1953632.0,frame_missing
1953632_4519_4624,,,,,,,,,,,,,,,,,,,,,,0.054,1.0,0.0,2069,1953632.0,frame_missing
1953632_4519_4624,,,,,,,,,,,,,,,,,,,,,,0.054,1.0,0.0,2070,1953632.0,frame_missing
1953632_4519_4624,,,,,,,,,,,,,,,,,,,,,,0.054,1.0,0.0,2071,1953632.0,frame_missing
1953632_4519_4624,,,,,,,,,,,,,,,,,,,,,,0.054,1.0,0.0,2072,1953632.0,frame_missing
1953632_4519_4624,,,,,,,,,,,,,,,,,,,,,,,,,2073,,no_player_id
1953632_4519_4624,,,,,,,,,,,,,,,,,,,,,,0.054,1.0,0.0,2074,1953632.0,frame_missing
1953632_4519_4624,,,,,,,,,,,,,,,,,,,,,,0.054,1.0,0.0,2075,1953632.0,frame_missing
1953632_4519_4624,,,,,,,,,,,,,,,,,,,,,,0.054,1.0,0.0,2076,1953632.0,frame_missing
1953632_4519_4624,,,,,,,,,,,,,,,,,,,,,,0.054,1.0,0.0,2077,1953632.0,frame_missing
1953632_4519_4624,,,,,,,,,,,,,,,,,,,,,,0.054,1.0,0.0,2078,1953632.0,frame_missing
1953632_4519_4624,,,,,,,,,,,,,,,,,,,,,,0.054,1.0,0.0,2079,1953632.0,frame_missing
1953632_4519_4624,,,,,,,,,,,,,,,,,,,,,,0.054,1.0,0.0,2080,1953632.0,frame_missing
1953632_4519_4624,,,,,,,,,,,,,,,,,,,,,,0.054,1.0,0.0,2081,1953632.0,frame_missing
1953632_4519_4624,,,,,,,,,,,,,,,,,,,,,,0.054,1.0,0.0,2082,1953632.0,frame_missing
1953632_4519_4624,,,,,,,,,,,,,,,,,,,,,,0.054,1.0,0.0,2083,1953632.0,frame_missing
1953632_4519_4624,,,,,,,,,,,,,,,,,,,,,,0.054,1.0,0.0,2084,1953632.0,frame_missing
1953632_4519_4624,,,,,,,,,,,,,,,,,,,,,,0.054,1.0,0.0,2085,1953632.0,frame_missing
1953632_4519_4624,,,,,,,,,,,,,,,,,,,,,,,,,2086,,no_player_id
1953632_4798_4814,,,,,,,,,,,,,,,,,,,,,,,,,2087,,no_player_id
1953632_4798_4814,,,,,,,,,,,,,,,,,,,,,,0.0219,1.0,0.0,2088,1953632.0,frame_missing
1953632_4798_4814,,,,,,,,,,,,,,,,,,,,,,0.0219,1.0,0.0,2089,1953632.0,frame_missing
1953632_4798_4814,,,,,,,,,,,,,,,,,,,,,,0.0219,1.0,0.0,2090,1953632.0,frame_missing
1953632_4798_4814,,,,,,,,,,,,,,,,,,,,,,0.0219,1.0,0.0,2091,1953632.0,frame_missing
1953632_4798_4814,,,,,,,,,,,,,,,,,,,,,,0.0219,1.0,0.0,2092,1953632.0,frame_missing
1953632_4798_4814,,,,,,,,,,,,,,,,,,,,,,0.0219,1.0,0.0,2093,1953632.0,frame_missing
1953632_4798_4814,,,,,,,,,,,,,,,,,,,,,,0.0219,1.0,0.0,2094,1953632.0,frame_missing
1953632_4798_4821,,,,,,,,,,,,,,,,,,,,,,,,,2095,,no_player_id
1953632_4798_4821,,,,,,,,,,,,,,,,,,,,,,0.0219,1.0,0.0,2096,1953632.0,frame_missing
1953632_4798_4821,,,,,,,,,,,,,,,,,,,,,,0.0219,1.0,0.0,2097,1953632.0,frame_missing
1953632_4798_4821,,,,,,,,,,,,,,,,,,,,,,0.0219,1.0,0.0,2098,1953632.0,frame_missing
1953632_4798_4821,,,,,,,,,,,,,,,,,,,,,,0.0219,1.0,0.0,2099,1953632.0,frame_missing
1953632_4798_4821,,,,,,,,,,,,,,,,,,,,,,0.0219,1.0,0.0,2100,1953632.0,frame_missing
1953632_4798_4821,,,,,,,,,,,,,,,,,,,,,,0.0219,1.0,0.0,2101,1953632.0,frame_missing
1953632_4798_4821,,,,,,,,,,,,,,,,,,,,,,0.0219,1.0,0.0,2102,1953632.0,frame_missing
1953632_4798_4821,,,,,,,,,,,,,,,,,,,,,,0.0219,1.0,0.0,2103,1953632.0,frame_missing
1953632_4798_4821,1953632.0,4821.0,58550.0,58550.0,330380.0,CC Mariners,870.0,4.88098350745011,100.24581786787917,100.24581786787917,5.702534524226925,0.0,4.393961765878263,20.31120383150797,2.0,drawing,chaotic,attacking,attacking,pass_interception,pass,0.0219,1.0,0.0,2104,1953632.0,
1996435_9_12,1996435.0,9.0,215.0,215.0,51686.0,Adelaide United,866.0,28.041085927616997,78.63397802476993,28.041085927616997,2.166333307688362,2.0,8.702832872116986,20.533241157791295,10.0,drawing,low_block,defensive,defensive,pass_interception,pass,0.0158,0.0,0.0,2105,1996435.0,
1996435_9_12,,,,,,,,,,,,,,,,,,,,,,0.0158,0.0,0.0,2106,1996435.0,frame_missing
1996435_9_12,,,,,,,,,,,,,,,,,,,,,,0.0158,0.0,0.0,2107,1996435.0,frame_missing
1996435_9_12,,,,,,,,,,,,,,,,,,,,,,0.0158,0.0,0.0,2108,1996435.0,frame_missing
1996435_20_23,1996435.0,20.0,292.0,292.0,51000.0,Sydney FC,869.0,29.565520458804713,75.9968420396532,75.9968420396532,9.187001687166495,0.0,8.77410964143941,15.442380383859529,7.0,drawing,chaotic,defensive,defensive,pass_interception,pass,0.0046,0.0,0.0,2109,1996435.0,
1996435_20_23,,,,,,,,,,,,,,,,,,,,,,0.0046,0.0,0.0,2110,1996435.0,frame_missing
1996435_20_23,,,,,,,,,,,,,,,,,,,,,,0.0046,0.0,0.0,2111,1996435.0,frame_missing
1996435_26_48,1996435.0,26.0,373.0,382.0,26766.0,Adelaide United,866.0,33.948767282480226,82.49678054324302,82.49678054324302,14.976701906628175,0.0,14.44727309910074,36.662248383782995,1.0,drawing,high_block,attacking,attacking,pass_interception,pass,0.0017,0.0,0.0,2112,1996435.0,
1996435_26_48,,,,,,,,,,,,,,,,,,,,,,0.0017,0.0,0.0,2113,1996435.0,frame_missing
1996435_26_48,,,,,,,,,,,,,,,,,,,,,,0.0017,0.0,0.0,2114,1996435.0,frame_missing
1996435_26_48,,,,,,,,,,,,,,,,,,,,,,0.0017,0.0,0.0,2115,1996435.0,frame_missing
1996435_26_48,,,,,,,,,,,,,,,,,,,,,,0.0017,0.0,0.0,2116,1996435.0,frame_missing
1996435_26_48,,,,,,,,,,,,,,,,,,,,,,0.0017,0.0,0.0,2117,1996435.0,frame_missing
1996435_26_48,,,,,,,,,,,,,,,,,,,,,,0.0017,0.0,0.0,2118,1996435.0,frame_missing
1996435_26_48,,,,,,,,,,,,,,,,,,,,,,0.0017,0.0,0.0,2119,1996435.0,frame_missing
1996435_26_48,,,,,,,,,,,,,,,,,,,,,,0.0017,0.0,0.0,2120,1996435.0,frame_missing
1996435_26_48,,,,,,,,,,,,,,,,,,,,,,0.0017,0.0,0.0,2121,1996435.0,frame_missing
1996435_26_48,,,,,,,,,,,,,,,,,,,,,,0.0017,0.0,0.0,2122,1996435.0,frame_missing
1996435_412_435,1996435.0,412.0,2315.0,2315.0,51045.0,Sydney FC,869.0,26.771436270771876,89.42823826957569,26.771436270771876,1.1587061750072778,2.0,8.965294194838226,15.537558397188967,2.0,drawing,low_block,attacking,attacking,recovery,pass,0.0057,0.0,0.0,2123,1996435.0,
1996435_412_435,,,,,,,,,,,,,,,,,,,,,,0.0057,0.0,0.0,2124,1996435.0,frame_missing
1996435_412_435,,,,,,,,,,,,,,,,,,,,,,0.0057,0.0,0.0,2125,1996435.0,frame_missing
1996435_412_435,,,,,,,,,,,,,,,,,,,,,,0.0057,0.0,0.0,2126,1996435.0,frame_missing
1996435_412_435,,,,,,,,,,,,,,,,,,,,,,0.0057,0.0,0.0,2127,1996435.0,frame_missing
1996435_412_435,,,,,,,,,,,,,,,,,,,,,,0.0057,0.0,0.0,2128,1996435.0,frame_missing
1996435_412_435,,,,,,,,,,,,,,,,,,,,,,0.0057,0.0,0.0,2129,1996435.0,frame_missing
1996435_412_435,,,,,,,,,,,,,,,,,,,,,,0.0057,0.0,0.0,2130,1996435.0,frame_missing
1996435_412_435,,,,,,,,,,,,,,,,,,,,,,0.0057,0.0,0.0,2131,1996435.0,frame_missing
1996435_412_435,,,,,,,,,,,,,,,,,,,,,,0.0057,0.0,0.0,2132,1996435.0,frame_missing
1996435_412_435,,,,,,,,,,,,,,,,,,,,,,0.0057,0.0,0.0,2133,1996435.0,frame_missing
1996435_412_435,,,,,,,,,,,,,,,,,,,,,,0.0057,0.0,0.0,2134,1996435.0,frame_missing
1996435_412_435,,,,,,,,,,,,,,,,,,,,,,,,,2135,,no_player_id
1996435_555_557,,,,,,,,,,,,,,,,,,,,,,,,,2136,,no_player_id
1996435_555_557,,,,,,,,,,,,,,,,,,,,,,0.0017,0.0,0.0,2137,1996435.0,frame_missing
1996435_555_557,,,,,,,,,,,,,,,,,,,,,,0.0017,0.0,0.0,2138,1996435.0,frame_missing
1996435_555_564,,,,,,,,,,,,,,,,,,,,,,,,,2139,,no_player_id
1996435_555_564,,,,,,,,,,,,,,,,,,,,,,0.0364,1.0,0.0,2140,1996435.0,frame_missing
1996435_555_564,,,,,,,,,,,,,,,,,,,,,,0.0364,1.0,0.0,2141,1996435.0,frame_missing
1996435_555_564,1996435.0,564.0,4415.0,4446.0,50959.0,Adelaide United,866.0,14.737085872044041,92.27286545892025,14.737085872044041,6.547006949744286,0.0,9.085416886417486,27.950192355454508,9.0,drawing,chaotic,defensive,defensive,pass_interception,pass,0.0364,1.0,0.0,2142,1996435.0,
1996435_555_573,,,,,,,,,,,,,,,,,,,,,,,,,2143,,no_player_id
1996435_555_573,,,,,,,,,,,,,,,,,,,,,,0.0364,1.0,0.0,2144,1996435.0,frame_missing
1996435_555_573,,,,,,,,,,,,,,,,,,,,,,0.0364,1.0,0.0,2145,1996435.0,frame_missing
1996435_555_573,1996435.0,564.0,4415.0,4446.0,50959.0,Adelaide United,866.0,14.737085872044041,92.27286545892025,14.737085872044041,6.547006949744286,0.0,9.085416886417486,27.950192355454508,9.0,drawing,chaotic,defensive,defensive,pass_interception,pass,0.0364,1.0,0.0,2146,1996435.0,
1996435_555_573,,,,,,,,,,,,,,,,,,,,,,0.0364,1.0,0.0,2147,1996435.0,frame_missing
1996435_555_573,,,,,,,,,,,,,,,,,,,,,,0.0364,1.0,0.0,2148,1996435.0,frame_missing
1996435_555_573,1996435.0,573.0,4457.0,4457.0,18573.0,Sydney FC,869.0,25.501084290672818,80.13179955548235,80.13179955548235,10.334703672578135,0.0,6.243116209073795,13.858016641813698,2.0,drawing,chaotic,defensive,defensive,pass_interception,pass,0.0364,1.0,0.0,2149,1996435.0,
1996435_574_585,1996435.0,574.0,4481.0,4481.0,50949.0,Adelaide United,866.0,52.304776072553835,54.27512874236228,52.304776072553835,11.907396860775238,0.0,12.230948450549532,29.713948447144027,1.0,drawing,defending_set_play,middle,middle,pass_interception,pass,0.0312,1.0,0.0,2150,1996435.0,
1996435_574_585,,,,,,,,,,,,,,,,,,,,,,0.0312,1.0,0.0,2151,1996435.0,frame_missing
1996435_574_585,,,,,,,,,,,,,,,,,,,,,,0.0312,1.0,0.0,2152,1996435.0,frame_missing
1996435_574_585,,,,,,,,,,,,,,,,,,,,,,0.0312,1.0,0.0,2153,1996435.0,frame_missing
1996435_574_585,,,,,,,,,,,,,,,,,,,,,,0.0312,1.0,0.0,2154,1996435.0,frame_missing
1996435_593_617,1996435.0,593.0,4549.0,4564.0,795547.0,Sydney FC,869.0,35.17750417525382,72.417241041067,72.417241041067,5.601089179793514,0.0,8.990305890235327,17.21573067690548,7.0,drawing,medium_block,defensive,defensive,pass_interception,pass,0.0131,0.0,0.0,2155,1996435.0,
1996435_593_617,,,,,,,,,,,,,,,,,,,,,,0.0131,0.0,0.0,2156,1996435.0,frame_missing
1996435_593_617,,,,,,,,,,,,,,,,,,,,,,0.0131,0.0,0.0,2157,1996435.0,frame_missing
1996435_593_617,,,,,,,,,,,,,,,,,,,,,,0.0131,0.0,0.0,2158,1996435.0,frame_missing
1996435_593_617,,,,,,,,,,,,,,,,,,,,,,0.0131,0.0,0.0,2159,1996435.0,frame_missing
1996435_593_617,,,,,,,,,,,,,,,,,,,,,,0.0131,0.0,0.0,2160,1996435.0,frame_missing
1996435_593_617,,,,,,,,,,,,,,,,,,,,,,0.0131,0.0,0.0,2161,1996435.0,frame_missing
1996435_593_617,,,,,,,,,,,,,,,,,,,,,,0.0131,0.0,0.0,2162,1996435.0,frame_missing
1996435_593_617,,,,,,,,,,,,,,,,,,,,,,0.0131,0.0,0.0,2163,1996435.0,frame_missing
1996435_785_812,1996435.0,785.0,6184.0,6190.0,18573.0,Sydney FC,869.0,34.103234450708634,70.91636341494112,34.103234450708634,6.126116224819768,0.0,7.567198953377662,15.985192600240936,3.0,drawing,chaotic,attacking,attacking,pass_interception,pass,0.0336,1.0,0.0,2164,1996435.0,
1996435_785_812,,,,,,,,,,,,,,,,,,,,,,0.0336,1.0,0.0,2165,1996435.0,frame_missing
1996435_785_812,,,,,,,,,,,,,,,,,,,,,,0.0336,1.0,0.0,2166,1996435.0,frame_missing
1996435_785_812,,,,,,,,,,,,,,,,,,,,,,0.0336,1.0,0.0,2167,1996435.0,frame_missing
1996435_785_812,,,,,,,,,,,,,,,,,,,,,,0.0336,1.0,0.0,2168,1996435.0,frame_missing
1996435_785_812,,,,,,,,,,,,,,,,,,,,,,0.0336,1.0,0.0,2169,1996435.0,frame_missing
1996435_785_812,,,,,,,,,,,,,,,,,,,,,,0.0336,1.0,0.0,2170,1996435.0,frame_missing
1996435_785_812,,,,,,,,,,,,,,,,,,,,,,0.0336,1.0,0.0,2171,1996435.0,frame_missing
1996435_785_812,,,,,,,,,,,,,,,,,,,,,,0.0336,1.0,0.0,2172,1996435.0,frame_missing
1996435_865_871,1996435.0,865.0,6870.0,6881.0,973078.0,Adelaide United,866.0,21.266922673485226,83.89208544314535,83.89208544314535,7.928183903013349,0.0,16.97328783706916,30.023272440847688,3.0,drawing,chaotic,attacking,attacking,pass_interception,pass,0.0028,0.0,0.0,2173,1996435.0,
1996435_865_871,,,,,,,,,,,,,,,,,,,,,,0.0028,0.0,0.0,2174,1996435.0,frame_missing
1996435_865_871,,,,,,,,,,,,,,,,,,,,,,0.0028,0.0,0.0,2175,1996435.0,frame_missing
1996435_948_971,1996435.0,948.0,7677.0,7677.0,51000.0,Sydney FC,869.0,22.54925497660621,85.32859368347752,22.54925497660621,3.1481581917051122,1.0,6.458792456798716,24.037054330682842,2.0,drawing,low_block,attacking,attacking,recovery,pass,0.0274,1.0,0.0,2176,1996435.0,
1996435_948_971,,,,,,,,,,,,,,,,,,,,,,0.0274,1.0,0.0,2177,1996435.0,frame_missing
1996435_948_971,,,,,,,,,,,,,,,,,,,,,,0.0274,1.0,0.0,2178,1996435.0,frame_missing
1996435_948_971,,,,,,,,,,,,,,,,,,,,,,0.0274,1.0,0.0,2179,1996435.0,frame_missing
1996435_948_971,,,,,,,,,,,,,,,,,,,,,,0.0274,1.0,0.0,2180,1996435.0,frame_missing
1996435_948_971,,,,,,,,,,,,,,,,,,,,,,0.0274,1.0,0.0,2181,1996435.0,frame_missing
1996435_948_971,,,,,,,,,,,,,,,,,,,,,,0.0274,1.0,0.0,2182,1996435.0,frame_missing
1996435_948_971,,,,,,,,,,,,,,,,,,,,,,0.0274,1.0,0.0,2183,1996435.0,frame_missing
1996435_948_971,,,,,,,,,,,,,,,,,,,,,,0.0274,1.0,0.0,2184,1996435.0,frame_missing
1996435_948_971,,,,,,,,,,,,,,,,,,,,,,0.0274,1.0,0.0,2185,1996435.0,frame_missing
1996435_948_971,,,,,,,,,,,,,,,,,,,,,,0.0274,1.0,0.0,2186,1996435.0,frame_missing
1996435_948_971,,,,,,,,,,,,,,,,,,,,,,0.0274,1.0,0.0,2187,1996435.0,frame_missing
1996435_979_998,1996435.0,979.0,7908.0,7908.0,51686.0,Adelaide United,866.0,49.045967214440786,56.32057261782767,49.045967214440786,2.3889118861942142,1.0,10.148201811158467,25.92450966551463,10.0,drawing,chaotic,middle,middle,pass_interception,pass,0.0086,0.0,0.0,2188,1996435.0,
1996435_979_998,,,,,,,,,,,,,,,,,,,,,,0.0086,0.0,0.0,2189,1996435.0,frame_missing
1996435_979_998,,,,,,,,,,,,,,,,,,,,,,0.0086,0.0,0.0,2190,1996435.0,frame_missing
1996435_979_998,1996435.0,989.0,7927.0,7927.0,18573.0,Sydney FC,869.0,43.19330735194979,63.91683502802685,43.19330735194979,9.214797881668375,0.0,14.476076816596407,23.523624479649875,2.0,drawing,chaotic,middle,middle,pass_interception,pass,0.0086,0.0,0.0,2191,1996435.0,
1996435_979_998,,,,,,,,,,,,,,,,,,,,,,0.0086,0.0,0.0,2192,1996435.0,frame_missing
1996435_979_998,,,,,,,,,,,,,,,,,,,,,,0.0086,0.0,0.0,2193,1996435.0,frame_missing
1996435_979_998,,,,,,,,,,,,,,,,,,,,,,0.0086,0.0,0.0,2194,1996435.0,frame_missing
1996435_979_998,,,,,,,,,,,,,,,,,,,,,,0.0086,0.0,0.0,2195,1996435.0,frame_missing
1996435_989_1012,1996435.0,989.0,7927.0,7927.0,18573.0,Sydney FC,869.0,43.19330735194979,63.91683502802685,43.19330735194979,9.214797881668375,0.0,14.476076816596407,23.523624479649875,2.0,drawing,medium_block,middle,middle,pass_interception,pass,0.0134,0.0,0.0,2196,1996435.0,
1996435_989_1012,,,,,,,,,,,,,,,,,,,,,,0.0134,0.0,0.0,2197,1996435.0,frame_missing
1996435_989_1012,,,,,,,,,,,,,,,,,,,,,,0.0134,0.0,0.0,2198,1996435.0,frame_missing
1996435_989_1012,,,,,,,,,,,,,,,,,,,,,,0.0134,0.0,0.0,2199,1996435.0,frame_missing
1996435_989_1012,,,,,,,,,,,,,,,,,,,,,,0.0134,0.0,0.0,2200,1996435.0,frame_missing
1996435_989_1012,,,,,,,,,,,,,,,,,,,,,,0.0134,0.0,0.0,2201,1996435.0,frame_missing
1996435_989_1012,,,,,,,,,,,,,,,,,,,,,,0.0134,0.0,0.0,2202,1996435.0,frame_missing
1996435_989_1012,,,,,,,,,,,,,,,,,,,,,,0.0134,0.0,0.0,2203,1996435.0,frame_missing
1996435_989_1012,,,,,,,,,,,,,,,,,,,,,,0.0134,0.0,0.0,2204,1996435.0,frame_missing
1996435_989_1012,,,,,,,,,,,,,,,,,,,,,,0.0134,0.0,0.0,2205,1996435.0,frame_missing
1996435_1017_1098,1996435.0,1017.0,8060.0,8078.0,133852.0,Sydney FC,869.0,49.87904770542437,55.13818459107989,55.13818459107989,5.249619033796643,0.0,6.277531361928828,14.61294177524206,4.0,drawing,medium_block,middle,middle,pass_interception,pass,0.1856,1.0,0.0,2206,1996435.0,
1996435_1017_1098,,,,,,,,,,,,,,,,,,,,,,0.1856,1.0,0.0,2207,1996435.0,frame_missing
1996435_1017_1098,,,,,,,,,,,,,,,,,,,,,,0.1856,1.0,0.0,2208,1996435.0,frame_missing
1996435_1017_1098,,,,,,,,,,,,,,,,,,,,,,0.1856,1.0,0.0,2209,1996435.0,frame_missing
1996435_1017_1098,,,,,,,,,,,,,,,,,,,,,,0.1856,1.0,0.0,2210,1996435.0,frame_missing
1996435_1017_1098,,,,,,,,,,,,,,,,,,,,,,0.1856,1.0,0.0,2211,1996435.0,frame_missing
1996435_1017_1098,,,,,,,,,,,,,,,,,,,,,,0.1856,1.0,0.0,2212,1996435.0,frame_missing
1996435_1017_1098,,,,,,,,,,,,,,,,,,,,,,0.1856,1.0,0.0,2213,1996435.0,frame_missing
1996435_1017_1098,,,,,,,,,,,,,,,,,,,,,,0.1856,1.0,0.0,2214,1996435.0,frame_missing
1996435_1017_1098,,,,,,,,,,,,,,,,,,,,,,0.1856,1.0,0.0,2215,1996435.0,frame_missing
1996435_1017_1098,,,,,,,,,,,,,,,,,,,,,,0.1856,1.0,0.0,2216,1996435.0,frame_missing
1996435_1017_1098,,,,,,,,,,,,,,,,,,,,,,0.1856,1.0,0.0,2217,1996435.0,frame_missing
1996435_1017_1098,,,,,,,,,,,,,,,,,,,,,,0.1856,1.0,0.0,2218,1996435.0,frame_missing
1996435_1017_1098,,,,,,,,,,,,,,,,,,,,,,0.1856,1.0,0.0,2219,1996435.0,frame_missing
1996435_1017_1098,,,,,,,,,,,,,,,,,,,,,,0.1856,1.0,0.0,2220,1996435.0,frame_missing
1996435_1017_1098,,,,,,,,,,,,,,,,,,,,,,0.1856,1.0,0.0,2221,1996435.0,frame_missing
1996435_1017_1098,,,,,,,,,,,,,,,,,,,,,,0.1856,1.0,0.0,2222,1996435.0,frame_missing
1996435_1017_1098,,,,,,,,,,,,,,,,,,,,,,0.1856,1.0,0.0,2223,1996435.0,frame_missing
1996435_1017_1098,,,,,,,,,,,,,,,,,,,,,,0.1856,1.0,0.0,2224,1996435.0,frame_missing
1996435_1017_1098,,,,,,,,,,,,,,,,,,,,,,0.1856,1.0,0.0,2225,1996435.0,frame_missing
1996435_1017_1098,,,,,,,,,,,,,,,,,,,,,,0.1856,1.0,0.0,2226,1996435.0,frame_missing
1996435_1017_1098,,,,,,,,,,,,,,,,,,,,,,0.1856,1.0,0.0,2227,1996435.0,frame_missing
1996435_1017_1098,,,,,,,,,,,,,,,,,,,,,,0.1856,1.0,0.0,2228,1996435.0,frame_missing
1996435_1017_1098,,,,,,,,,,,,,,,,,,,,,,0.1856,1.0,0.0,2229,1996435.0,frame_missing
1996435_1017_1098,,,,,,,,,,,,,,,,,,,,,,0.1856,1.0,0.0,2230,1996435.0,frame_missing
1996435_1017_1098,,,,,,,,,,,,,,,,,,,,,,0.1856,1.0,0.0,2231,1996435.0,frame_missing
1996435_1017_1098,,,,,,,,,,,,,,,,,,,,,,0.1856,1.0,0.0,2232,1996435.0,frame_missing
1996435_1017_1098,,,,,,,,,,,,,,,,,,,,,,0.1856,1.0,0.0,2233,1996435.0,frame_missing
1996435_1017_1098,,,,,,,,,,,,,,,,,,,,,,0.1856,1.0,0.0,2234,1996435.0,frame_missing
1996435_1017_1098,,,,,,,,,,,,,,,,,,,,,,0.1856,1.0,0.0,2235,1996435.0,frame_missing
1996435_1017_1098,,,,,,,,,,,,,,,,,,,,,,0.1856,1.0,0.0,2236,1996435.0,frame_missing
1996435_1105_1137,1996435.0,1105.0,8555.0,8555.0,28293.0,Sydney FC,869.0,41.00711279765988,73.01632214785951,41.00711279765988,10.452042862522141,0.0,10.621322893124,25.361463505955935,7.0,drawing,low_block,middle,middle,pass_interception,pass,0.0041,0.0,0.0,2237,1996435.0,
1996435_1105_1137,,,,,,,,,,,,,,,,,,,,,,0.0041,0.0,0.0,2238,1996435.0,frame_missing
1996435_1105_1137,,,,,,,,,,,,,,,,,,,,,,0.0041,0.0,0.0,2239,1996435.0,frame_missing
1996435_1105_1137,,,,,,,,,,,,,,,,,,,,,,0.0041,0.0,0.0,2240,1996435.0,frame_missing
1996435_1105_1137,,,,,,,,,,,,,,,,,,,,,,0.0041,0.0,0.0,2241,1996435.0,frame_missing
1996435_1105_1137,,,,,,,,,,,,,,,,,,,,,,0.0041,0.0,0.0,2242,1996435.0,frame_missing
1996435_1105_1137,,,,,,,,,,,,,,,,,,,,,,0.0041,0.0,0.0,2243,1996435.0,frame_missing
1996435_1105_1137,,,,,,,,,,,,,,,,,,,,,,0.0041,0.0,0.0,2244,1996435.0,frame_missing
1996435_1105_1137,,,,,,,,,,,,,,,,,,,,,,0.0041,0.0,0.0,2245,1996435.0,frame_missing
1996435_1105_1137,,,,,,,,,,,,,,,,,,,,,,0.0041,0.0,0.0,2246,1996435.0,frame_missing
1996435_1105_1137,,,,,,,,,,,,,,,,,,,,,,0.0041,0.0,0.0,2247,1996435.0,frame_missing
1996435_1105_1137,,,,,,,,,,,,,,,,,,,,,,0.0041,0.0,0.0,2248,1996435.0,frame_missing
1996435_1105_1137,,,,,,,,,,,,,,,,,,,,,,0.0041,0.0,0.0,2249,1996435.0,frame_missing
1996435_1105_1137,,,,,,,,,,,,,,,,,,,,,,0.0041,0.0,0.0,2250,1996435.0,frame_missing
1996435_1105_1137,,,,,,,,,,,,,,,,,,,,,,0.0041,0.0,0.0,2251,1996435.0,frame_missing
1996435_1105_1137,,,,,,,,,,,,,,,,,,,,,,0.0041,0.0,0.0,2252,1996435.0,frame_missing
1996435_1105_1137,,,,,,,,,,,,,,,,,,,,,,0.0041,0.0,0.0,2253,1996435.0,frame_missing
1996435_1198_1238,1996435.0,1198.0,9232.0,9244.0,50959.0,Adelaide United,866.0,46.644275104239746,65.74107087658369,46.644275104239746,3.832518754031087,1.0,6.710208640571468,23.20236703572438,8.0,drawing,medium_block,middle,middle,recovery,pass,0.0423,1.0,0.0,2254,1996435.0,
1996435_1198_1238,,,,,,,,,,,,,,,,,,,,,,0.0423,1.0,0.0,2255,1996435.0,frame_missing
1996435_1198_1238,,,,,,,,,,,,,,,,,,,,,,0.0423,1.0,0.0,2256,1996435.0,frame_missing
1996435_1198_1238,,,,,,,,,,,,,,,,,,,,,,0.0423,1.0,0.0,2257,1996435.0,frame_missing
1996435_1198_1238,,,,,,,,,,,,,,,,,,,,,,0.0423,1.0,0.0,2258,1996435.0,frame_missing
1996435_1198_1238,,,,,,,,,,,,,,,,,,,,,,0.0423,1.0,0.0,2259,1996435.0,frame_missing
1996435_1198_1238,,,,,,,,,,,,,,,,,,,,,,0.0423,1.0,0.0,2260,1996435.0,frame_missing
1996435_1198_1238,,,,,,,,,,,,,,,,,,,,,,0.0423,1.0,0.0,2261,1996435.0,frame_missing
1996435_1198_1238,,,,,,,,,,,,,,,,,,,,,,0.0423,1.0,0.0,2262,1996435.0,frame_missing
1996435_1198_1238,,,,,,,,,,,,,,,,,,,,,,0.0423,1.0,0.0,2263,1996435.0,frame_missing
1996435_1198_1238,,,,,,,,,,,,,,,,,,,,,,0.0423,1.0,0.0,2264,1996435.0,frame_missing
1996435_1198_1238,,,,,,,,,,,,,,,,,,,,,,0.0423,1.0,0.0,2265,1996435.0,frame_missing
1996435_1198_1238,,,,,,,,,,,,,,,,,,,,,,0.0423,1.0,0.0,2266,1996435.0,frame_missing
1996435_1198_1238,,,,,,,,,,,,,,,,,,,,,,0.0423,1.0,0.0,2267,1996435.0,frame_missing
1996435_1198_1238,,,,,,,,,,,,,,,,,,,,,,0.0423,1.0,0.0,2268,1996435.0,frame_missing
1996435_1198_1238,,,,,,,,,,,,,,,,,,,,,,0.0423,1.0,0.0,2269,1996435.0,frame_missing
1996435_1198_1243,1996435.0,1198.0,9232.0,9244.0,50959.0,Adelaide United,866.0,46.644275104239746,65.74107087658369,46.644275104239746,3.832518754031087,1.0,6.710208640571468,23.20236703572438,8.0,drawing,medium_block,middle,middle,recovery,pass,0.0423,1.0,0.0,2270,1996435.0,
1996435_1198_1243,,,,,,,,,,,,,,,,,,,,,,0.0423,1.0,0.0,2271,1996435.0,frame_missing
1996435_1198_1243,,,,,,,,,,,,,,,,,,,,,,0.0423,1.0,0.0,2272,1996435.0,frame_missing
1996435_1198_1243,,,,,,,,,,,,,,,,,,,,,,0.0423,1.0,0.0,2273,1996435.0,frame_missing
1996435_1198_1243,,,,,,,,,,,,,,,,,,,,,,0.0423,1.0,0.0,2274,1996435.0,frame_missing
1996435_1198_1243,,,,,,,,,,,,,,,,,,,,,,0.0423,1.0,0.0,2275,1996435.0,frame_missing
1996435_1198_1243,,,,,,,,,,,,,,,,,,,,,,0.0423,1.0,0.0,2276,1996435.0,frame_missing
1996435_1198_1243,,,,,,,,,,,,,,,,,,,,,,0.0423,1.0,0.0,2277,1996435.0,frame_missing
1996435_1198_1243,,,,,,,,,,,,,,,,,,,,,,0.0423,1.0,0.0,2278,1996435.0,frame_missing
1996435_1198_1243,,,,,,,,,,,,,,,,,,,,,,0.0423,1.0,0.0,2279,1996435.0,frame_missing
1996435_1198_1243,,,,,,,,,,,,,,,,,,,,,,0.0423,1.0,0.0,2280,1996435.0,frame_missing
1996435_1198_1243,,,,,,,,,,,,,,,,,,,,,,0.0423,1.0,0.0,2281,1996435.0,frame_missing
1996435_1198_1243,,,,,,,,,,,,,,,,,,,,,,0.0423,1.0,0.0,2282,1996435.0,frame_missing
1996435_1198_1243,,,,,,,,,,,,,,,,,,,,,,0.0423,1.0,0.0,2283,1996435.0,frame_missing
1996435_1198_1243,,,,,,,,,,,,,,,,,,,,,,0.0423,1.0,0.0,2284,1996435.0,frame_missing
1996435_1198_1243,,,,,,,,,,,,,,,,,,,,,,0.0423,1.0,0.0,2285,1996435.0,frame_missing
1996435_1198_1243,,,,,,,,,,,,,,,,,,,,,,0.0423,1.0,0.0,2286,1996435.0,frame_missing
1996435_1198_1243,1996435.0,1243.0,9430.0,9430.0,25534.0,Sydney FC,869.0,33.00187873439935,82.67238958685058,82.67238958685058,5.62978685209307,0.0,10.78079774413749,20.415659722123564,3.0,drawing,medium_block,defensive,defensive,pass_interception,pass,0.0423,1.0,0.0,2287,1996435.0,
1996435_1262_1270,1996435.0,1262.0,9533.0,9549.0,25534.0,Sydney FC,869.0,36.31452877293054,77.24017736903508,77.24017736903508,5.649637156490672,0.0,2.322455596992117,14.624606365955092,2.0,drawing,high_block,defensive,defensive,recovery,pass,0.0582,1.0,0.0,2288,1996435.0,
1996435_1262_1270,,,,,,,,,,,,,,,,,,,,,,0.0582,1.0,0.0,2289,1996435.0,frame_missing
1996435_1262_1270,,,,,,,,,,,,,,,,,,,,,,0.0582,1.0,0.0,2290,1996435.0,frame_missing
1996435_1262_1270,,,,,,,,,,,,,,,,,,,,,,0.0582,1.0,0.0,2291,1996435.0,frame_missing
1996435_1262_1270,,,,,,,,,,,,,,,,,,,,,,0.0582,1.0,0.0,2292,1996435.0,frame_missing
1996435_1277_1286,1996435.0,1277.0,9642.0,9692.0,809759.0,Adelaide United,866.0,24.346186559705814,81.38757153275922,81.38757153275922,8.280175118921099,0.0,15.385187681663165,29.72012635992343,2.0,drawing,high_block,attacking,attacking,pass_interception,pass,0.0084,0.0,0.0,2293,1996435.0,
1996435_1277_1286,,,,,,,,,,,,,,,,,,,,,,0.0084,0.0,0.0,2294,1996435.0,frame_missing
1996435_1277_1286,,,,,,,,,,,,,,,,,,,,,,0.0084,0.0,0.0,2295,1996435.0,frame_missing
1996435_1277_1286,,,,,,,,,,,,,,,,,,,,,,0.0084,0.0,0.0,2296,1996435.0,frame_missing
1996435_1277_1286,,,,,,,,,,,,,,,,,,,,,,0.0084,0.0,0.0,2297,1996435.0,frame_missing
1996435_1293_1302,1996435.0,1293.0,9787.0,9787.0,931987.0,Sydney FC,869.0,12.737542934176906,92.49835133665897,92.49835133665897,0.0,1.0,24.985379724951148,37.67484086539127,10.0,drawing,medium_block,defensive,defensive,pass_interception,pass,0.0088,0.0,0.0,2298,1996435.0,
1996435_1293_1302,,,,,,,,,,,,,,,,,,,,,,0.0088,0.0,0.0,2299,1996435.0,frame_missing
1996435_1293_1302,,,,,,,,,,,,,,,,,,,,,,0.0088,0.0,0.0,2300,1996435.0,frame_missing
1996435_1293_1302,,,,,,,,,,,,,,,,,,,,,,0.0088,0.0,0.0,2301,1996435.0,frame_missing
1996435_1293_1302,,,,,,,,,,,,,,,,,,,,,,0.0088,0.0,0.0,2302,1996435.0,frame_missing
1996435_1347_1362,1996435.0,1347.0,10068.0,10075.0,998256.0,Sydney FC,869.0,7.570026420033155,101.63909336470884,101.63909336470884,1.6070469812671984,3.0,3.948987211931687,16.958085839788197,8.0,drawing,high_block,defensive,defensive,recovery,pass,0.002,0.0,0.0,2303,1996435.0,
1996435_1347_1362,,,,,,,,,,,,,,,,,,,,,,0.002,0.0,0.0,2304,1996435.0,frame_missing
1996435_1347_1362,,,,,,,,,,,,,,,,,,,,,,0.002,0.0,0.0,2305,1996435.0,frame_missing
1996435_1347_1362,,,,,,,,,,,,,,,,,,,,,,0.002,0.0,0.0,2306,1996435.0,frame_missing
1996435_1347_1362,,,,,,,,,,,,,,,,,,,,,,0.002,0.0,0.0,2307,1996435.0,frame_missing
1996435_1347_1362,,,,,,,,,,,,,,,,,,,,,,0.002,0.0,0.0,2308,1996435.0,frame_missing
1996435_1347_1362,,,,,,,,,,,,,,,,,,,,,,0.002,0.0,0.0,2309,1996435.0,frame_missing
1996435_1620_1624,1996435.0,1620.0,13009.0,13022.0,809759.0,Adelaide United,866.0,22.87017708720245,97.70744598033458,97.70744598033458,15.692880551383803,0.0,11.26446625455463,32.824364377854764,1.0,drawing,chaotic,attacking,attacking,pass_interception,pass,0.0025,0.0,0.0,2310,1996435.0,
1996435_1620_1624,,,,,,,,,,,,,,,,,,,,,,0.0025,0.0,0.0,2311,1996435.0,frame_missing
1996435_1620_1624,,,,,,,,,,,,,,,,,,,,,,0.0025,0.0,0.0,2312,1996435.0,frame_missing
1996435_1633_1637,1996435.0,1633.0,13092.0,13099.0,42513.0,Adelaide United,866.0,48.13864248189805,57.02480951305318,57.02480951305318,8.73741952752642,0.0,10.351661702354846,23.822302472506593,9.0,drawing,medium_block,middle,middle,pass_interception,pass,0.0695,1.0,0.0,2313,1996435.0,
1996435_1633_1637,,,,,,,,,,,,,,,,,,,,,,0.0695,1.0,0.0,2314,1996435.0,frame_missing
1996435_1643_1674,1996435.0,1643.0,13201.0,13213.0,18573.0,Sydney FC,869.0,41.06864984388944,68.26590657128929,68.26590657128929,3.372150649066557,1.0,15.753593240908565,26.795238465001866,1.0,drawing,defending_transition,middle,middle,recovery,pass,0.0396,1.0,0.0,2315,1996435.0,
1996435_1643_1674,,,,,,,,,,,,,,,,,,,,,,0.0396,1.0,0.0,2316,1996435.0,frame_missing
1996435_1643_1674,,,,,,,,,,,,,,,,,,,,,,0.0396,1.0,0.0,2317,1996435.0,frame_missing
1996435_1643_1674,,,,,,,,,,,,,,,,,,,,,,0.0396,1.0,0.0,2318,1996435.0,frame_missing
1996435_1643_1674,,,,,,,,,,,,,,,,,,,,,,0.0396,1.0,0.0,2319,1996435.0,frame_missing
1996435_1643_1674,,,,,,,,,,,,,,,,,,,,,,0.0396,1.0,0.0,2320,1996435.0,frame_missing
1996435_1643_1674,,,,,,,,,,,,,,,,,,,,,,0.0396,1.0,0.0,2321,1996435.0,frame_missing
1996435_1643_1674,,,,,,,,,,,,,,,,,,,,,,,,,2322,,no_player_id
1996435_1643_1674,,,,,,,,,,,,,,,,,,,,,,0.0396,1.0,0.0,2323,1996435.0,frame_missing
1996435_1643_1674,,,,,,,,,,,,,,,,,,,,,,,,,2324,,no_player_id
1996435_1643_1674,,,,,,,,,,,,,,,,,,,,,,0.0396,1.0,0.0,2325,1996435.0,frame_missing
1996435_1643_1674,,,,,,,,,,,,,,,,,,,,,,0.0396,1.0,0.0,2326,1996435.0,frame_missing
1996435_1643_1674,,,,,,,,,,,,,,,,,,,,,,0.0396,1.0,0.0,2327,1996435.0,frame_missing
1996435_1643_1674,,,,,,,,,,,,,,,,,,,,,,0.0396,1.0,0.0,2328,1996435.0,frame_missing
1996435_1643_1676,1996435.0,1643.0,13201.0,13213.0,18573.0,Sydney FC,869.0,41.06864984388944,68.26590657128929,68.26590657128929,3.372150649066557,1.0,15.753593240908565,26.795238465001866,1.0,drawing,defending_transition,middle,middle,recovery,pass,0.0396,1.0,0.0,2329,1996435.0,
1996435_1643_1676,,,,,,,,,,,,,,,,,,,,,,0.0396,1.0,0.0,2330,1996435.0,frame_missing
1996435_1643_1676,,,,,,,,,,,,,,,,,,,,,,0.0396,1.0,0.0,2331,1996435.0,frame_missing
1996435_1643_1676,,,,,,,,,,,,,,,,,,,,,,0.0396,1.0,0.0,2332,1996435.0,frame_missing
1996435_1643_1676,,,,,,,,,,,,,,,,,,,,,,0.0396,1.0,0.0,2333,1996435.0,frame_missing
1996435_1643_1676,,,,,,,,,,,,,,,,,,,,,,0.0396,1.0,0.0,2334,1996435.0,frame_missing
1996435_1643_1676,,,,,,,,,,,,,,,,,,,,,,0.0396,1.0,0.0,2335,1996435.0,frame_missing
1996435_1643_1676,,,,,,,,,,,,,,,,,,,,,,,,,2336,,no_player_id
1996435_1643_1676,,,,,,,,,,,,,,,,,,,,,,0.0396,1.0,0.0,2337,1996435.0,frame_missing
1996435_1643_1676,,,,,,,,,,,,,,,,,,,,,,,,,2338,,no_player_id
1996435_1643_1676,,,,,,,,,,,,,,,,,,,,,,0.0396,1.0,0.0,2339,1996435.0,frame_missing
1996435_1643_1676,,,,,,,,,,,,,,,,,,,,,,0.0396,1.0,0.0,2340,1996435.0,frame_missing
1996435_1643_1676,,,,,,,,,,,,,,,,,,,,,,0.0396,1.0,0.0,2341,1996435.0,frame_missing
1996435_1643_1676,,,,,,,,,,,,,,,,,,,,,,0.0396,1.0,0.0,2342,1996435.0,frame_missing
1996435_1643_1676,,,,,,,,,,,,,,,,,,,,,,0.0396,1.0,0.0,2343,1996435.0,frame_missing
1996435_1643_1676,1996435.0,1676.0,13899.0,13938.0,18573.0,Sydney FC,869.0,15.081438923391891,90.04859687968492,15.081438923391891,1.7353962083628043,6.0,2.414808481018733,14.108698170863882,5.0,drawing,defending_transition,attacking,attacking,recovery,pass,0.0396,1.0,0.0,2344,1996435.0,
1996435_2073_2138,1996435.0,2073.0,19689.0,19719.0,51045.0,Sydney FC,869.0,44.21925485577521,70.53469004681313,70.53469004681313,4.218068278252499,1.0,7.062195126162972,24.024225979726786,5.0,drawing,high_block,middle,middle,pass_interception,pass,0.0083,0.0,0.0,2345,1996435.0,
1996435_2073_2138,,,,,,,,,,,,,,,,,,,,,,0.0083,0.0,0.0,2346,1996435.0,frame_missing
1996435_2073_2138,,,,,,,,,,,,,,,,,,,,,,0.0083,0.0,0.0,2347,1996435.0,frame_missing
1996435_2073_2138,,,,,,,,,,,,,,,,,,,,,,0.0083,0.0,0.0,2348,1996435.0,frame_missing
1996435_2073_2138,,,,,,,,,,,,,,,,,,,,,,0.0083,0.0,0.0,2349,1996435.0,frame_missing
1996435_2073_2138,,,,,,,,,,,,,,,,,,,,,,0.0083,0.0,0.0,2350,1996435.0,frame_missing
1996435_2073_2138,,,,,,,,,,,,,,,,,,,,,,0.0083,0.0,0.0,2351,1996435.0,frame_missing
1996435_2073_2138,,,,,,,,,,,,,,,,,,,,,,0.0083,0.0,0.0,2352,1996435.0,frame_missing
1996435_2073_2138,,,,,,,,,,,,,,,,,,,,,,0.0083,0.0,0.0,2353,1996435.0,frame_missing
1996435_2073_2138,,,,,,,,,,,,,,,,,,,,,,0.0083,0.0,0.0,2354,1996435.0,frame_missing
1996435_2073_2138,,,,,,,,,,,,,,,,,,,,,,0.0083,0.0,0.0,2355,1996435.0,frame_missing
1996435_2073_2138,1996435.0,2100.0,19881.0,19881.0,50949.0,Adelaide United,866.0,37.692345376747255,71.04514691377588,37.692345376747255,5.850709358701727,0.0,11.74006814290275,23.527661161730965,6.0,drawing,high_block,middle,middle,recovery,pass,0.0083,0.0,0.0,2356,1996435.0,
1996435_2073_2138,,,,,,,,,,,,,,,,,,,,,,0.0083,0.0,0.0,2357,1996435.0,frame_missing
1996435_2073_2138,,,,,,,,,,,,,,,,,,,,,,0.0083,0.0,0.0,2358,1996435.0,frame_missing
1996435_2073_2138,,,,,,,,,,,,,,,,,,,,,,0.0083,0.0,0.0,2359,1996435.0,frame_missing
1996435_2073_2138,,,,,,,,,,,,,,,,,,,,,,0.0083,0.0,0.0,2360,1996435.0,frame_missing
1996435_2073_2138,,,,,,,,,,,,,,,,,,,,,,0.0083,0.0,0.0,2361,1996435.0,frame_missing
1996435_2073_2138,,,,,,,,,,,,,,,,,,,,,,0.0083,0.0,0.0,2362,1996435.0,frame_missing
1996435_2073_2138,,,,,,,,,,,,,,,,,,,,,,0.0083,0.0,0.0,2363,1996435.0,frame_missing
1996435_2073_2138,,,,,,,,,,,,,,,,,,,,,,,,,2364,,no_player_id
1996435_2073_2138,,,,,,,,,,,,,,,,,,,,,,0.0083,0.0,0.0,2365,1996435.0,frame_missing
1996435_2073_2138,,,,,,,,,,,,,,,,,,,,,,0.0083,0.0,0.0,2366,1996435.0,frame_missing
1996435_2073_2138,,,,,,,,,,,,,,,,,,,,,,0.0083,0.0,0.0,2367,1996435.0,frame_missing
1996435_2073_2138,,,,,,,,,,,,,,,,,,,,,,0.0083,0.0,0.0,2368,1996435.0,frame_missing
1996435_2073_2138,,,,,,,,,,,,,,,,,,,,,,0.0083,0.0,0.0,2369,1996435.0,frame_missing
1996435_2073_2138,,,,,,,,,,,,,,,,,,,,,,0.0083,0.0,0.0,2370,1996435.0,frame_missing
1996435_2073_2138,,,,,,,,,,,,,,,,,,,,,,0.0083,0.0,0.0,2371,1996435.0,frame_missing
1996435_2073_2138,,,,,,,,,,,,,,,,,,,,,,,,,2372,,no_player_id
1996435_2100_2150,1996435.0,2100.0,19881.0,19881.0,50949.0,Adelaide United,866.0,37.692345376747255,71.04514691377588,37.692345376747255,5.850709358701727,0.0,11.74006814290275,23.527661161730965,6.0,drawing,low_block,middle,middle,recovery,pass,0.0083,0.0,1.0,2373,1996435.0,
1996435_2100_2150,,,,,,,,,,,,,,,,,,,,,,0.0083,0.0,1.0,2374,1996435.0,frame_missing
1996435_2100_2150,,,,,,,,,,,,,,,,,,,,,,0.0083,0.0,1.0,2375,1996435.0,frame_missing
1996435_2100_2150,,,,,,,,,,,,,,,,,,,,,,0.0083,0.0,1.0,2376,1996435.0,frame_missing
1996435_2100_2150,,,,,,,,,,,,,,,,,,,,,,0.0083,0.0,1.0,2377,1996435.0,frame_missing
1996435_2100_2150,,,,,,,,,,,,,,,,,,,,,,0.0083,0.0,1.0,2378,1996435.0,frame_missing
1996435_2100_2150,,,,,,,,,,,,,,,,,,,,,,0.0083,0.0,1.0,2379,1996435.0,frame_missing
1996435_2100_2150,,,,,,,,,,,,,,,,,,,,,,0.0083,0.0,1.0,2380,1996435.0,frame_missing
1996435_2100_2150,,,,,,,,,,,,,,,,,,,,,,,,,2381,,no_player_id
1996435_2100_2150,,,,,,,,,,,,,,,,,,,,,,0.0083,0.0,1.0,2382,1996435.0,frame_missing
1996435_2100_2150,,,,,,,,,,,,,,,,,,,,,,0.0083,0.0,1.0,2383,1996435.0,frame_missing
1996435_2100_2150,,,,,,,,,,,,,,,,,,,,,,0.0083,0.0,1.0,2384,1996435.0,frame_missing
1996435_2100_2150,,,,,,,,,,,,,,,,,,,,,,0.0083,0.0,1.0,2385,1996435.0,frame_missing
1996435_2100_2150,,,,,,,,,,,,,,,,,,,,,,0.0083,0.0,1.0,2386,1996435.0,frame_missing
1996435_2100_2150,,,,,,,,,,,,,,,,,,,,,,0.0083,0.0,1.0,2387,1996435.0,frame_missing
1996435_2100_2150,,,,,,,,,,,,,,,,,,,,,,0.0083,0.0,1.0,2388,1996435.0,frame_missing
1996435_2100_2150,,,,,,,,,,,,,,,,,,,,,,,,,2389,,no_player_id
1996435_2100_2150,,,,,,,,,,,,,,,,,,,,,,0.0083,0.0,1.0,2390,1996435.0,frame_missing
1996435_2100_2150,,,,,,,,,,,,,,,,,,,,,,0.0083,0.0,1.0,2391,1996435.0,frame_missing
1996435_2100_2150,,,,,,,,,,,,,,,,,,,,,,0.0083,0.0,1.0,2392,1996435.0,frame_missing
1996435_2100_2150,,,,,,,,,,,,,,,,,,,,,,0.0083,0.0,1.0,2393,1996435.0,frame_missing
1996435_2100_2150,,,,,,,,,,,,,,,,,,,,,,0.0083,0.0,1.0,2394,1996435.0,frame_missing
1996435_2246_2287,1996435.0,2246.0,20746.0,20746.0,42513.0,Adelaide United,866.0,31.9157406306042,82.57611337426823,31.9157406306042,3.985774705123206,1.0,4.437983776446237,24.02033799967096,8.0,drawing,low_block,defensive,defensive,recovery,pass,0.044,1.0,0.0,2395,1996435.0,
1996435_2246_2287,,,,,,,,,,,,,,,,,,,,,,0.044,1.0,0.0,2396,1996435.0,frame_missing
1996435_2246_2287,,,,,,,,,,,,,,,,,,,,,,0.044,1.0,0.0,2397,1996435.0,frame_missing
1996435_2246_2287,,,,,,,,,,,,,,,,,,,,,,0.044,1.0,0.0,2398,1996435.0,frame_missing
1996435_2246_2287,,,,,,,,,,,,,,,,,,,,,,0.044,1.0,0.0,2399,1996435.0,frame_missing
1996435_2246_2287,,,,,,,,,,,,,,,,,,,,,,0.044,1.0,0.0,2400,1996435.0,frame_missing
1996435_2246_2287,,,,,,,,,,,,,,,,,,,,,,0.044,1.0,0.0,2401,1996435.0,frame_missing
1996435_2246_2287,,,,,,,,,,,,,,,,,,,,,,0.044,1.0,0.0,2402,1996435.0,frame_missing
1996435_2246_2287,,,,,,,,,,,,,,,,,,,,,,0.044,1.0,0.0,2403,1996435.0,frame_missing
1996435_2246_2287,,,,,,,,,,,,,,,,,,,,,,0.044,1.0,0.0,2404,1996435.0,frame_missing
1996435_2246_2287,,,,,,,,,,,,,,,,,,,,,,0.044,1.0,0.0,2405,1996435.0,frame_missing
1996435_2246_2287,,,,,,,,,,,,,,,,,,,,,,0.044,1.0,0.0,2406,1996435.0,frame_missing
1996435_2246_2287,,,,,,,,,,,,,,,,,,,,,,0.044,1.0,0.0,2407,1996435.0,frame_missing
1996435_2246_2287,,,,,,,,,,,,,,,,,,,,,,0.044,1.0,0.0,2408,1996435.0,frame_missing
1996435_2246_2287,,,,,,,,,,,,,,,,,,,,,,0.044,1.0,0.0,2409,1996435.0,frame_missing
1996435_2354_2401,1996435.0,2354.0,22173.0,22318.0,51644.0,Sydney FC,869.0,43.32571753589316,61.93882304338693,61.93882304338693,7.027560031760667,0.0,7.650653566852966,19.58401164724149,5.0,winning,high_block,middle,middle,pass_interception,pass,0.0646,1.0,0.0,2410,1996435.0,
1996435_2354_2401,,,,,,,,,,,,,,,,,,,,,,0.0646,1.0,0.0,2411,1996435.0,frame_missing
1996435_2354_2401,,,,,,,,,,,,,,,,,,,,,,0.0646,1.0,0.0,2412,1996435.0,frame_missing
1996435_2354_2401,,,,,,,,,,,,,,,,,,,,,,0.0646,1.0,0.0,2413,1996435.0,frame_missing
1996435_2354_2401,,,,,,,,,,,,,,,,,,,,,,0.0646,1.0,0.0,2414,1996435.0,frame_missing
1996435_2354_2401,,,,,,,,,,,,,,,,,,,,,,0.0646,1.0,0.0,2415,1996435.0,frame_missing
1996435_2354_2401,,,,,,,,,,,,,,,,,,,,,,0.0646,1.0,0.0,2416,1996435.0,frame_missing
1996435_2354_2401,,,,,,,,,,,,,,,,,,,,,,0.0646,1.0,0.0,2417,1996435.0,frame_missing
1996435_2354_2401,,,,,,,,,,,,,,,,,,,,,,0.0646,1.0,0.0,2418,1996435.0,frame_missing
1996435_2354_2401,,,,,,,,,,,,,,,,,,,,,,0.0646,1.0,0.0,2419,1996435.0,frame_missing
1996435_2354_2401,,,,,,,,,,,,,,,,,,,,,,0.0646,1.0,0.0,2420,1996435.0,frame_missing
1996435_2354_2401,,,,,,,,,,,,,,,,,,,,,,0.0646,1.0,0.0,2421,1996435.0,frame_missing
1996435_2354_2401,,,,,,,,,,,,,,,,,,,,,,0.0646,1.0,0.0,2422,1996435.0,frame_missing
1996435_2354_2401,,,,,,,,,,,,,,,,,,,,,,0.0646,1.0,0.0,2423,1996435.0,frame_missing
1996435_2354_2401,,,,,,,,,,,,,,,,,,,,,,0.0646,1.0,0.0,2424,1996435.0,frame_missing
1996435_2354_2401,,,,,,,,,,,,,,,,,,,,,,,,,2425,,no_player_id
1996435_2354_2401,,,,,,,,,,,,,,,,,,,,,,0.0646,1.0,0.0,2426,1996435.0,frame_missing
1996435_2354_2401,,,,,,,,,,,,,,,,,,,,,,0.0646,1.0,0.0,2427,1996435.0,frame_missing
1996435_2354_2401,,,,,,,,,,,,,,,,,,,,,,0.0646,1.0,0.0,2428,1996435.0,frame_missing
1996435_2354_2401,,,,,,,,,,,,,,,,,,,,,,0.0646,1.0,0.0,2429,1996435.0,frame_missing
1996435_2354_2401,,,,,,,,,,,,,,,,,,,,,,0.0646,1.0,0.0,2430,1996435.0,frame_missing
1996435_2354_2401,,,,,,,,,,,,,,,,,,,,,,,,,2431,,no_player_id
1996435_2354_2401,,,,,,,,,,,,,,,,,,,,,,0.0646,1.0,0.0,2432,1996435.0,frame_missing
1996435_2354_2401,,,,,,,,,,,,,,,,,,,,,,,,,2433,,no_player_id
1996435_2407_2415,1996435.0,2407.0,22589.0,22607.0,51045.0,Sydney FC,869.0,22.95240292431274,87.82375988307493,87.82375988307493,7.943255000313159,0.0,10.733708585572833,19.14647764677334,3.0,winning,high_block,defensive,defensive,recovery,pass,0.0089,0.0,0.0,2434,1996435.0,
1996435_2407_2415,,,,,,,,,,,,,,,,,,,,,,0.0089,0.0,0.0,2435,1996435.0,frame_missing
1996435_2407_2415,,,,,,,,,,,,,,,,,,,,,,0.0089,0.0,0.0,2436,1996435.0,frame_missing
1996435_2564_2580,1996435.0,2564.0,24170.0,24170.0,51005.0,Adelaide United,866.0,20.99640445409642,90.37006694697088,90.37006694697088,8.99602134279371,0.0,9.303816421232739,20.689509876744935,1.0,losing,high_block,attacking,attacking,pass_interception,pass,0.0107,0.0,0.0,2437,1996435.0,
1996435_2564_2580,,,,,,,,,,,,,,,,,,,,,,0.0107,0.0,0.0,2438,1996435.0,frame_missing
1996435_2564_2580,,,,,,,,,,,,,,,,,,,,,,0.0107,0.0,0.0,2439,1996435.0,frame_missing
1996435_2564_2580,,,,,,,,,,,,,,,,,,,,,,0.0107,0.0,0.0,2440,1996435.0,frame_missing
1996435_2564_2580,,,,,,,,,,,,,,,,,,,,,,0.0107,0.0,0.0,2441,1996435.0,frame_missing
1996435_2564_2580,,,,,,,,,,,,,,,,,,,,,,0.0107,0.0,0.0,2442,1996435.0,frame_missing
1996435_2564_2580,,,,,,,,,,,,,,,,,,,,,,0.0107,0.0,0.0,2443,1996435.0,frame_missing
1996435_2585_2608,1996435.0,2585.0,24276.0,24302.0,28293.0,Sydney FC,869.0,44.1607076483156,60.840513640172375,60.840513640172375,5.795480998157099,0.0,6.349433045556115,17.529817360270002,7.0,winning,medium_block,middle,middle,pass_interception,pass,0.026,1.0,0.0,2444,1996435.0,
1996435_2585_2608,,,,,,,,,,,,,,,,,,,,,,0.026,1.0,0.0,2445,1996435.0,frame_missing
1996435_2585_2608,,,,,,,,,,,,,,,,,,,,,,0.026,1.0,0.0,2446,1996435.0,frame_missing
1996435_2585_2608,,,,,,,,,,,,,,,,,,,,,,0.026,1.0,0.0,2447,1996435.0,frame_missing
1996435_2585_2608,,,,,,,,,,,,,,,,,,,,,,0.026,1.0,0.0,2448,1996435.0,frame_missing
1996435_2585_2608,,,,,,,,,,,,,,,,,,,,,,0.026,1.0,0.0,2449,1996435.0,frame_missing
1996435_2585_2608,,,,,,,,,,,,,,,,,,,,,,0.026,1.0,0.0,2450,1996435.0,frame_missing
1996435_2585_2608,,,,,,,,,,,,,,,,,,,,,,0.026,1.0,0.0,2451,1996435.0,frame_missing
1996435_2585_2608,,,,,,,,,,,,,,,,,,,,,,0.026,1.0,0.0,2452,1996435.0,frame_missing
1996435_2585_2608,,,,,,,,,,,,,,,,,,,,,,0.026,1.0,0.0,2453,1996435.0,frame_missing
1996435_2585_2608,,,,,,,,,,,,,,,,,,,,,,0.026,1.0,0.0,2454,1996435.0,frame_missing
1996435_2612_2629,1996435.0,2612.0,24818.0,24829.0,51045.0,Sydney FC,869.0,27.755262564061614,78.11692902309973,27.755262564061614,5.354213294219794,0.0,12.002603884157805,17.081163377793608,7.0,winning,defending_set_play,attacking,attacking,recovery,pass,0.1243,1.0,0.0,2455,1996435.0,
1996435_2612_2629,,,,,,,,,,,,,,,,,,,,,,0.1243,1.0,0.0,2456,1996435.0,frame_missing
1996435_2612_2629,,,,,,,,,,,,,,,,,,,,,,0.1243,1.0,0.0,2457,1996435.0,frame_missing
1996435_2612_2629,,,,,,,,,,,,,,,,,,,,,,0.1243,1.0,0.0,2458,1996435.0,frame_missing
1996435_2612_2629,,,,,,,,,,,,,,,,,,,,,,0.1243,1.0,0.0,2459,1996435.0,frame_missing
1996435_2612_2629,,,,,,,,,,,,,,,,,,,,,,0.1243,1.0,0.0,2460,1996435.0,frame_missing
1996435_2612_2629,,,,,,,,,,,,,,,,,,,,,,0.1243,1.0,0.0,2461,1996435.0,frame_missing
1996435_2612_2629,,,,,,,,,,,,,,,,,,,,,,0.1243,1.0,0.0,2462,1996435.0,frame_missing
1996435_2612_2629,,,,,,,,,,,,,,,,,,,,,,,,,2463,,no_player_id
1996435_2898_2913,1996435.0,2898.0,29128.0,29128.0,25534.0,Sydney FC,869.0,46.321995855101065,58.68157547305628,58.68157547305628,5.710945630979164,0.0,9.30414961186674,19.122599111034894,8.0,winning,defending_transition,middle,middle,pass_interception,pass,0.1058,1.0,0.0,2464,1996435.0,
1996435_2898_2913,,,,,,,,,,,,,,,,,,,,,,0.1058,1.0,0.0,2465,1996435.0,frame_missing
1996435_2898_2913,,,,,,,,,,,,,,,,,,,,,,0.1058,1.0,0.0,2466,1996435.0,frame_missing
1996435_2898_2913,,,,,,,,,,,,,,,,,,,,,,0.1058,1.0,0.0,2467,1996435.0,frame_missing
1996435_2898_2913,,,,,,,,,,,,,,,,,,,,,,0.1058,1.0,0.0,2468,1996435.0,frame_missing
1996435_2898_2913,,,,,,,,,,,,,,,,,,,,,,0.1058,1.0,0.0,2469,1996435.0,frame_missing
1996435_2898_2913,,,,,,,,,,,,,,,,,,,,,,0.1058,1.0,0.0,2470,1996435.0,frame_missing
1996435_2898_2913,,,,,,,,,,,,,,,,,,,,,,0.1058,1.0,0.0,2471,1996435.0,frame_missing
1996435_2898_2913,,,,,,,,,,,,,,,,,,,,,,0.1058,1.0,0.0,2472,1996435.0,frame_missing
1996435_3073_3081,1996435.0,3073.0,31708.0,31729.0,50949.0,Adelaide United,866.0,29.876934247007338,77.62107445790737,77.62107445790737,9.943605985757884,0.0,11.789151793068063,23.769796820838884,6.0,losing,high_block,defensive,defensive,pass_interception,pass,,,0.0,2473,1996435.0,
1996435_3073_3081,,,,,,,,,,,,,,,,,,,,,,,,,2474,,no_player_id
1996435_3073_3081,,,,,,,,,,,,,,,,,,,,,,,,,2475,,no_player_id
1996435_3135_3161,1996435.0,3135.0,32476.0,32489.0,51045.0,Sydney FC,869.0,51.59296948228508,54.25158523029535,54.25158523029535,6.560647833865189,0.0,13.479454736746586,18.628393281423186,7.0,winning,medium_block,middle,middle,pass_interception,pass,0.0101,0.0,0.0,2476,1996435.0,
1996435_3135_3161,,,,,,,,,,,,,,,,,,,,,,0.0101,0.0,0.0,2477,1996435.0,frame_missing
1996435_3135_3161,,,,,,,,,,,,,,,,,,,,,,0.0101,0.0,0.0,2478,1996435.0,frame_missing
1996435_3135_3161,,,,,,,,,,,,,,,,,,,,,,0.0101,0.0,0.0,2479,1996435.0,frame_missing
1996435_3135_3161,,,,,,,,,,,,,,,,,,,,,,0.0101,0.0,0.0,2480,1996435.0,frame_missing
1996435_3135_3161,,,,,,,,,,,,,,,,,,,,,,0.0101,0.0,0.0,2481,1996435.0,frame_missing
1996435_3135_3161,,,,,,,,,,,,,,,,,,,,,,0.0101,0.0,0.0,2482,1996435.0,frame_missing
1996435_3135_3161,,,,,,,,,,,,,,,,,,,,,,0.0101,0.0,0.0,2483,1996435.0,frame_missing
1996435_3135_3161,,,,,,,,,,,,,,,,,,,,,,0.0101,0.0,0.0,2484,1996435.0,frame_missing
1996435_3135_3161,,,,,,,,,,,,,,,,,,,,,,0.0101,0.0,0.0,2485,1996435.0,frame_missing
1996435_3135_3161,,,,,,,,,,,,,,,,,,,,,,0.0101,0.0,0.0,2486,1996435.0,frame_missing
1996435_3135_3161,,,,,,,,,,,,,,,,,,,,,,0.0101,0.0,0.0,2487,1996435.0,frame_missing
1996435_3135_3161,,,,,,,,,,,,,,,,,,,,,,,,,2488,,no_player_id
1996435_3273_3299,1996435.0,3273.0,34354.0,34365.0,42513.0,Adelaide United,866.0,44.06002837039486,61.14643162115023,61.14643162115023,3.1225950746134212,1.0,7.612253280074173,21.783603133402593,3.0,losing,chaotic,middle,middle,recovery,pass,0.0012,0.0,0.0,2489,1996435.0,
1996435_3273_3299,,,,,,,,,,,,,,,,,,,,,,0.0012,0.0,0.0,2490,1996435.0,frame_missing
1996435_3273_3299,,,,,,,,,,,,,,,,,,,,,,,,,2491,,no_player_id
1996435_3273_3299,,,,,,,,,,,,,,,,,,,,,,0.0012,0.0,0.0,2492,1996435.0,frame_missing
1996435_3273_3299,,,,,,,,,,,,,,,,,,,,,,0.0012,0.0,0.0,2493,1996435.0,frame_missing
1996435_3273_3299,,,,,,,,,,,,,,,,,,,,,,0.0012,0.0,0.0,2494,1996435.0,frame_missing
1996435_3273_3299,,,,,,,,,,,,,,,,,,,,,,0.0012,0.0,0.0,2495,1996435.0,frame_missing
1996435_3273_3299,,,,,,,,,,,,,,,,,,,,,,0.0012,0.0,0.0,2496,1996435.0,frame_missing
1996435_3273_3299,,,,,,,,,,,,,,,,,,,,,,0.0012,0.0,0.0,2497,1996435.0,frame_missing
1996435_3273_3299,,,,,,,,,,,,,,,,,,,,,,0.0012,0.0,0.0,2498,1996435.0,frame_missing
1996435_3273_3299,,,,,,,,,,,,,,,,,,,,,,0.0012,0.0,0.0,2499,1996435.0,frame_missing
1996435_3606_3637,1996435.0,3606.0,38279.0,38328.0,25534.0,Sydney FC,869.0,34.550600573651394,74.66152958518865,34.550600573651394,2.2706827167175976,1.0,5.44661362683273,14.631409680902621,6.0,winning,low_block,defensive,defensive,recovery,pass,0.0193,0.0,0.0,2500,1996435.0,
1996435_3606_3637,,,,,,,,,,,,,,,,,,,,,,0.0193,0.0,0.0,2501,1996435.0,frame_missing
1996435_3606_3637,,,,,,,,,,,,,,,,,,,,,,0.0193,0.0,0.0,2502,1996435.0,frame_missing
1996435_3606_3637,,,,,,,,,,,,,,,,,,,,,,0.0193,0.0,0.0,2503,1996435.0,frame_missing
1996435_3606_3637,,,,,,,,,,,,,,,,,,,,,,0.0193,0.0,0.0,2504,1996435.0,frame_missing
1996435_3606_3637,,,,,,,,,,,,,,,,,,,,,,0.0193,0.0,0.0,2505,1996435.0,frame_missing
1996435_3606_3637,,,,,,,,,,,,,,,,,,,,,,0.0193,0.0,0.0,2506,1996435.0,frame_missing
1996435_3606_3637,,,,,,,,,,,,,,,,,,,,,,0.0193,0.0,0.0,2507,1996435.0,frame_missing
1996435_3606_3637,,,,,,,,,,,,,,,,,,,,,,0.0193,0.0,0.0,2508,1996435.0,frame_missing
1996435_3606_3637,,,,,,,,,,,,,,,,,,,,,,0.0193,0.0,0.0,2509,1996435.0,frame_missing
1996435_3606_3637,,,,,,,,,,,,,,,,,,,,,,0.0193,0.0,0.0,2510,1996435.0,frame_missing
1996435_3606_3637,,,,,,,,,,,,,,,,,,,,,,,,,2511,,no_player_id
1996435_3606_3637,,,,,,,,,,,,,,,,,,,,,,0.0193,0.0,0.0,2512,1996435.0,frame_missing
1996435_3606_3637,,,,,,,,,,,,,,,,,,,,,,,,,2513,,no_player_id
1996435_3723_3763,1996435.0,3723.0,38957.0,38968.0,50959.0,Adelaide United,866.0,54.63071754974485,58.671247643117326,54.63071754974485,2.7302930245671453,1.0,8.545624611460534,26.069618643762425,1.0,losing,defending_transition,middle,middle,pass_interception,pass,0.0459,1.0,0.0,2514,1996435.0,
1996435_3723_3763,,,,,,,,,,,,,,,,,,,,,,0.0459,1.0,0.0,2515,1996435.0,frame_missing
1996435_3723_3763,,,,,,,,,,,,,,,,,,,,,,0.0459,1.0,0.0,2516,1996435.0,frame_missing
1996435_3723_3763,,,,,,,,,,,,,,,,,,,,,,0.0459,1.0,0.0,2517,1996435.0,frame_missing
1996435_3723_3763,,,,,,,,,,,,,,,,,,,,,,0.0459,1.0,0.0,2518,1996435.0,frame_missing
1996435_3723_3763,,,,,,,,,,,,,,,,,,,,,,0.0459,1.0,0.0,2519,1996435.0,frame_missing
1996435_3723_3763,,,,,,,,,,,,,,,,,,,,,,,,,2520,,no_player_id
1996435_3723_3763,,,,,,,,,,,,,,,,,,,,,,0.0459,1.0,0.0,2521,1996435.0,frame_missing
1996435_3723_3763,,,,,,,,,,,,,,,,,,,,,,0.0459,1.0,0.0,2522,1996435.0,frame_missing
1996435_3723_3763,,,,,,,,,,,,,,,,,,,,,,0.0459,1.0,0.0,2523,1996435.0,frame_missing
1996435_3723_3763,,,,,,,,,,,,,,,,,,,,,,0.0459,1.0,0.0,2524,1996435.0,frame_missing
1996435_3723_3763,,,,,,,,,,,,,,,,,,,,,,0.0459,1.0,0.0,2525,1996435.0,frame_missing
1996435_3723_3763,,,,,,,,,,,,,,,,,,,,,,0.0459,1.0,0.0,2526,1996435.0,frame_missing
1996435_3723_3763,,,,,,,,,,,,,,,,,,,,,,0.0459,1.0,0.0,2527,1996435.0,frame_missing
1996435_3723_3769,1996435.0,3723.0,38957.0,38968.0,50959.0,Adelaide United,866.0,54.63071754974485,58.671247643117326,54.63071754974485,2.7302930245671453,1.0,8.545624611460534,26.069618643762425,1.0,losing,defending_transition,middle,middle,pass_interception,pass,0.0459,1.0,0.0,2528,1996435.0,
1996435_3723_3769,,,,,,,,,,,,,,,,,,,,,,0.0459,1.0,0.0,2529,1996435.0,frame_missing
1996435_3723_3769,,,,,,,,,,,,,,,,,,,,,,0.0459,1.0,0.0,2530,1996435.0,frame_missing
1996435_3723_3769,,,,,,,,,,,,,,,,,,,,,,0.0459,1.0,0.0,2531,1996435.0,frame_missing
1996435_3723_3769,,,,,,,,,,,,,,,,,,,,,,0.0459,1.0,0.0,2532,1996435.0,frame_missing
1996435_3723_3769,,,,,,,,,,,,,,,,,,,,,,0.0459,1.0,0.0,2533,1996435.0,frame_missing
1996435_3723_3769,,,,,,,,,,,,,,,,,,,,,,,,,2534,,no_player_id
1996435_3723_3769,,,,,,,,,,,,,,,,,,,,,,0.0459,1.0,0.0,2535,1996435.0,frame_missing
1996435_3723_3769,,,,,,,,,,,,,,,,,,,,,,0.0459,1.0,0.0,2536,1996435.0,frame_missing
1996435_3723_3769,,,,,,,,,,,,,,,,,,,,,,0.0459,1.0,0.0,2537,1996435.0,frame_missing
1996435_3723_3769,,,,,,,,,,,,,,,,,,,,,,0.0459,1.0,0.0,2538,1996435.0,frame_missing
1996435_3723_3769,,,,,,,,,,,,,,,,,,,,,,0.0459,1.0,0.0,2539,1996435.0,frame_missing
1996435_3723_3769,,,,,,,,,,,,,,,,,,,,,,0.0459,1.0,0.0,2540,1996435.0,frame_missing
1996435_3723_3769,,,,,,,,,,,,,,,,,,,,,,0.0459,1.0,0.0,2541,1996435.0,frame_missing
1996435_3723_3769,,,,,,,,,,,,,,,,,,,,,,,,,2542,,no_player_id
1996435_3806_3871,1996435.0,3806.0,39814.0,39814.0,51045.0,Sydney FC,869.0,51.695038446643984,53.668212193066395,53.668212193066395,3.711616898334202,1.0,8.328271129111972,13.790779476603626,7.0,winning,medium_block,middle,middle,pass_interception,pass,0.0266,1.0,0.0,2543,1996435.0,
1996435_3806_3871,,,,,,,,,,,,,,,,,,,,,,0.0266,1.0,0.0,2544,1996435.0,frame_missing
1996435_3806_3871,,,,,,,,,,,,,,,,,,,,,,0.0266,1.0,0.0,2545,1996435.0,frame_missing
1996435_3806_3871,,,,,,,,,,,,,,,,,,,,,,0.0266,1.0,0.0,2546,1996435.0,frame_missing
1996435_3806_3871,,,,,,,,,,,,,,,,,,,,,,0.0266,1.0,0.0,2547,1996435.0,frame_missing
1996435_3806_3871,,,,,,,,,,,,,,,,,,,,,,0.0266,1.0,0.0,2548,1996435.0,frame_missing
1996435_3806_3871,,,,,,,,,,,,,,,,,,,,,,0.0266,1.0,0.0,2549,1996435.0,frame_missing
1996435_3806_3871,,,,,,,,,,,,,,,,,,,,,,0.0266,1.0,0.0,2550,1996435.0,frame_missing
1996435_3806_3871,,,,,,,,,,,,,,,,,,,,,,0.0266,1.0,0.0,2551,1996435.0,frame_missing
1996435_3806_3871,,,,,,,,,,,,,,,,,,,,,,0.0266,1.0,0.0,2552,1996435.0,frame_missing
1996435_3806_3871,,,,,,,,,,,,,,,,,,,,,,0.0266,1.0,0.0,2553,1996435.0,frame_missing
1996435_3806_3871,,,,,,,,,,,,,,,,,,,,,,0.0266,1.0,0.0,2554,1996435.0,frame_missing
1996435_3806_3871,,,,,,,,,,,,,,,,,,,,,,0.0266,1.0,0.0,2555,1996435.0,frame_missing
1996435_3806_3871,,,,,,,,,,,,,,,,,,,,,,0.0266,1.0,0.0,2556,1996435.0,frame_missing
1996435_3806_3871,,,,,,,,,,,,,,,,,,,,,,0.0266,1.0,0.0,2557,1996435.0,frame_missing
1996435_3806_3871,,,,,,,,,,,,,,,,,,,,,,0.0266,1.0,0.0,2558,1996435.0,frame_missing
1996435_3806_3871,,,,,,,,,,,,,,,,,,,,,,0.0266,1.0,0.0,2559,1996435.0,frame_missing
1996435_3806_3871,,,,,,,,,,,,,,,,,,,,,,0.0266,1.0,0.0,2560,1996435.0,frame_missing
1996435_3806_3871,,,,,,,,,,,,,,,,,,,,,,0.0266,1.0,0.0,2561,1996435.0,frame_missing
1996435_3806_3871,,,,,,,,,,,,,,,,,,,,,,0.0266,1.0,0.0,2562,1996435.0,frame_missing
1996435_3806_3871,,,,,,,,,,,,,,,,,,,,,,0.0266,1.0,0.0,2563,1996435.0,frame_missing
1996435_3806_3871,,,,,,,,,,,,,,,,,,,,,,0.0266,1.0,0.0,2564,1996435.0,frame_missing
1996435_3806_3871,,,,,,,,,,,,,,,,,,,,,,,,,2565,,no_player_id
1996435_4036_4052,1996435.0,4036.0,42228.0,42228.0,18573.0,Sydney FC,869.0,50.35912628312767,62.12118479230736,62.12118479230736,9.374993333330963,0.0,7.157939647691924,17.598319929598816,8.0,winning,medium_block,middle,middle,recovery,pass,0.1061,1.0,0.0,2566,1996435.0,
1996435_4036_4052,,,,,,,,,,,,,,,,,,,,,,0.1061,1.0,0.0,2567,1996435.0,frame_missing
1996435_4036_4052,,,,,,,,,,,,,,,,,,,,,,0.1061,1.0,0.0,2568,1996435.0,frame_missing
1996435_4036_4052,,,,,,,,,,,,,,,,,,,,,,0.1061,1.0,0.0,2569,1996435.0,frame_missing
1996435_4036_4052,,,,,,,,,,,,,,,,,,,,,,0.1061,1.0,0.0,2570,1996435.0,frame_missing
1996435_4036_4052,,,,,,,,,,,,,,,,,,,,,,0.1061,1.0,0.0,2571,1996435.0,frame_missing
1996435_4036_4052,,,,,,,,,,,,,,,,,,,,,,0.1061,1.0,0.0,2572,1996435.0,frame_missing
1996435_4036_4052,,,,,,,,,,,,,,,,,,,,,,0.1061,1.0,0.0,2573,1996435.0,frame_missing
1996435_4187_4190,1996435.0,4187.0,43997.0,43997.0,931987.0,Sydney FC,869.0,4.83911148869294,101.52397253850934,101.52397253850934,0.0,1.0,6.710000000000001,21.577673743640357,0.0,winning,chaotic,attacking,attacking,recovery,pass,0.0,0.0,0.0,2574,1996435.0,
1996435_4187_4190,,,,,,,,,,,,,,,,,,,,,,0.0,0.0,0.0,2575,1996435.0,frame_missing
1996435_4187_4190,,,,,,,,,,,,,,,,,,,,,,,,,2576,,no_player_id
1996435_4290_4328,1996435.0,4290.0,45086.0,45113.0,26766.0,Adelaide United,866.0,31.289579735113094,75.00891813644562,75.00891813644562,5.500954462636458,0.0,7.470609078247904,23.942430260292163,8.0,losing,medium_block,defensive,defensive,recovery,pass,0.0333,1.0,0.0,2577,1996435.0,
1996435_4290_4328,,,,,,,,,,,,,,,,,,,,,,0.0333,1.0,0.0,2578,1996435.0,frame_missing
1996435_4290_4328,,,,,,,,,,,,,,,,,,,,,,0.0333,1.0,0.0,2579,1996435.0,frame_missing
1996435_4290_4328,,,,,,,,,,,,,,,,,,,,,,0.0333,1.0,0.0,2580,1996435.0,frame_missing
1996435_4290_4328,,,,,,,,,,,,,,,,,,,,,,0.0333,1.0,0.0,2581,1996435.0,frame_missing
1996435_4290_4328,,,,,,,,,,,,,,,,,,,,,,0.0333,1.0,0.0,2582,1996435.0,frame_missing
1996435_4290_4328,,,,,,,,,,,,,,,,,,,,,,0.0333,1.0,0.0,2583,1996435.0,frame_missing
1996435_4290_4328,,,,,,,,,,,,,,,,,,,,,,0.0333,1.0,0.0,2584,1996435.0,frame_missing
1996435_4290_4328,,,,,,,,,,,,,,,,,,,,,,0.0333,1.0,0.0,2585,1996435.0,frame_missing
1996435_4290_4328,,,,,,,,,,,,,,,,,,,,,,0.0333,1.0,0.0,2586,1996435.0,frame_missing
1996435_4290_4328,,,,,,,,,,,,,,,,,,,,,,0.0333,1.0,0.0,2587,1996435.0,frame_missing
1996435_4290_4328,,,,,,,,,,,,,,,,,,,,,,,,,2588,,no_player_id
1996435_4464_4506,1996435.0,4464.0,47963.0,47968.0,973078.0,Adelaide United,866.0,54.617553954749745,69.14244138009592,69.14244138009592,9.434087131249106,0.0,10.520503790218411,34.237657997392105,6.0,losing,chaotic,middle,middle,pass_interception,pass,0.0036,0.0,0.0,2589,1996435.0,
1996435_4464_4506,,,,,,,,,,,,,,,,,,,,,,0.0036,0.0,0.0,2590,1996435.0,frame_missing
1996435_4464_4506,,,,,,,,,,,,,,,,,,,,,,,,,2591,,no_player_id
1996435_4464_4506,,,,,,,,,,,,,,,,,,,,,,0.0036,0.0,0.0,2592,1996435.0,frame_missing
1996435_4464_4506,,,,,,,,,,,,,,,,,,,,,,0.0036,0.0,0.0,2593,1996435.0,frame_missing
1996435_4464_4506,,,,,,,,,,,,,,,,,,,,,,0.0036,0.0,0.0,2594,1996435.0,frame_missing
1996435_4464_4506,,,,,,,,,,,,,,,,,,,,,,0.0036,0.0,0.0,2595,1996435.0,frame_missing
1996435_4464_4506,,,,,,,,,,,,,,,,,,,,,,0.0036,0.0,0.0,2596,1996435.0,frame_missing
1996435_4464_4506,,,,,,,,,,,,,,,,,,,,,,0.0036,0.0,0.0,2597,1996435.0,frame_missing
1996435_4464_4506,,,,,,,,,,,,,,,,,,,,,,0.0036,0.0,0.0,2598,1996435.0,frame_missing
1996435_4464_4506,,,,,,,,,,,,,,,,,,,,,,0.0036,0.0,0.0,2599,1996435.0,frame_missing
1996435_4464_4506,,,,,,,,,,,,,,,,,,,,,,0.0036,0.0,0.0,2600,1996435.0,frame_missing
1996435_4464_4506,,,,,,,,,,,,,,,,,,,,,,0.0036,0.0,0.0,2601,1996435.0,frame_missing
1996435_4464_4506,,,,,,,,,,,,,,,,,,,,,,0.0036,0.0,0.0,2602,1996435.0,frame_missing
1996435_4464_4506,,,,,,,,,,,,,,,,,,,,,,0.0036,0.0,0.0,2603,1996435.0,frame_missing
1996435_4464_4506,,,,,,,,,,,,,,,,,,,,,,0.0036,0.0,0.0,2604,1996435.0,frame_missing
1996435_4464_4506,,,,,,,,,,,,,,,,,,,,,,0.0036,0.0,0.0,2605,1996435.0,frame_missing
1996435_4464_4506,,,,,,,,,,,,,,,,,,,,,,0.0036,0.0,0.0,2606,1996435.0,frame_missing
1996435_4464_4506,,,,,,,,,,,,,,,,,,,,,,0.0036,0.0,0.0,2607,1996435.0,frame_missing
1996435_4464_4506,,,,,,,,,,,,,,,,,,,,,,0.0036,0.0,0.0,2608,1996435.0,frame_missing
1996435_4464_4506,,,,,,,,,,,,,,,,,,,,,,,,,2609,,no_player_id
1996435_4674_4682,1996435.0,4674.0,49480.0,49493.0,133853.0,Sydney FC,869.0,15.172056551436919,90.63327920802602,90.63327920802602,5.129561384757959,0.0,8.915340711380576,15.67214672965449,8.0,winning,chaotic,attacking,attacking,recovery,pass,0.0259,1.0,0.0,2610,1996435.0,
1996435_4674_4682,,,,,,,,,,,,,,,,,,,,,,0.0259,1.0,0.0,2611,1996435.0,frame_missing
1996435_4674_4682,,,,,,,,,,,,,,,,,,,,,,0.0259,1.0,0.0,2612,1996435.0,frame_missing
1996435_4674_4682,1996435.0,4682.0,49527.0,49560.0,50971.0,Adelaide United,866.0,19.443613347317932,89.1428858630906,19.443613347317932,5.742542990696717,0.0,3.0565994176535436,22.96507195532454,2.0,winning,chaotic,attacking,attacking,pass_interception,pass,0.0259,1.0,0.0,2613,1996435.0,
1996435_4802_4849,1996435.0,4802.0,51945.0,51945.0,28293.0,Sydney FC,869.0,47.33700666497619,58.47129381157903,58.47129381157903,10.072139792516781,0.0,5.2730731077807,12.86622367453956,4.0,winning,medium_block,middle,middle,pass_interception,pass,0.0269,1.0,0.0,2614,1996435.0,
1996435_4802_4849,,,,,,,,,,,,,,,,,,,,,,0.0269,1.0,0.0,2615,1996435.0,frame_missing
1996435_4802_4849,,,,,,,,,,,,,,,,,,,,,,0.0269,1.0,0.0,2616,1996435.0,frame_missing
1996435_4802_4849,,,,,,,,,,,,,,,,,,,,,,0.0269,1.0,0.0,2617,1996435.0,frame_missing
1996435_4802_4849,,,,,,,,,,,,,,,,,,,,,,0.0269,1.0,0.0,2618,1996435.0,frame_missing
1996435_4802_4849,,,,,,,,,,,,,,,,,,,,,,0.0269,1.0,0.0,2619,1996435.0,frame_missing
1996435_4802_4849,,,,,,,,,,,,,,,,,,,,,,0.0269,1.0,0.0,2620,1996435.0,frame_missing
1996435_4802_4849,,,,,,,,,,,,,,,,,,,,,,0.0269,1.0,0.0,2621,1996435.0,frame_missing
1996435_4802_4849,,,,,,,,,,,,,,,,,,,,,,0.0269,1.0,0.0,2622,1996435.0,frame_missing
1996435_4802_4849,,,,,,,,,,,,,,,,,,,,,,0.0269,1.0,0.0,2623,1996435.0,frame_missing
1996435_4802_4849,,,,,,,,,,,,,,,,,,,,,,0.0269,1.0,0.0,2624,1996435.0,frame_missing
1996435_4802_4849,,,,,,,,,,,,,,,,,,,,,,0.0269,1.0,0.0,2625,1996435.0,frame_missing
1996435_4802_4849,,,,,,,,,,,,,,,,,,,,,,0.0269,1.0,0.0,2626,1996435.0,frame_missing
1996435_4802_4849,,,,,,,,,,,,,,,,,,,,,,0.0269,1.0,0.0,2627,1996435.0,frame_missing
1996435_4802_4849,,,,,,,,,,,,,,,,,,,,,,0.0269,1.0,0.0,2628,1996435.0,frame_missing
1996435_4802_4849,,,,,,,,,,,,,,,,,,,,,,0.0269,1.0,0.0,2629,1996435.0,frame_missing
1996435_4802_4849,,,,,,,,,,,,,,,,,,,,,,0.0269,1.0,0.0,2630,1996435.0,frame_missing
1996435_4802_4849,,,,,,,,,,,,,,,,,,,,,,0.0269,1.0,0.0,2631,1996435.0,frame_missing
1996435_4802_4849,,,,,,,,,,,,,,,,,,,,,,0.0269,1.0,0.0,2632,1996435.0,frame_missing
1996435_4802_4849,,,,,,,,,,,,,,,,,,,,,,0.0269,1.0,0.0,2633,1996435.0,frame_missing
1996435_4802_4849,,,,,,,,,,,,,,,,,,,,,,0.0269,1.0,0.0,2634,1996435.0,frame_missing
1996435_4882_4883,1996435.0,4882.0,52505.0,52505.0,133852.0,Sydney FC,869.0,32.76377572869159,90.17519060140654,90.17519060140654,1.6650825805346736,1.0,3.0480977674608805,22.33127780999863,2.0,winning,chaotic,attacking,attacking,recovery,pass,0.0175,0.0,0.0,2635,1996435.0,
1996435_4882_4883,,,,,,,,,,,,,,,,,,,,,,0.0175,0.0,0.0,2636,1996435.0,frame_missing
1996435_4886_4918,1996435.0,4886.0,52874.0,52874.0,962802.0,Adelaide United,866.0,49.93328549174388,55.263306090026866,49.93328549174388,0.0,2.0,6.241089648450822,19.823344233769486,3.0,losing,chaotic,middle,middle,pass_interception,pass,0.0225,1.0,0.0,2637,1996435.0,
1996435_4886_4918,,,,,,,,,,,,,,,,,,,,,,0.0225,1.0,0.0,2638,1996435.0,frame_missing
1996435_4886_4918,,,,,,,,,,,,,,,,,,,,,,0.0225,1.0,0.0,2639,1996435.0,frame_missing
1996435_4886_4918,,,,,,,,,,,,,,,,,,,,,,0.0225,1.0,0.0,2640,1996435.0,frame_missing
1996435_4886_4918,,,,,,,,,,,,,,,,,,,,,,0.0225,1.0,0.0,2641,1996435.0,frame_missing
1996435_4886_4918,,,,,,,,,,,,,,,,,,,,,,0.0225,1.0,0.0,2642,1996435.0,frame_missing
1996435_4886_4918,,,,,,,,,,,,,,,,,,,,,,0.0225,1.0,0.0,2643,1996435.0,frame_missing
1996435_4886_4918,,,,,,,,,,,,,,,,,,,,,,0.0225,1.0,0.0,2644,1996435.0,frame_missing
1996435_4886_4918,,,,,,,,,,,,,,,,,,,,,,0.0225,1.0,0.0,2645,1996435.0,frame_missing
1996435_4886_4918,,,,,,,,,,,,,,,,,,,,,,0.0225,1.0,0.0,2646,1996435.0,frame_missing
1996435_4886_4918,,,,,,,,,,,,,,,,,,,,,,0.0225,1.0,0.0,2647,1996435.0,frame_missing
1996435_4886_4918,,,,,,,,,,,,,,,,,,,,,,0.0225,1.0,0.0,2648,1996435.0,frame_missing
1996435_4886_4918,,,,,,,,,,,,,,,,,,,,,,0.0225,1.0,0.0,2649,1996435.0,frame_missing
1996435_4886_4918,,,,,,,,,,,,,,,,,,,,,,0.0225,1.0,0.0,2650,1996435.0,frame_missing
1996435_4886_4918,,,,,,,,,,,,,,,,,,,,,,0.0225,1.0,0.0,2651,1996435.0,frame_missing
1996435_5140_5172,1996435.0,5140.0,55771.0,55791.0,808608.0,Adelaide United,866.0,47.26906176348331,62.715741245719165,62.715741245719165,2.5329824318380103,1.0,17.54571457649987,28.96093301702735,2.0,losing,defending_transition,middle,middle,recovery,pass,0.2059,1.0,0.0,2652,1996435.0,
1996435_5140_5172,,,,,,,,,,,,,,,,,,,,,,0.2059,1.0,0.0,2653,1996435.0,frame_missing
1996435_5140_5172,,,,,,,,,,,,,,,,,,,,,,0.2059,1.0,0.0,2654,1996435.0,frame_missing
1996435_5140_5172,,,,,,,,,,,,,,,,,,,,,,0.2059,1.0,0.0,2655,1996435.0,frame_missing
1996435_5140_5172,,,,,,,,,,,,,,,,,,,,,,0.2059,1.0,0.0,2656,1996435.0,frame_missing
1996435_5140_5172,,,,,,,,,,,,,,,,,,,,,,0.2059,1.0,0.0,2657,1996435.0,frame_missing
1996435_5140_5172,,,,,,,,,,,,,,,,,,,,,,0.2059,1.0,0.0,2658,1996435.0,frame_missing
1996435_5140_5172,,,,,,,,,,,,,,,,,,,,,,,,,2659,,no_player_id
1996435_5140_5172,,,,,,,,,,,,,,,,,,,,,,0.2059,1.0,0.0,2660,1996435.0,frame_missing
1996435_5140_5172,,,,,,,,,,,,,,,,,,,,,,0.2059,1.0,0.0,2661,1996435.0,frame_missing
1996435_5140_5172,,,,,,,,,,,,,,,,,,,,,,0.2059,1.0,0.0,2662,1996435.0,frame_missing
1996435_5140_5172,,,,,,,,,,,,,,,,,,,,,,0.2059,1.0,0.0,2663,1996435.0,frame_missing
1996435_5140_5172,,,,,,,,,,,,,,,,,,,,,,0.2059,1.0,0.0,2664,1996435.0,frame_missing
1996435_5281_5290,1996435.0,5281.0,57336.0,57384.0,133852.0,Sydney FC,869.0,25.373222105203745,99.39617900100586,99.39617900100586,1.2709445306542677,1.0,1.3532553343696772,15.605238419293878,3.0,winning,high_block,attacking,attacking,recovery,pass,0.0192,0.0,0.0,2665,1996435.0,
1996435_5281_5290,,,,,,,,,,,,,,,,,,,,,,0.0192,0.0,0.0,2666,1996435.0,frame_missing
1996435_5281_5290,,,,,,,,,,,,,,,,,,,,,,0.0192,0.0,0.0,2667,1996435.0,frame_missing
1996435_5281_5290,1996435.0,5290.0,57399.0,57413.0,50971.0,Adelaide United,866.0,33.298243196901545,97.37285556046922,33.298243196901545,1.189033220730188,3.0,10.66671927070362,32.932108832789055,1.0,winning,high_block,attacking,attacking,recovery,pass,0.0192,0.0,0.0,2668,1996435.0,
2006229_12_26,2006229.0,12.0,93.0,93.0,11891.0,Melbourne City,2380.0,36.43299603381528,69.77079044987237,69.77079044987237,9.459096151324395,0.0,14.430485092331441,31.408997409067485,2.0,drawing,chaotic,middle,middle,pass_interception,pass,0.002,0.0,0.0,2669,2006229.0,
2006229_12_26,,,,,,,,,,,,,,,,,,,,,,0.002,0.0,0.0,2670,2006229.0,frame_missing
2006229_12_26,,,,,,,,,,,,,,,,,,,,,,0.002,0.0,0.0,2671,2006229.0,frame_missing
2006229_12_26,,,,,,,,,,,,,,,,,,,,,,0.002,0.0,0.0,2672,2006229.0,frame_missing
2006229_12_26,,,,,,,,,,,,,,,,,,,,,,0.002,0.0,0.0,2673,2006229.0,frame_missing
2006229_12_26,,,,,,,,,,,,,,,,,,,,,,,,,2674,,no_player_id
2006229_12_26,,,,,,,,,,,,,,,,,,,,,,0.002,0.0,0.0,2675,2006229.0,frame_missing
2006229_12_26,,,,,,,,,,,,,,,,,,,,,,0.002,0.0,0.0,2676,2006229.0,frame_missing
2006229_12_26,2006229.0,26.0,159.0,159.0,808580.0,Macarthur FC,1804.0,56.925843867262955,59.734007901697005,56.925843867262955,9.70012886512339,0.0,3.8429415816533057,23.15068879312613,5.0,drawing,chaotic,middle,middle,recovery,pass,0.002,0.0,0.0,2677,2006229.0,
2006229_28_32,2006229.0,28.0,180.0,192.0,9520.0,Melbourne City,2380.0,35.08586610018342,79.11016369594996,79.11016369594996,9.335121852445205,0.0,14.089659328741773,27.6607385776459,1.0,drawing,medium_block,attacking,attacking,pass_interception,pass,0.005,0.0,0.0,2678,2006229.0,
2006229_28_32,,,,,,,,,,,,,,,,,,,,,,0.005,0.0,0.0,2679,2006229.0,frame_missing
2006229_28_32,,,,,,,,,,,,,,,,,,,,,,0.005,0.0,0.0,2680,2006229.0,frame_missing
2006229_51_54,2006229.0,51.0,329.0,338.0,3443.0,Macarthur FC,1804.0,10.582400483822186,96.98756208916687,96.98756208916687,19.782762698874997,0.0,21.322816418100114,36.68397100677574,11.0,drawing,chaotic,defensive,defensive,pass_interception,pass,0.0017,0.0,0.0,2681,2006229.0,
2006229_51_54,,,,,,,,,,,,,,,,,,,,,,0.0017,0.0,0.0,2682,2006229.0,frame_missing
2006229_51_54,,,,,,,,,,,,,,,,,,,,,,0.0017,0.0,0.0,2683,2006229.0,frame_missing
2006229_171_193,2006229.0,171.0,1559.0,1559.0,12120.0,Macarthur FC,1804.0,51.50476871125625,65.27894913369853,65.27894913369853,8.030168117791805,0.0,14.092558319907711,28.429590740184988,6.0,drawing,chaotic,middle,middle,pass_interception,pass,0.0046,0.0,0.0,2684,2006229.0,
2006229_171_193,,,,,,,,,,,,,,,,,,,,,,0.0046,0.0,0.0,2685,2006229.0,frame_missing
2006229_171_193,,,,,,,,,,,,,,,,,,,,,,0.0046,0.0,0.0,2686,2006229.0,frame_missing
2006229_171_193,,,,,,,,,,,,,,,,,,,,,,0.0046,0.0,0.0,2687,2006229.0,frame_missing
2006229_171_193,,,,,,,,,,,,,,,,,,,,,,0.0046,0.0,0.0,2688,2006229.0,frame_missing
2006229_171_193,,,,,,,,,,,,,,,,,,,,,,0.0046,0.0,0.0,2689,2006229.0,frame_missing
2006229_171_193,,,,,,,,,,,,,,,,,,,,,,0.0046,0.0,0.0,2690,2006229.0,frame_missing
2006229_171_193,,,,,,,,,,,,,,,,,,,,,,0.0046,0.0,0.0,2691,2006229.0,frame_missing
2006229_171_193,,,,,,,,,,,,,,,,,,,,,,,,,2692,,no_player_id
2006229_292_356,2006229.0,292.0,3483.0,3483.0,11891.0,Melbourne City,2380.0,40.50862747613155,71.08761425171055,71.08761425171055,9.983331107400973,0.0,4.880788870664247,23.033967317737467,1.0,drawing,medium_block,middle,middle,pass_interception,pass,0.0131,0.0,0.0,2693,2006229.0,
2006229_292_356,,,,,,,,,,,,,,,,,,,,,,0.0131,0.0,0.0,2694,2006229.0,frame_missing
2006229_292_356,,,,,,,,,,,,,,,,,,,,,,0.0131,0.0,0.0,2695,2006229.0,frame_missing
2006229_292_356,,,,,,,,,,,,,,,,,,,,,,0.0131,0.0,0.0,2696,2006229.0,frame_missing
2006229_292_356,,,,,,,,,,,,,,,,,,,,,,0.0131,0.0,0.0,2697,2006229.0,frame_missing
2006229_292_356,,,,,,,,,,,,,,,,,,,,,,0.0131,0.0,0.0,2698,2006229.0,frame_missing
2006229_292_356,,,,,,,,,,,,,,,,,,,,,,0.0131,0.0,0.0,2699,2006229.0,frame_missing
2006229_292_356,,,,,,,,,,,,,,,,,,,,,,0.0131,0.0,0.0,2700,2006229.0,frame_missing
2006229_292_356,,,,,,,,,,,,,,,,,,,,,,0.0131,0.0,0.0,2701,2006229.0,frame_missing
2006229_292_356,,,,,,,,,,,,,,,,,,,,,,0.0131,0.0,0.0,2702,2006229.0,frame_missing
2006229_292_356,,,,,,,,,,,,,,,,,,,,,,0.0131,0.0,0.0,2703,2006229.0,frame_missing
2006229_292_356,,,,,,,,,,,,,,,,,,,,,,0.0131,0.0,0.0,2704,2006229.0,frame_missing
2006229_292_356,,,,,,,,,,,,,,,,,,,,,,0.0131,0.0,0.0,2705,2006229.0,frame_missing
2006229_292_356,,,,,,,,,,,,,,,,,,,,,,0.0131,0.0,0.0,2706,2006229.0,frame_missing
2006229_292_356,,,,,,,,,,,,,,,,,,,,,,0.0131,0.0,0.0,2707,2006229.0,frame_missing
2006229_292_356,,,,,,,,,,,,,,,,,,,,,,0.0131,0.0,0.0,2708,2006229.0,frame_missing
2006229_292_356,,,,,,,,,,,,,,,,,,,,,,0.0131,0.0,0.0,2709,2006229.0,frame_missing
2006229_292_356,,,,,,,,,,,,,,,,,,,,,,0.0131,0.0,0.0,2710,2006229.0,frame_missing
2006229_292_356,,,,,,,,,,,,,,,,,,,,,,0.0131,0.0,0.0,2711,2006229.0,frame_missing
2006229_292_356,,,,,,,,,,,,,,,,,,,,,,0.0131,0.0,0.0,2712,2006229.0,frame_missing
2006229_292_356,,,,,,,,,,,,,,,,,,,,,,0.0131,0.0,0.0,2713,2006229.0,frame_missing
2006229_292_356,,,,,,,,,,,,,,,,,,,,,,,,,2714,,no_player_id
2006229_363_407,2006229.0,363.0,4006.0,4032.0,51648.0,Macarthur FC,1804.0,25.425412484362962,92.26619966163125,92.26619966163125,11.251404356790312,0.0,7.052673252037131,17.699066697015436,7.0,drawing,high_block,defensive,defensive,recovery,pass,0.0083,0.0,0.0,2715,2006229.0,
2006229_363_407,,,,,,,,,,,,,,,,,,,,,,0.0083,0.0,0.0,2716,2006229.0,frame_missing
2006229_363_407,,,,,,,,,,,,,,,,,,,,,,0.0083,0.0,0.0,2717,2006229.0,frame_missing
2006229_363_407,,,,,,,,,,,,,,,,,,,,,,0.0083,0.0,0.0,2718,2006229.0,frame_missing
2006229_363_407,,,,,,,,,,,,,,,,,,,,,,0.0083,0.0,0.0,2719,2006229.0,frame_missing
2006229_363_407,,,,,,,,,,,,,,,,,,,,,,0.0083,0.0,0.0,2720,2006229.0,frame_missing
2006229_363_407,,,,,,,,,,,,,,,,,,,,,,0.0083,0.0,0.0,2721,2006229.0,frame_missing
2006229_363_407,,,,,,,,,,,,,,,,,,,,,,0.0083,0.0,0.0,2722,2006229.0,frame_missing
2006229_363_407,,,,,,,,,,,,,,,,,,,,,,0.0083,0.0,0.0,2723,2006229.0,frame_missing
2006229_363_407,,,,,,,,,,,,,,,,,,,,,,0.0083,0.0,0.0,2724,2006229.0,frame_missing
2006229_363_407,,,,,,,,,,,,,,,,,,,,,,0.0083,0.0,0.0,2725,2006229.0,frame_missing
2006229_363_407,,,,,,,,,,,,,,,,,,,,,,0.0083,0.0,0.0,2726,2006229.0,frame_missing
2006229_363_407,,,,,,,,,,,,,,,,,,,,,,0.0083,0.0,0.0,2727,2006229.0,frame_missing
2006229_363_407,,,,,,,,,,,,,,,,,,,,,,0.0083,0.0,0.0,2728,2006229.0,frame_missing
2006229_363_407,,,,,,,,,,,,,,,,,,,,,,0.0083,0.0,0.0,2729,2006229.0,frame_missing
2006229_363_407,,,,,,,,,,,,,,,,,,,,,,0.0083,0.0,0.0,2730,2006229.0,frame_missing
2006229_460_471,2006229.0,460.0,5146.0,5151.0,11891.0,Melbourne City,2380.0,56.419827188675434,62.51157412831643,62.51157412831643,7.713164071896824,0.0,8.535578480688931,21.785831093744907,3.0,drawing,chaotic,middle,middle,pass_interception,pass,0.0148,0.0,0.0,2731,2006229.0,
2006229_460_471,,,,,,,,,,,,,,,,,,,,,,0.0148,0.0,0.0,2732,2006229.0,frame_missing
2006229_460_471,,,,,,,,,,,,,,,,,,,,,,0.0148,0.0,0.0,2733,2006229.0,frame_missing
2006229_460_471,,,,,,,,,,,,,,,,,,,,,,0.0148,0.0,0.0,2734,2006229.0,frame_missing
2006229_460_471,,,,,,,,,,,,,,,,,,,,,,,,,2735,,no_player_id
2006229_543_576,2006229.0,543.0,5921.0,5921.0,3443.0,Macarthur FC,1804.0,8.9624661784578,96.57445728555766,96.57445728555766,28.151271729710544,0.0,22.090036215452432,48.127399067198716,11.0,drawing,high_block,defensive,defensive,pass_interception,pass,0.0036,0.0,0.0,2736,2006229.0,
2006229_543_576,,,,,,,,,,,,,,,,,,,,,,0.0036,0.0,0.0,2737,2006229.0,frame_missing
2006229_543_576,,,,,,,,,,,,,,,,,,,,,,0.0036,0.0,0.0,2738,2006229.0,frame_missing
2006229_543_576,,,,,,,,,,,,,,,,,,,,,,0.0036,0.0,0.0,2739,2006229.0,frame_missing
2006229_543_576,,,,,,,,,,,,,,,,,,,,,,0.0036,0.0,0.0,2740,2006229.0,frame_missing
2006229_543_576,,,,,,,,,,,,,,,,,,,,,,0.0036,0.0,0.0,2741,2006229.0,frame_missing
2006229_543_576,,,,,,,,,,,,,,,,,,,,,,0.0036,0.0,0.0,2742,2006229.0,frame_missing
2006229_543_576,,,,,,,,,,,,,,,,,,,,,,0.0036,0.0,0.0,2743,2006229.0,frame_missing
2006229_543_576,,,,,,,,,,,,,,,,,,,,,,0.0036,0.0,0.0,2744,2006229.0,frame_missing
2006229_543_576,,,,,,,,,,,,,,,,,,,,,,,,,2745,,no_player_id
2006229_543_576,,,,,,,,,,,,,,,,,,,,,,0.0036,0.0,0.0,2746,2006229.0,frame_missing
2006229_543_576,,,,,,,,,,,,,,,,,,,,,,0.0036,0.0,0.0,2747,2006229.0,frame_missing
2006229_914_978,2006229.0,914.0,9747.0,9747.0,7252.0,Melbourne City,2380.0,27.77579161788193,85.19621235712302,27.77579161788193,0.0,1.0,10.240556625496486,29.344006638607787,4.0,drawing,low_block,defensive,defensive,pass_interception,pass,0.0957,1.0,0.0,2748,2006229.0,
2006229_914_978,,,,,,,,,,,,,,,,,,,,,,0.0957,1.0,0.0,2749,2006229.0,frame_missing
2006229_914_978,,,,,,,,,,,,,,,,,,,,,,0.0957,1.0,0.0,2750,2006229.0,frame_missing
2006229_914_978,,,,,,,,,,,,,,,,,,,,,,0.0957,1.0,0.0,2751,2006229.0,frame_missing
2006229_914_978,,,,,,,,,,,,,,,,,,,,,,0.0957,1.0,0.0,2752,2006229.0,frame_missing
2006229_914_978,,,,,,,,,,,,,,,,,,,,,,0.0957,1.0,0.0,2753,2006229.0,frame_missing
2006229_914_978,,,,,,,,,,,,,,,,,,,,,,0.0957,1.0,0.0,2754,2006229.0,frame_missing
2006229_914_978,,,,,,,,,,,,,,,,,,,,,,0.0957,1.0,0.0,2755,2006229.0,frame_missing
2006229_914_978,,,,,,,,,,,,,,,,,,,,,,0.0957,1.0,0.0,2756,2006229.0,frame_missing
2006229_914_978,,,,,,,,,,,,,,,,,,,,,,0.0957,1.0,0.0,2757,2006229.0,frame_missing
2006229_914_978,,,,,,,,,,,,,,,,,,,,,,0.0957,1.0,0.0,2758,2006229.0,frame_missing
2006229_914_978,,,,,,,,,,,,,,,,,,,,,,0.0957,1.0,0.0,2759,2006229.0,frame_missing
2006229_914_978,,,,,,,,,,,,,,,,,,,,,,0.0957,1.0,0.0,2760,2006229.0,frame_missing
2006229_914_978,,,,,,,,,,,,,,,,,,,,,,0.0957,1.0,0.0,2761,2006229.0,frame_missing
2006229_914_978,,,,,,,,,,,,,,,,,,,,,,0.0957,1.0,0.0,2762,2006229.0,frame_missing
2006229_914_978,,,,,,,,,,,,,,,,,,,,,,0.0957,1.0,0.0,2763,2006229.0,frame_missing
2006229_914_978,,,,,,,,,,,,,,,,,,,,,,0.0957,1.0,0.0,2764,2006229.0,frame_missing
2006229_914_978,,,,,,,,,,,,,,,,,,,,,,0.0957,1.0,0.0,2765,2006229.0,frame_missing
2006229_914_978,,,,,,,,,,,,,,,,,,,,,,0.0957,1.0,0.0,2766,2006229.0,frame_missing
2006229_914_978,,,,,,,,,,,,,,,,,,,,,,0.0957,1.0,0.0,2767,2006229.0,frame_missing
2006229_914_978,,,,,,,,,,,,,,,,,,,,,,0.0957,1.0,0.0,2768,2006229.0,frame_missing
2006229_914_978,,,,,,,,,,,,,,,,,,,,,,0.0957,1.0,0.0,2769,2006229.0,frame_missing
2006229_914_978,,,,,,,,,,,,,,,,,,,,,,0.0957,1.0,0.0,2770,2006229.0,frame_missing
2006229_914_978,,,,,,,,,,,,,,,,,,,,,,0.0957,1.0,0.0,2771,2006229.0,frame_missing
2006229_914_978,,,,,,,,,,,,,,,,,,,,,,,,,2772,,no_player_id
2006229_1033_1034,,,,,,,,,,,,,,,,,,,,,,,,,2773,,no_player_id
2006229_1033_1034,,,,,,,,,,,,,,,,,,,,,,0.0022,0.0,0.0,2774,2006229.0,frame_missing
2006229_1040_1047,2006229.0,1040.0,11720.0,11720.0,159945.0,Melbourne City,2380.0,37.77732785679792,67.37452411705777,37.77732785679792,7.325749108453006,0.0,5.1904720401905635,24.385156096575887,5.0,drawing,chaotic,middle,middle,recovery,pass,0.0124,0.0,0.0,2775,2006229.0,
2006229_1040_1047,,,,,,,,,,,,,,,,,,,,,,0.0124,0.0,0.0,2776,2006229.0,frame_missing
2006229_1040_1047,,,,,,,,,,,,,,,,,,,,,,0.0124,0.0,0.0,2777,2006229.0,frame_missing
2006229_1040_1047,,,,,,,,,,,,,,,,,,,,,,,,,2778,,no_player_id
2006229_1171_1184,2006229.0,1171.0,13602.0,13696.0,11891.0,Melbourne City,2380.0,40.192608773255806,70.13377075275505,70.13377075275505,15.34014667465732,0.0,15.541866039829323,30.776257314505063,1.0,drawing,medium_block,middle,middle,recovery,pass,0.014,0.0,0.0,2779,2006229.0,
2006229_1171_1184,,,,,,,,,,,,,,,,,,,,,,0.014,0.0,0.0,2780,2006229.0,frame_missing
2006229_1171_1184,,,,,,,,,,,,,,,,,,,,,,0.014,0.0,0.0,2781,2006229.0,frame_missing
2006229_1171_1184,,,,,,,,,,,,,,,,,,,,,,0.014,0.0,0.0,2782,2006229.0,frame_missing
2006229_1190_1196,2006229.0,1190.0,13734.0,13766.0,12120.0,Macarthur FC,1804.0,41.668261302818955,74.94694123178077,74.94694123178077,5.67971830287383,0.0,5.728053770697338,19.926728625470297,5.0,drawing,chaotic,defensive,defensive,pass_interception,pass,0.0007,0.0,0.0,2783,2006229.0,
2006229_1190_1196,,,,,,,,,,,,,,,,,,,,,,0.0007,0.0,0.0,2784,2006229.0,frame_missing
2006229_1190_1196,,,,,,,,,,,,,,,,,,,,,,0.0007,0.0,0.0,2785,2006229.0,frame_missing
2006229_1190_1196,,,,,,,,,,,,,,,,,,,,,,,,,2786,,no_player_id
2006229_1200_1201,2006229.0,1200.0,14087.0,14087.0,159941.0,Melbourne City,2380.0,54.78782711515396,58.2795504443883,58.2795504443883,0.0,1.0,9.697592484735578,26.036942391953968,4.0,drawing,medium_block,middle,middle,pass_interception,pass,0.0415,1.0,0.0,2787,2006229.0,
2006229_1200_1201,,,,,,,,,,,,,,,,,,,,,,0.0415,1.0,0.0,2788,2006229.0,frame_missing
2006229_1290_1316,2006229.0,1290.0,15197.0,15197.0,771859.0,Melbourne City,2380.0,17.756407294269863,87.64753276618801,87.64753276618801,24.591594092290965,0.0,27.716078366175832,40.24046834028177,0.0,drawing,medium_block,attacking,attacking,pass_interception,pass,0.0008,0.0,0.0,2789,2006229.0,
2006229_1290_1316,,,,,,,,,,,,,,,,,,,,,,0.0008,0.0,0.0,2790,2006229.0,frame_missing
2006229_1290_1316,,,,,,,,,,,,,,,,,,,,,,0.0008,0.0,0.0,2791,2006229.0,frame_missing
2006229_1290_1316,,,,,,,,,,,,,,,,,,,,,,0.0008,0.0,0.0,2792,2006229.0,frame_missing
2006229_1290_1316,,,,,,,,,,,,,,,,,,,,,,0.0008,0.0,0.0,2793,2006229.0,frame_missing
2006229_1290_1316,,,,,,,,,,,,,,,,,,,,,,0.0008,0.0,0.0,2794,2006229.0,frame_missing
2006229_1290_1316,,,,,,,,,,,,,,,,,,,,,,0.0008,0.0,0.0,2795,2006229.0,frame_missing
2006229_1290_1316,,,,,,,,,,,,,,,,,,,,,,0.0008,0.0,0.0,2796,2006229.0,frame_missing
2006229_1290_1316,,,,,,,,,,,,,,,,,,,,,,0.0008,0.0,0.0,2797,2006229.0,frame_missing
2006229_1321_1358,2006229.0,1321.0,15405.0,15405.0,51014.0,Macarthur FC,1804.0,44.94841487750152,76.84634018611426,44.94841487750152,8.513107540728006,0.0,10.579546304071833,26.73575705565867,5.0,drawing,low_block,attacking,attacking,pass_interception,pass,0.0174,0.0,0.0,2798,2006229.0,
2006229_1321_1358,,,,,,,,,,,,,,,,,,,,,,0.0174,0.0,0.0,2799,2006229.0,frame_missing
2006229_1321_1358,,,,,,,,,,,,,,,,,,,,,,0.0174,0.0,0.0,2800,2006229.0,frame_missing
2006229_1321_1358,,,,,,,,,,,,,,,,,,,,,,0.0174,0.0,0.0,2801,2006229.0,frame_missing
2006229_1321_1358,,,,,,,,,,,,,,,,,,,,,,0.0174,0.0,0.0,2802,2006229.0,frame_missing
2006229_1321_1358,,,,,,,,,,,,,,,,,,,,,,0.0174,0.0,0.0,2803,2006229.0,frame_missing
2006229_1321_1358,,,,,,,,,,,,,,,,,,,,,,0.0174,0.0,0.0,2804,2006229.0,frame_missing
2006229_1321_1358,,,,,,,,,,,,,,,,,,,,,,0.0174,0.0,0.0,2805,2006229.0,frame_missing
2006229_1321_1358,,,,,,,,,,,,,,,,,,,,,,0.0174,0.0,0.0,2806,2006229.0,frame_missing
2006229_1321_1358,,,,,,,,,,,,,,,,,,,,,,0.0174,0.0,0.0,2807,2006229.0,frame_missing
2006229_1321_1358,,,,,,,,,,,,,,,,,,,,,,0.0174,0.0,0.0,2808,2006229.0,frame_missing
2006229_1321_1358,,,,,,,,,,,,,,,,,,,,,,0.0174,0.0,0.0,2809,2006229.0,frame_missing
2006229_1321_1358,,,,,,,,,,,,,,,,,,,,,,0.0174,0.0,0.0,2810,2006229.0,frame_missing
2006229_1321_1358,,,,,,,,,,,,,,,,,,,,,,0.0174,0.0,0.0,2811,2006229.0,frame_missing
2006229_1321_1358,,,,,,,,,,,,,,,,,,,,,,0.0174,0.0,0.0,2812,2006229.0,frame_missing
2006229_1321_1358,,,,,,,,,,,,,,,,,,,,,,0.0174,0.0,0.0,2813,2006229.0,frame_missing
2006229_1321_1358,,,,,,,,,,,,,,,,,,,,,,0.0174,0.0,0.0,2814,2006229.0,frame_missing
2006229_1321_1358,,,,,,,,,,,,,,,,,,,,,,0.0174,0.0,0.0,2815,2006229.0,frame_missing
2006229_1364_1382,2006229.0,1364.0,15603.0,15632.0,771859.0,Melbourne City,2380.0,7.4410819105826285,98.57722708617847,98.57722708617847,22.80763249440853,0.0,22.554205816210864,39.86250570016296,0.0,drawing,high_block,attacking,attacking,recovery,pass,0.0109,0.0,0.0,2816,2006229.0,
2006229_1364_1382,,,,,,,,,,,,,,,,,,,,,,0.0109,0.0,0.0,2817,2006229.0,frame_missing
2006229_1364_1382,,,,,,,,,,,,,,,,,,,,,,0.0109,0.0,0.0,2818,2006229.0,frame_missing
2006229_1364_1382,,,,,,,,,,,,,,,,,,,,,,0.0109,0.0,0.0,2819,2006229.0,frame_missing
2006229_1364_1382,,,,,,,,,,,,,,,,,,,,,,0.0109,0.0,0.0,2820,2006229.0,frame_missing
2006229_1364_1382,,,,,,,,,,,,,,,,,,,,,,0.0109,0.0,0.0,2821,2006229.0,frame_missing
2006229_1364_1382,,,,,,,,,,,,,,,,,,,,,,0.0109,0.0,0.0,2822,2006229.0,frame_missing
2006229_1364_1382,,,,,,,,,,,,,,,,,,,,,,0.0109,0.0,0.0,2823,2006229.0,frame_missing
2006229_1364_1382,,,,,,,,,,,,,,,,,,,,,,0.0109,0.0,0.0,2824,2006229.0,frame_missing
2006229_1399_1411,2006229.0,1399.0,15971.0,15997.0,51014.0,Macarthur FC,1804.0,19.860840868402324,87.65587829689463,87.65587829689463,15.254720580856274,0.0,9.338543783695615,24.536313375062235,9.0,drawing,high_block,defensive,defensive,recovery,pass,0.007,0.0,0.0,2825,2006229.0,
2006229_1399_1411,,,,,,,,,,,,,,,,,,,,,,0.007,0.0,0.0,2826,2006229.0,frame_missing
2006229_1399_1411,,,,,,,,,,,,,,,,,,,,,,0.007,0.0,0.0,2827,2006229.0,frame_missing
2006229_1399_1411,,,,,,,,,,,,,,,,,,,,,,0.007,0.0,0.0,2828,2006229.0,frame_missing
2006229_1399_1411,,,,,,,,,,,,,,,,,,,,,,0.007,0.0,0.0,2829,2006229.0,frame_missing
2006229_1399_1411,,,,,,,,,,,,,,,,,,,,,,0.007,0.0,0.0,2830,2006229.0,frame_missing
2006229_1399_1411,,,,,,,,,,,,,,,,,,,,,,0.007,0.0,0.0,2831,2006229.0,frame_missing
2006229_1580_1601,2006229.0,1580.0,18638.0,18638.0,51648.0,Macarthur FC,1804.0,40.438437160701454,83.40663762555113,83.40663762555113,4.670267658282551,1.0,1.6190120444270917,26.59714876656432,7.0,drawing,high_block,defensive,defensive,pass_interception,pass,0.0005,0.0,0.0,2832,2006229.0,
2006229_1580_1601,,,,,,,,,,,,,,,,,,,,,,0.0005,0.0,0.0,2833,2006229.0,frame_missing
2006229_1580_1601,,,,,,,,,,,,,,,,,,,,,,0.0005,0.0,0.0,2834,2006229.0,frame_missing
2006229_1580_1601,,,,,,,,,,,,,,,,,,,,,,0.0005,0.0,0.0,2835,2006229.0,frame_missing
2006229_1580_1601,,,,,,,,,,,,,,,,,,,,,,0.0005,0.0,0.0,2836,2006229.0,frame_missing
2006229_1580_1601,,,,,,,,,,,,,,,,,,,,,,0.0005,0.0,0.0,2837,2006229.0,frame_missing
2006229_1580_1601,,,,,,,,,,,,,,,,,,,,,,0.0005,0.0,0.0,2838,2006229.0,frame_missing
2006229_1580_1601,,,,,,,,,,,,,,,,,,,,,,0.0005,0.0,0.0,2839,2006229.0,frame_missing
2006229_1580_1601,,,,,,,,,,,,,,,,,,,,,,0.0005,0.0,0.0,2840,2006229.0,frame_missing
2006229_1580_1601,,,,,,,,,,,,,,,,,,,,,,0.0005,0.0,0.0,2841,2006229.0,frame_missing
2006229_1687_1696,2006229.0,1687.0,20308.0,20308.0,26095.0,Melbourne City,2380.0,44.25609562534861,63.77305073461673,44.25609562534861,3.0553068585659284,1.0,8.794799599763488,26.01293852239739,5.0,winning,chaotic,middle,middle,recovery,pass,0.0263,1.0,0.0,2842,2006229.0,
2006229_1687_1696,,,,,,,,,,,,,,,,,,,,,,0.0263,1.0,0.0,2843,2006229.0,frame_missing
2006229_1687_1696,,,,,,,,,,,,,,,,,,,,,,0.0263,1.0,0.0,2844,2006229.0,frame_missing
2006229_1687_1696,,,,,,,,,,,,,,,,,,,,,,0.0263,1.0,0.0,2845,2006229.0,frame_missing
2006229_1687_1696,2006229.0,1696.0,20322.0,20354.0,6871.0,Macarthur FC,1804.0,39.82337504531729,66.39503897129664,39.82337504531729,1.4876155417311292,1.0,10.734193029753099,26.676296136556783,0.0,winning,chaotic,middle,middle,pass_interception,pass,0.0263,1.0,0.0,2846,2006229.0,
2006229_1862_1930,2006229.0,1862.0,21966.0,21966.0,51044.0,Macarthur FC,1804.0,48.6816926575073,56.544736271380735,48.6816926575073,8.705423596815953,0.0,8.209263060713793,19.26748052970573,7.0,losing,medium_block,middle,middle,pass_interception,pass,0.0138,0.0,0.0,2847,2006229.0,
2006229_1862_1930,,,,,,,,,,,,,,,,,,,,,,0.0138,0.0,0.0,2848,2006229.0,frame_missing
2006229_1862_1930,,,,,,,,,,,,,,,,,,,,,,0.0138,0.0,0.0,2849,2006229.0,frame_missing
2006229_1862_1930,,,,,,,,,,,,,,,,,,,,,,0.0138,0.0,0.0,2850,2006229.0,frame_missing
2006229_1862_1930,,,,,,,,,,,,,,,,,,,,,,0.0138,0.0,0.0,2851,2006229.0,frame_missing
2006229_1862_1930,,,,,,,,,,,,,,,,,,,,,,0.0138,0.0,0.0,2852,2006229.0,frame_missing
2006229_1862_1930,,,,,,,,,,,,,,,,,,,,,,,,,2853,,no_player_id
2006229_1862_1930,,,,,,,,,,,,,,,,,,,,,,0.0138,0.0,0.0,2854,2006229.0,frame_missing
2006229_1862_1930,,,,,,,,,,,,,,,,,,,,,,0.0138,0.0,0.0,2855,2006229.0,frame_missing
2006229_1862_1930,2006229.0,1887.0,22040.0,22079.0,7252.0,Melbourne City,2380.0,43.70336485901286,72.52230070812702,72.52230070812702,0.0,3.0,3.9520247974930505,21.185662533469696,4.0,losing,medium_block,middle,middle,recovery,pass,0.0138,0.0,0.0,2856,2006229.0,
2006229_1862_1930,,,,,,,,,,,,,,,,,,,,,,0.0138,0.0,0.0,2857,2006229.0,frame_missing
2006229_1862_1930,,,,,,,,,,,,,,,,,,,,,,0.0138,0.0,0.0,2858,2006229.0,frame_missing
2006229_1862_1930,,,,,,,,,,,,,,,,,,,,,,0.0138,0.0,0.0,2859,2006229.0,frame_missing
2006229_1862_1930,,,,,,,,,,,,,,,,,,,,,,0.0138,0.0,0.0,2860,2006229.0,frame_missing
2006229_1862_1930,,,,,,,,,,,,,,,,,,,,,,0.0138,0.0,0.0,2861,2006229.0,frame_missing
2006229_1862_1930,,,,,,,,,,,,,,,,,,,,,,0.0138,0.0,0.0,2862,2006229.0,frame_missing
2006229_1862_1930,,,,,,,,,,,,,,,,,,,,,,0.0138,0.0,0.0,2863,2006229.0,frame_missing
2006229_1862_1930,,,,,,,,,,,,,,,,,,,,,,0.0138,0.0,0.0,2864,2006229.0,frame_missing
2006229_1862_1930,,,,,,,,,,,,,,,,,,,,,,0.0138,0.0,0.0,2865,2006229.0,frame_missing
2006229_1862_1930,,,,,,,,,,,,,,,,,,,,,,0.0138,0.0,0.0,2866,2006229.0,frame_missing
2006229_1862_1930,,,,,,,,,,,,,,,,,,,,,,0.0138,0.0,0.0,2867,2006229.0,frame_missing
2006229_1862_1930,,,,,,,,,,,,,,,,,,,,,,,,,2868,,no_player_id
2006229_1887_1933,2006229.0,1887.0,22040.0,22079.0,7252.0,Melbourne City,2380.0,43.70336485901286,72.52230070812702,72.52230070812702,0.0,3.0,3.9520247974930505,21.185662533469696,4.0,winning,medium_block,middle,middle,recovery,pass,0.0015,0.0,0.0,2869,2006229.0,
2006229_1887_1933,,,,,,,,,,,,,,,,,,,,,,0.0015,0.0,0.0,2870,2006229.0,frame_missing
2006229_1887_1933,,,,,,,,,,,,,,,,,,,,,,0.0015,0.0,0.0,2871,2006229.0,frame_missing
2006229_1887_1933,,,,,,,,,,,,,,,,,,,,,,0.0015,0.0,0.0,2872,2006229.0,frame_missing
2006229_1887_1933,,,,,,,,,,,,,,,,,,,,,,0.0015,0.0,0.0,2873,2006229.0,frame_missing
2006229_1887_1933,,,,,,,,,,,,,,,,,,,,,,0.0015,0.0,0.0,2874,2006229.0,frame_missing
2006229_1887_1933,,,,,,,,,,,,,,,,,,,,,,0.0015,0.0,0.0,2875,2006229.0,frame_missing
2006229_1887_1933,,,,,,,,,,,,,,,,,,,,,,0.0015,0.0,0.0,2876,2006229.0,frame_missing
2006229_1887_1933,,,,,,,,,,,,,,,,,,,,,,0.0015,0.0,0.0,2877,2006229.0,frame_missing
2006229_1887_1933,,,,,,,,,,,,,,,,,,,,,,0.0015,0.0,0.0,2878,2006229.0,frame_missing
2006229_1887_1933,,,,,,,,,,,,,,,,,,,,,,0.0015,0.0,0.0,2879,2006229.0,frame_missing
2006229_1887_1933,,,,,,,,,,,,,,,,,,,,,,0.0015,0.0,0.0,2880,2006229.0,frame_missing
2006229_1887_1933,,,,,,,,,,,,,,,,,,,,,,,,,2881,,no_player_id
2006229_1887_1933,2006229.0,1933.0,22255.0,22255.0,11895.0,Macarthur FC,1804.0,44.20204633272084,63.30577303848362,63.30577303848362,8.056208785775105,0.0,2.681641288464957,17.968242787320428,9.0,winning,medium_block,middle,middle,recovery,pass,0.0015,0.0,0.0,2882,2006229.0,
2006229_1936_1952,2006229.0,1936.0,22271.0,22277.0,159941.0,Melbourne City,2380.0,50.523354005845654,70.58547513476125,50.523354005845654,0.0,1.0,11.40175425099138,31.293284587636688,5.0,winning,chaotic,middle,middle,pass_interception,pass,0.014,0.0,0.0,2883,2006229.0,
2006229_1936_1952,,,,,,,,,,,,,,,,,,,,,,0.014,0.0,0.0,2884,2006229.0,frame_missing
2006229_1936_1952,,,,,,,,,,,,,,,,,,,,,,0.014,0.0,0.0,2885,2006229.0,frame_missing
2006229_1936_1952,,,,,,,,,,,,,,,,,,,,,,0.014,0.0,0.0,2886,2006229.0,frame_missing
2006229_1936_1952,,,,,,,,,,,,,,,,,,,,,,0.014,0.0,0.0,2887,2006229.0,frame_missing
2006229_1936_1952,,,,,,,,,,,,,,,,,,,,,,,,,2888,,no_player_id
2006229_1936_1952,,,,,,,,,,,,,,,,,,,,,,0.014,0.0,0.0,2889,2006229.0,frame_missing
2006229_1936_1952,,,,,,,,,,,,,,,,,,,,,,0.014,0.0,0.0,2890,2006229.0,frame_missing
2006229_1936_1952,,,,,,,,,,,,,,,,,,,,,,0.014,0.0,0.0,2891,2006229.0,frame_missing
2006229_1936_1952,,,,,,,,,,,,,,,,,,,,,,,,,2892,,no_player_id
2006229_2376_2403,2006229.0,2376.0,25666.0,25692.0,114464.0,Melbourne City,2380.0,51.3969619724746,60.081175920582645,60.081175920582645,0.0,2.0,6.444571358903555,25.95520362501949,4.0,winning,medium_block,middle,middle,recovery,pass,0.014,0.0,0.0,2893,2006229.0,
2006229_2376_2403,,,,,,,,,,,,,,,,,,,,,,0.014,0.0,0.0,2894,2006229.0,frame_missing
2006229_2376_2403,,,,,,,,,,,,,,,,,,,,,,0.014,0.0,0.0,2895,2006229.0,frame_missing
2006229_2376_2403,,,,,,,,,,,,,,,,,,,,,,0.014,0.0,0.0,2896,2006229.0,frame_missing
2006229_2376_2403,,,,,,,,,,,,,,,,,,,,,,0.014,0.0,0.0,2897,2006229.0,frame_missing
2006229_2376_2403,,,,,,,,,,,,,,,,,,,,,,0.014,0.0,0.0,2898,2006229.0,frame_missing
2006229_2376_2403,,,,,,,,,,,,,,,,,,,,,,0.014,0.0,0.0,2899,2006229.0,frame_missing
2006229_2376_2403,,,,,,,,,,,,,,,,,,,,,,0.014,0.0,0.0,2900,2006229.0,frame_missing
2006229_2376_2403,,,,,,,,,,,,,,,,,,,,,,,,,2901,,no_player_id
2006229_2432_2437,2006229.0,2432.0,26917.0,26943.0,771859.0,Melbourne City,2380.0,11.384709043273793,95.48618538825393,95.48618538825393,24.377540893207414,0.0,28.245652762858924,42.71063283261501,0.0,winning,chaotic,attacking,attacking,pass_interception,pass,0.0014,0.0,0.0,2902,2006229.0,
2006229_2432_2437,,,,,,,,,,,,,,,,,,,,,,0.0014,0.0,0.0,2903,2006229.0,frame_missing
2006229_2432_2437,,,,,,,,,,,,,,,,,,,,,,0.0014,0.0,0.0,2904,2006229.0,frame_missing
2006229_2432_2437,,,,,,,,,,,,,,,,,,,,,,0.0014,0.0,0.0,2905,2006229.0,frame_missing
2006229_2445_2450,2006229.0,2445.0,27026.0,27026.0,26095.0,Melbourne City,2380.0,54.61163429160493,54.78440106453661,54.61163429160493,3.702674708909762,1.0,11.573979436650127,23.031482666231966,4.0,winning,chaotic,middle,middle,pass_interception,pass,0.0097,0.0,0.0,2906,2006229.0,
2006229_2445_2450,,,,,,,,,,,,,,,,,,,,,,0.0097,0.0,0.0,2907,2006229.0,frame_missing
2006229_2445_2450,,,,,,,,,,,,,,,,,,,,,,0.0097,0.0,0.0,2908,2006229.0,frame_missing
2006229_2445_2450,,,,,,,,,,,,,,,,,,,,,,,,,2909,,no_player_id
2006229_2452_2468,2006229.0,2452.0,27080.0,27095.0,771859.0,Melbourne City,2380.0,12.71116831766459,93.51082183362523,93.51082183362523,24.27334752356996,0.0,24.372954273128233,40.01311730991769,0.0,winning,high_block,attacking,attacking,recovery,pass,0.0015,0.0,0.0,2910,2006229.0,
2006229_2452_2468,,,,,,,,,,,,,,,,,,,,,,0.0015,0.0,0.0,2911,2006229.0,frame_missing
2006229_2452_2468,,,,,,,,,,,,,,,,,,,,,,0.0015,0.0,0.0,2912,2006229.0,frame_missing
2006229_2452_2468,,,,,,,,,,,,,,,,,,,,,,0.0015,0.0,0.0,2913,2006229.0,frame_missing
2006229_2452_2468,,,,,,,,,,,,,,,,,,,,,,0.0015,0.0,0.0,2914,2006229.0,frame_missing
2006229_2452_2468,,,,,,,,,,,,,,,,,,,,,,0.0015,0.0,0.0,2915,2006229.0,frame_missing
2006229_2452_2468,,,,,,,,,,,,,,,,,,,,,,,,,2916,,no_player_id
2006229_2533_2576,2006229.0,2533.0,28844.0,28874.0,26095.0,Melbourne City,2380.0,29.53629970053798,75.4724651777057,29.53629970053798,3.732371900012107,1.0,5.957558224642041,21.82079544770323,3.0,winning,low_block,attacking,attacking,pass_interception,pass,0.0455,1.0,0.0,2917,2006229.0,
2006229_2533_2576,,,,,,,,,,,,,,,,,,,,,,0.0455,1.0,0.0,2918,2006229.0,frame_missing
2006229_2533_2576,,,,,,,,,,,,,,,,,,,,,,0.0455,1.0,0.0,2919,2006229.0,frame_missing
2006229_2533_2576,,,,,,,,,,,,,,,,,,,,,,0.0455,1.0,0.0,2920,2006229.0,frame_missing
2006229_2533_2576,,,,,,,,,,,,,,,,,,,,,,0.0455,1.0,0.0,2921,2006229.0,frame_missing
2006229_2533_2576,,,,,,,,,,,,,,,,,,,,,,0.0455,1.0,0.0,2922,2006229.0,frame_missing
2006229_2533_2576,,,,,,,,,,,,,,,,,,,,,,0.0455,1.0,0.0,2923,2006229.0,frame_missing
2006229_2533_2576,,,,,,,,,,,,,,,,,,,,,,0.0455,1.0,0.0,2924,2006229.0,frame_missing
2006229_2533_2576,,,,,,,,,,,,,,,,,,,,,,0.0455,1.0,0.0,2925,2006229.0,frame_missing
2006229_2533_2576,,,,,,,,,,,,,,,,,,,,,,0.0455,1.0,0.0,2926,2006229.0,frame_missing
2006229_2533_2576,,,,,,,,,,,,,,,,,,,,,,0.0455,1.0,0.0,2927,2006229.0,frame_missing
2006229_2533_2576,,,,,,,,,,,,,,,,,,,,,,0.0455,1.0,0.0,2928,2006229.0,frame_missing
2006229_2533_2576,,,,,,,,,,,,,,,,,,,,,,0.0455,1.0,0.0,2929,2006229.0,frame_missing
2006229_2533_2576,,,,,,,,,,,,,,,,,,,,,,0.0455,1.0,0.0,2930,2006229.0,frame_missing
2006229_2533_2576,,,,,,,,,,,,,,,,,,,,,,0.0455,1.0,0.0,2931,2006229.0,frame_missing
2006229_2533_2576,,,,,,,,,,,,,,,,,,,,,,0.0455,1.0,0.0,2932,2006229.0,frame_missing
2006229_2533_2576,,,,,,,,,,,,,,,,,,,,,,,,,2933,,no_player_id
2006229_2533_2576,,,,,,,,,,,,,,,,,,,,,,0.0455,1.0,0.0,2934,2006229.0,frame_missing
2006229_2603_2646,2006229.0,2603.0,29382.0,29402.0,808580.0,Macarthur FC,1804.0,39.06703597663893,89.03388849196693,89.03388849196693,11.502364974212917,0.0,7.566901611624142,31.472580284257635,4.0,losing,high_block,attacking,attacking,pass_interception,pass,0.0226,1.0,0.0,2935,2006229.0,
2006229_2603_2646,,,,,,,,,,,,,,,,,,,,,,0.0226,1.0,0.0,2936,2006229.0,frame_missing
2006229_2603_2646,,,,,,,,,,,,,,,,,,,,,,0.0226,1.0,0.0,2937,2006229.0,frame_missing
2006229_2603_2646,,,,,,,,,,,,,,,,,,,,,,0.0226,1.0,0.0,2938,2006229.0,frame_missing
2006229_2603_2646,,,,,,,,,,,,,,,,,,,,,,0.0226,1.0,0.0,2939,2006229.0,frame_missing
2006229_2603_2646,,,,,,,,,,,,,,,,,,,,,,0.0226,1.0,0.0,2940,2006229.0,frame_missing
2006229_2603_2646,,,,,,,,,,,,,,,,,,,,,,0.0226,1.0,0.0,2941,2006229.0,frame_missing
2006229_2603_2646,,,,,,,,,,,,,,,,,,,,,,0.0226,1.0,0.0,2942,2006229.0,frame_missing
2006229_2603_2646,,,,,,,,,,,,,,,,,,,,,,0.0226,1.0,0.0,2943,2006229.0,frame_missing
2006229_2603_2646,,,,,,,,,,,,,,,,,,,,,,0.0226,1.0,0.0,2944,2006229.0,frame_missing
2006229_2603_2646,,,,,,,,,,,,,,,,,,,,,,0.0226,1.0,0.0,2945,2006229.0,frame_missing
2006229_2603_2646,,,,,,,,,,,,,,,,,,,,,,0.0226,1.0,0.0,2946,2006229.0,frame_missing
2006229_2603_2646,,,,,,,,,,,,,,,,,,,,,,0.0226,1.0,0.0,2947,2006229.0,frame_missing
2006229_2603_2646,,,,,,,,,,,,,,,,,,,,,,0.0226,1.0,0.0,2948,2006229.0,frame_missing
2006229_2603_2646,,,,,,,,,,,,,,,,,,,,,,0.0226,1.0,0.0,2949,2006229.0,frame_missing
2006229_2670_2703,2006229.0,2670.0,29727.0,29772.0,51655.0,Macarthur FC,1804.0,47.559845458117294,59.48730032536356,47.559845458117294,0.0,1.0,9.746717396128812,19.423890852199772,2.0,losing,medium_block,middle,middle,recovery,pass,0.0036,0.0,0.0,2950,2006229.0,
2006229_2670_2703,,,,,,,,,,,,,,,,,,,,,,0.0036,0.0,0.0,2951,2006229.0,frame_missing
2006229_2670_2703,,,,,,,,,,,,,,,,,,,,,,0.0036,0.0,0.0,2952,2006229.0,frame_missing
2006229_2670_2703,,,,,,,,,,,,,,,,,,,,,,0.0036,0.0,0.0,2953,2006229.0,frame_missing
2006229_2670_2703,,,,,,,,,,,,,,,,,,,,,,0.0036,0.0,0.0,2954,2006229.0,frame_missing
2006229_2670_2703,,,,,,,,,,,,,,,,,,,,,,0.0036,0.0,0.0,2955,2006229.0,frame_missing
2006229_2670_2703,,,,,,,,,,,,,,,,,,,,,,0.0036,0.0,0.0,2956,2006229.0,frame_missing
2006229_2670_2703,,,,,,,,,,,,,,,,,,,,,,0.0036,0.0,0.0,2957,2006229.0,frame_missing
2006229_2670_2703,,,,,,,,,,,,,,,,,,,,,,0.0036,0.0,0.0,2958,2006229.0,frame_missing
2006229_2670_2703,,,,,,,,,,,,,,,,,,,,,,0.0036,0.0,0.0,2959,2006229.0,frame_missing
2006229_2670_2703,,,,,,,,,,,,,,,,,,,,,,0.0036,0.0,0.0,2960,2006229.0,frame_missing
2006229_2670_2703,,,,,,,,,,,,,,,,,,,,,,0.0036,0.0,0.0,2961,2006229.0,frame_missing
2006229_2670_2703,,,,,,,,,,,,,,,,,,,,,,0.0036,0.0,0.0,2962,2006229.0,frame_missing
2006229_2670_2703,,,,,,,,,,,,,,,,,,,,,,0.0036,0.0,0.0,2963,2006229.0,frame_missing
2006229_2670_2703,,,,,,,,,,,,,,,,,,,,,,,,,2964,,no_player_id
2006229_2961_3000,2006229.0,2961.0,31904.0,31904.0,7252.0,Melbourne City,2380.0,42.17630258806478,83.5370606377792,83.5370606377792,0.0,2.0,12.879852483627287,30.53332800789938,4.0,winning,high_block,defensive,defensive,pass_interception,pass,0.0626,1.0,0.0,2965,2006229.0,
2006229_2961_3000,,,,,,,,,,,,,,,,,,,,,,0.0626,1.0,0.0,2966,2006229.0,frame_missing
2006229_2961_3000,,,,,,,,,,,,,,,,,,,,,,0.0626,1.0,0.0,2967,2006229.0,frame_missing
2006229_2961_3000,,,,,,,,,,,,,,,,,,,,,,0.0626,1.0,0.0,2968,2006229.0,frame_missing
2006229_2961_3000,,,,,,,,,,,,,,,,,,,,,,0.0626,1.0,0.0,2969,2006229.0,frame_missing
2006229_2961_3000,,,,,,,,,,,,,,,,,,,,,,0.0626,1.0,0.0,2970,2006229.0,frame_missing
2006229_2961_3000,,,,,,,,,,,,,,,,,,,,,,0.0626,1.0,0.0,2971,2006229.0,frame_missing
2006229_2961_3000,,,,,,,,,,,,,,,,,,,,,,0.0626,1.0,0.0,2972,2006229.0,frame_missing
2006229_2961_3000,,,,,,,,,,,,,,,,,,,,,,0.0626,1.0,0.0,2973,2006229.0,frame_missing
2006229_2961_3000,,,,,,,,,,,,,,,,,,,,,,0.0626,1.0,0.0,2974,2006229.0,frame_missing
2006229_2961_3000,,,,,,,,,,,,,,,,,,,,,,0.0626,1.0,0.0,2975,2006229.0,frame_missing
2006229_2961_3000,,,,,,,,,,,,,,,,,,,,,,0.0626,1.0,0.0,2976,2006229.0,frame_missing
2006229_2961_3000,,,,,,,,,,,,,,,,,,,,,,0.0626,1.0,0.0,2977,2006229.0,frame_missing
2006229_2961_3000,,,,,,,,,,,,,,,,,,,,,,0.0626,1.0,0.0,2978,2006229.0,frame_missing
2006229_2961_3000,,,,,,,,,,,,,,,,,,,,,,0.0626,1.0,0.0,2979,2006229.0,frame_missing
2006229_2961_3000,,,,,,,,,,,,,,,,,,,,,,0.0626,1.0,0.0,2980,2006229.0,frame_missing
2006229_2961_3000,,,,,,,,,,,,,,,,,,,,,,0.0626,1.0,0.0,2981,2006229.0,frame_missing
2006229_2961_3000,,,,,,,,,,,,,,,,,,,,,,0.0626,1.0,0.0,2982,2006229.0,frame_missing
2006229_2961_3000,,,,,,,,,,,,,,,,,,,,,,0.0626,1.0,0.0,2983,2006229.0,frame_missing
2006229_2961_3000,,,,,,,,,,,,,,,,,,,,,,0.0626,1.0,0.0,2984,2006229.0,frame_missing
2006229_2961_3000,,,,,,,,,,,,,,,,,,,,,,0.0626,1.0,0.0,2985,2006229.0,frame_missing
2006229_3309_3335,2006229.0,3309.0,36261.0,36283.0,11891.0,Melbourne City,2380.0,40.56387678711196,64.78370242584164,40.56387678711196,16.694636863376214,0.0,12.522160356743559,24.792927377798694,6.0,winning,defending_set_play,middle,middle,pass_interception,pass,0.0189,0.0,0.0,2986,2006229.0,
2006229_3309_3335,,,,,,,,,,,,,,,,,,,,,,0.0189,0.0,0.0,2987,2006229.0,frame_missing
2006229_3309_3335,,,,,,,,,,,,,,,,,,,,,,0.0189,0.0,0.0,2988,2006229.0,frame_missing
2006229_3309_3335,,,,,,,,,,,,,,,,,,,,,,0.0189,0.0,0.0,2989,2006229.0,frame_missing
2006229_3309_3335,,,,,,,,,,,,,,,,,,,,,,0.0189,0.0,0.0,2990,2006229.0,frame_missing
2006229_3309_3335,,,,,,,,,,,,,,,,,,,,,,0.0189,0.0,0.0,2991,2006229.0,frame_missing
2006229_3309_3335,,,,,,,,,,,,,,,,,,,,,,0.0189,0.0,0.0,2992,2006229.0,frame_missing
2006229_3309_3335,,,,,,,,,,,,,,,,,,,,,,0.0189,0.0,0.0,2993,2006229.0,frame_missing
2006229_3309_3335,,,,,,,,,,,,,,,,,,,,,,0.0189,0.0,0.0,2994,2006229.0,frame_missing
2006229_3667_3685,2006229.0,3667.0,40408.0,40435.0,6871.0,Macarthur FC,1804.0,40.44754627910079,74.33171597642557,74.33171597642557,7.014000285143994,0.0,20.95214786125757,31.422891889985635,9.0,losing,defending_transition,attacking,attacking,recovery,pass,0.0039,0.0,0.0,2995,2006229.0,
2006229_3667_3685,,,,,,,,,,,,,,,,,,,,,,0.0039,0.0,0.0,2996,2006229.0,frame_missing
2006229_3667_3685,,,,,,,,,,,,,,,,,,,,,,,,,2997,,no_player_id
2006229_3667_3685,,,,,,,,,,,,,,,,,,,,,,0.0039,0.0,0.0,2998,2006229.0,frame_missing
2006229_3667_3685,,,,,,,,,,,,,,,,,,,,,,0.0039,0.0,0.0,2999,2006229.0,frame_missing
2006229_3667_3685,,,,,,,,,,,,,,,,,,,,,,0.0039,0.0,0.0,3000,2006229.0,frame_missing
2006229_3667_3685,,,,,,,,,,,,,,,,,,,,,,0.0039,0.0,0.0,3001,2006229.0,frame_missing
2006229_3749_3796,2006229.0,3749.0,40995.0,41004.0,771859.0,Melbourne City,2380.0,11.72673014953444,93.65156805948313,93.65156805948313,27.67329579215313,0.0,25.882924873360047,43.23038497821986,9.0,winning,high_block,defensive,defensive,recovery,pass,0.0021,0.0,0.0,3002,2006229.0,
2006229_3749_3796,,,,,,,,,,,,,,,,,,,,,,0.0021,0.0,0.0,3003,2006229.0,frame_missing
2006229_3749_3796,,,,,,,,,,,,,,,,,,,,,,0.0021,0.0,0.0,3004,2006229.0,frame_missing
2006229_3749_3796,,,,,,,,,,,,,,,,,,,,,,0.0021,0.0,0.0,3005,2006229.0,frame_missing
2006229_3749_3796,,,,,,,,,,,,,,,,,,,,,,0.0021,0.0,0.0,3006,2006229.0,frame_missing
2006229_3749_3796,,,,,,,,,,,,,,,,,,,,,,0.0021,0.0,0.0,3007,2006229.0,frame_missing
2006229_3749_3796,,,,,,,,,,,,,,,,,,,,,,0.0021,0.0,0.0,3008,2006229.0,frame_missing
2006229_3749_3796,,,,,,,,,,,,,,,,,,,,,,0.0021,0.0,0.0,3009,2006229.0,frame_missing
2006229_3749_3796,,,,,,,,,,,,,,,,,,,,,,0.0021,0.0,0.0,3010,2006229.0,frame_missing
2006229_3749_3796,,,,,,,,,,,,,,,,,,,,,,0.0021,0.0,0.0,3011,2006229.0,frame_missing
2006229_3749_3796,,,,,,,,,,,,,,,,,,,,,,0.0021,0.0,0.0,3012,2006229.0,frame_missing
2006229_3749_3796,,,,,,,,,,,,,,,,,,,,,,0.0021,0.0,0.0,3013,2006229.0,frame_missing
2006229_3749_3796,,,,,,,,,,,,,,,,,,,,,,0.0021,0.0,0.0,3014,2006229.0,frame_missing
2006229_3749_3796,,,,,,,,,,,,,,,,,,,,,,0.0021,0.0,0.0,3015,2006229.0,frame_missing
2006229_3749_3796,,,,,,,,,,,,,,,,,,,,,,0.0021,0.0,0.0,3016,2006229.0,frame_missing
2006229_3749_3796,,,,,,,,,,,,,,,,,,,,,,0.0021,0.0,0.0,3017,2006229.0,frame_missing
2006229_3749_3796,,,,,,,,,,,,,,,,,,,,,,0.0021,0.0,0.0,3018,2006229.0,frame_missing
2006229_3749_3796,,,,,,,,,,,,,,,,,,,,,,0.0021,0.0,0.0,3019,2006229.0,frame_missing
2006229_3916_3942,2006229.0,3916.0,41911.0,41911.0,179963.0,Macarthur FC,1804.0,46.79911964983957,60.08125830906007,46.79911964983957,0.0,1.0,5.782499459576283,18.45238438491688,5.0,losing,medium_block,middle,middle,pass_interception,pass,0.0694,1.0,0.0,3020,2006229.0,
2006229_3916_3942,,,,,,,,,,,,,,,,,,,,,,0.0694,1.0,0.0,3021,2006229.0,frame_missing
2006229_3916_3942,,,,,,,,,,,,,,,,,,,,,,0.0694,1.0,0.0,3022,2006229.0,frame_missing
2006229_3916_3942,,,,,,,,,,,,,,,,,,,,,,0.0694,1.0,0.0,3023,2006229.0,frame_missing
2006229_3916_3942,,,,,,,,,,,,,,,,,,,,,,0.0694,1.0,0.0,3024,2006229.0,frame_missing
2006229_3916_3942,,,,,,,,,,,,,,,,,,,,,,0.0694,1.0,0.0,3025,2006229.0,frame_missing
2006229_3916_3942,,,,,,,,,,,,,,,,,,,,,,0.0694,1.0,0.0,3026,2006229.0,frame_missing
2006229_3916_3942,,,,,,,,,,,,,,,,,,,,,,0.0694,1.0,0.0,3027,2006229.0,frame_missing
2006229_3916_3942,,,,,,,,,,,,,,,,,,,,,,0.0694,1.0,0.0,3028,2006229.0,frame_missing
2006229_3916_3942,,,,,,,,,,,,,,,,,,,,,,0.0694,1.0,0.0,3029,2006229.0,frame_missing
2006229_4389_4416,2006229.0,4389.0,50469.0,50469.0,6871.0,Macarthur FC,1804.0,51.78407477207641,70.68090548373019,51.78407477207641,13.25867640452847,0.0,13.118879525325324,40.49286792253401,8.0,losing,medium_block,middle,middle,pass_interception,pass,0.0125,0.0,0.0,3030,2006229.0,
2006229_4389_4416,,,,,,,,,,,,,,,,,,,,,,0.0125,0.0,0.0,3031,2006229.0,frame_missing
2006229_4389_4416,,,,,,,,,,,,,,,,,,,,,,0.0125,0.0,0.0,3032,2006229.0,frame_missing
2006229_4389_4416,,,,,,,,,,,,,,,,,,,,,,0.0125,0.0,0.0,3033,2006229.0,frame_missing
2006229_4389_4416,,,,,,,,,,,,,,,,,,,,,,0.0125,0.0,0.0,3034,2006229.0,frame_missing
2006229_4389_4416,,,,,,,,,,,,,,,,,,,,,,0.0125,0.0,0.0,3035,2006229.0,frame_missing
2006229_4389_4416,,,,,,,,,,,,,,,,,,,,,,0.0125,0.0,0.0,3036,2006229.0,frame_missing
2006229_4389_4416,,,,,,,,,,,,,,,,,,,,,,0.0125,0.0,0.0,3037,2006229.0,frame_missing
2006229_4389_4416,,,,,,,,,,,,,,,,,,,,,,0.0125,0.0,0.0,3038,2006229.0,frame_missing
2006229_4389_4416,,,,,,,,,,,,,,,,,,,,,,0.0125,0.0,0.0,3039,2006229.0,frame_missing
2006229_4389_4416,,,,,,,,,,,,,,,,,,,,,,0.0125,0.0,0.0,3040,2006229.0,frame_missing
2006229_4452_4496,2006229.0,4452.0,52645.0,52657.0,771857.0,Melbourne City,2380.0,29.127219228755774,79.95245399610947,29.127219228755774,5.282887468042454,0.0,7.709559001655023,21.08094539659203,6.0,winning,defending_set_play,attacking,attacking,pass_interception,pass,0.013,0.0,0.0,3041,2006229.0,
2006229_4452_4496,,,,,,,,,,,,,,,,,,,,,,0.013,0.0,0.0,3042,2006229.0,frame_missing
2006229_4452_4496,,,,,,,,,,,,,,,,,,,,,,0.013,0.0,0.0,3043,2006229.0,frame_missing
2006229_4452_4496,,,,,,,,,,,,,,,,,,,,,,0.013,0.0,0.0,3044,2006229.0,frame_missing
2006229_4452_4496,,,,,,,,,,,,,,,,,,,,,,0.013,0.0,0.0,3045,2006229.0,frame_missing
2006229_4452_4496,,,,,,,,,,,,,,,,,,,,,,0.013,0.0,0.0,3046,2006229.0,frame_missing
2006229_4452_4496,,,,,,,,,,,,,,,,,,,,,,0.013,0.0,0.0,3047,2006229.0,frame_missing
2006229_4452_4496,,,,,,,,,,,,,,,,,,,,,,0.013,0.0,0.0,3048,2006229.0,frame_missing
2006229_4452_4496,,,,,,,,,,,,,,,,,,,,,,0.013,0.0,0.0,3049,2006229.0,frame_missing
2006229_4452_4496,,,,,,,,,,,,,,,,,,,,,,0.013,0.0,0.0,3050,2006229.0,frame_missing
2006229_4452_4496,,,,,,,,,,,,,,,,,,,,,,0.013,0.0,0.0,3051,2006229.0,frame_missing
2006229_4452_4496,,,,,,,,,,,,,,,,,,,,,,0.013,0.0,0.0,3052,2006229.0,frame_missing
2006229_4452_4496,,,,,,,,,,,,,,,,,,,,,,0.013,0.0,0.0,3053,2006229.0,frame_missing
2006229_4452_4496,,,,,,,,,,,,,,,,,,,,,,0.013,0.0,0.0,3054,2006229.0,frame_missing
2006229_4452_4496,,,,,,,,,,,,,,,,,,,,,,0.013,0.0,0.0,3055,2006229.0,frame_missing
2006229_4452_4496,,,,,,,,,,,,,,,,,,,,,,0.013,0.0,0.0,3056,2006229.0,frame_missing
2006229_4452_4496,,,,,,,,,,,,,,,,,,,,,,0.013,0.0,0.0,3057,2006229.0,frame_missing
2006229_4452_4496,,,,,,,,,,,,,,,,,,,,,,0.013,0.0,0.0,3058,2006229.0,frame_missing
2006229_4452_4496,,,,,,,,,,,,,,,,,,,,,,,,,3059,,no_player_id
2006229_4626_4638,2006229.0,4626.0,54157.0,54157.0,114464.0,Melbourne City,2380.0,32.702663500088185,73.32505847253039,73.32505847253039,0.0,1.0,8.071084189871891,27.060933376519138,9.0,winning,chaotic,defensive,defensive,pass_interception,pass,0.0024,0.0,0.0,3060,2006229.0,
2006229_4626_4638,,,,,,,,,,,,,,,,,,,,,,0.0024,0.0,0.0,3061,2006229.0,frame_missing
2006229_4626_4638,,,,,,,,,,,,,,,,,,,,,,0.0024,0.0,0.0,3062,2006229.0,frame_missing
2006229_4626_4638,2006229.0,4638.0,54229.0,54229.0,51044.0,Macarthur FC,1804.0,52.98177894333107,53.179591010085815,53.179591010085815,2.9799496640044105,3.0,8.090006180467356,17.32423118622887,3.0,winning,chaotic,middle,middle,recovery,pass,0.0024,0.0,0.0,3063,2006229.0,
2006229_4760_4776,2006229.0,4760.0,55669.0,55678.0,51014.0,Macarthur FC,1804.0,31.563586614958698,81.44114439274537,81.44114439274537,8.764593544483393,0.0,24.31688508012488,34.97273840908584,3.0,losing,high_block,attacking,attacking,pass_interception,pass,0.0048,0.0,0.0,3064,2006229.0,
2006229_4760_4776,,,,,,,,,,,,,,,,,,,,,,0.0048,0.0,0.0,3065,2006229.0,frame_missing
2006229_4760_4776,,,,,,,,,,,,,,,,,,,,,,0.0048,0.0,0.0,3066,2006229.0,frame_missing
2006229_4760_4776,,,,,,,,,,,,,,,,,,,,,,0.0048,0.0,0.0,3067,2006229.0,frame_missing
2006229_4760_4776,,,,,,,,,,,,,,,,,,,,,,0.0048,0.0,0.0,3068,2006229.0,frame_missing
2006229_4760_4776,,,,,,,,,,,,,,,,,,,,,,0.0048,0.0,0.0,3069,2006229.0,frame_missing
2006229_4760_4776,,,,,,,,,,,,,,,,,,,,,,0.0048,0.0,0.0,3070,2006229.0,frame_missing
2006229_4976_4989,,,,,,,,,,,,,,,,,,,,,,,,,3071,,no_player_id
2006229_4976_4989,,,,,,,,,,,,,,,,,,,,,,0.0001,0.0,0.0,3072,2006229.0,frame_missing
2006229_4976_4989,,,,,,,,,,,,,,,,,,,,,,0.0001,0.0,0.0,3073,2006229.0,frame_missing
2006229_4976_4989,,,,,,,,,,,,,,,,,,,,,,0.0001,0.0,0.0,3074,2006229.0,frame_missing
2011166_185_198,2011166.0,185.0,3808.0,3808.0,42510.0,Wellington P FC,867.0,27.642751310244066,83.78556975995329,83.78556975995329,5.601089179793515,0.0,5.004897601350101,22.788543323022804,0.0,drawing,chaotic,attacking,attacking,recovery,pass,0.0055,0.0,0.0,3075,2011166.0,
2011166_185_198,,,,,,,,,,,,,,,,,,,,,,0.0055,0.0,0.0,3076,2011166.0,frame_missing
2011166_185_198,,,,,,,,,,,,,,,,,,,,,,0.0055,0.0,0.0,3077,2011166.0,frame_missing
2011166_185_198,,,,,,,,,,,,,,,,,,,,,,0.0055,0.0,0.0,3078,2011166.0,frame_missing
2011166_185_198,,,,,,,,,,,,,,,,,,,,,,0.0055,0.0,0.0,3079,2011166.0,frame_missing
2011166_185_198,,,,,,,,,,,,,,,,,,,,,,0.0055,0.0,0.0,3080,2011166.0,frame_missing
2011166_185_198,,,,,,,,,,,,,,,,,,,,,,0.0055,0.0,0.0,3081,2011166.0,frame_missing
2011166_185_198,,,,,,,,,,,,,,,,,,,,,,,,,3082,,no_player_id
2011166_202_247,2011166.0,202.0,3903.0,3903.0,157294.0,Melbourne V FC,868.0,48.28400149117718,57.93224318115086,57.93224318115086,0.0,1.0,8.231190679361037,27.18364724159337,6.0,drawing,defending_transition,middle,middle,recovery,pass,0.0295,1.0,0.0,3083,2011166.0,
2011166_202_247,2011166.0,205.0,3903.0,3903.0,811820.0,Wellington P FC,867.0,47.768911438298446,62.23880541912738,47.768911438298446,2.840281676172277,1.0,1.949871790657017,21.6404101572824,10.0,drawing,defending_transition,middle,middle,,,0.0295,1.0,0.0,3084,2011166.0,
2011166_202_247,,,,,,,,,,,,,,,,,,,,,,0.0295,1.0,0.0,3085,2011166.0,frame_missing
2011166_202_247,,,,,,,,,,,,,,,,,,,,,,0.0295,1.0,0.0,3086,2011166.0,frame_missing
2011166_202_247,,,,,,,,,,,,,,,,,,,,,,0.0295,1.0,0.0,3087,2011166.0,frame_missing
2011166_202_247,,,,,,,,,,,,,,,,,,,,,,0.0295,1.0,0.0,3088,2011166.0,frame_missing
2011166_202_247,,,,,,,,,,,,,,,,,,,,,,0.0295,1.0,0.0,3089,2011166.0,frame_missing
2011166_202_247,,,,,,,,,,,,,,,,,,,,,,0.0295,1.0,0.0,3090,2011166.0,frame_missing
2011166_202_247,,,,,,,,,,,,,,,,,,,,,,0.0295,1.0,0.0,3091,2011166.0,frame_missing
2011166_202_247,,,,,,,,,,,,,,,,,,,,,,0.0295,1.0,0.0,3092,2011166.0,frame_missing
2011166_202_247,,,,,,,,,,,,,,,,,,,,,,0.0295,1.0,0.0,3093,2011166.0,frame_missing
2011166_202_247,,,,,,,,,,,,,,,,,,,,,,0.0295,1.0,0.0,3094,2011166.0,frame_missing
2011166_202_247,,,,,,,,,,,,,,,,,,,,,,0.0295,1.0,0.0,3095,2011166.0,frame_missing
2011166_202_247,,,,,,,,,,,,,,,,,,,,,,0.0295,1.0,0.0,3096,2011166.0,frame_missing
2011166_202_247,,,,,,,,,,,,,,,,,,,,,,0.0295,1.0,0.0,3097,2011166.0,frame_missing
2011166_202_247,,,,,,,,,,,,,,,,,,,,,,,,,3098,,no_player_id
2011166_303_327,2011166.0,303.0,5057.0,5085.0,23909.0,Wellington P FC,867.0,35.26857666535467,84.89919021993084,35.26857666535467,8.981269398030546,0.0,3.6272992708074154,16.573557572743976,11.0,losing,defending_quick_break,defensive,defensive,pass_interception,pass,0.0899,1.0,0.0,3099,2011166.0,
2011166_303_327,,,,,,,,,,,,,,,,,,,,,,0.0899,1.0,0.0,3100,2011166.0,frame_missing
2011166_303_327,,,,,,,,,,,,,,,,,,,,,,0.0899,1.0,0.0,3101,2011166.0,frame_missing
2011166_303_327,,,,,,,,,,,,,,,,,,,,,,0.0899,1.0,0.0,3102,2011166.0,frame_missing
2011166_303_327,,,,,,,,,,,,,,,,,,,,,,0.0899,1.0,0.0,3103,2011166.0,frame_missing
2011166_303_327,,,,,,,,,,,,,,,,,,,,,,0.0899,1.0,0.0,3104,2011166.0,frame_missing
2011166_303_327,,,,,,,,,,,,,,,,,,,,,,,,,3105,,no_player_id
2011166_331_368,2011166.0,331.0,5161.0,5161.0,11117.0,Melbourne V FC,868.0,31.693540351308183,74.37795708407162,74.37795708407162,7.329863573082381,0.0,6.448875871033649,20.70964508168237,2.0,winning,defending_transition,defensive,defensive,recovery,pass,0.1127,1.0,0.0,3106,2011166.0,
2011166_331_368,,,,,,,,,,,,,,,,,,,,,,0.1127,1.0,0.0,3107,2011166.0,frame_missing
2011166_331_368,,,,,,,,,,,,,,,,,,,,,,0.1127,1.0,0.0,3108,2011166.0,frame_missing
2011166_331_368,,,,,,,,,,,,,,,,,,,,,,0.1127,1.0,0.0,3109,2011166.0,frame_missing
2011166_331_368,,,,,,,,,,,,,,,,,,,,,,,,,3110,,no_player_id
2011166_331_368,,,,,,,,,,,,,,,,,,,,,,0.1127,1.0,0.0,3111,2011166.0,frame_missing
2011166_331_368,,,,,,,,,,,,,,,,,,,,,,0.1127,1.0,0.0,3112,2011166.0,frame_missing
2011166_331_368,,,,,,,,,,,,,,,,,,,,,,0.1127,1.0,0.0,3113,2011166.0,frame_missing
2011166_331_368,,,,,,,,,,,,,,,,,,,,,,0.1127,1.0,0.0,3114,2011166.0,frame_missing
2011166_331_368,,,,,,,,,,,,,,,,,,,,,,0.1127,1.0,0.0,3115,2011166.0,frame_missing
2011166_331_368,,,,,,,,,,,,,,,,,,,,,,0.1127,1.0,0.0,3116,2011166.0,frame_missing
2011166_331_368,,,,,,,,,,,,,,,,,,,,,,0.1127,1.0,0.0,3117,2011166.0,frame_missing
2011166_331_368,,,,,,,,,,,,,,,,,,,,,,,,,3118,,no_player_id
2011166_374_384,2011166.0,374.0,5818.0,5818.0,11885.0,Melbourne V FC,868.0,56.18163133978934,61.68691676522665,61.68691676522665,4.786815225178427,1.0,5.953637543552681,24.487963540330238,4.0,winning,chaotic,middle,middle,pass_interception,pass,0.0093,0.0,0.0,3119,2011166.0,
2011166_374_384,,,,,,,,,,,,,,,,,,,,,,0.0093,0.0,0.0,3120,2011166.0,frame_missing
2011166_374_384,,,,,,,,,,,,,,,,,,,,,,0.0093,0.0,0.0,3121,2011166.0,frame_missing
2011166_374_384,,,,,,,,,,,,,,,,,,,,,,0.0093,0.0,0.0,3122,2011166.0,frame_missing
2011166_374_384,,,,,,,,,,,,,,,,,,,,,,0.0093,0.0,0.0,3123,2011166.0,frame_missing
2011166_374_384,,,,,,,,,,,,,,,,,,,,,,,,,3124,,no_player_id
2011166_427_440,,,,,,,,,,,,,,,,,,,,,,,,,3125,,no_player_id
2011166_427_440,,,,,,,,,,,,,,,,,,,,,,0.0571,1.0,0.0,3126,2011166.0,frame_missing
2011166_427_440,,,,,,,,,,,,,,,,,,,,,,0.0571,1.0,0.0,3127,2011166.0,frame_missing
2011166_427_440,,,,,,,,,,,,,,,,,,,,,,0.0571,1.0,0.0,3128,2011166.0,frame_missing
2011166_427_440,,,,,,,,,,,,,,,,,,,,,,0.0571,1.0,0.0,3129,2011166.0,frame_missing
2011166_427_440,,,,,,,,,,,,,,,,,,,,,,0.0571,1.0,0.0,3130,2011166.0,frame_missing
2011166_427_440,,,,,,,,,,,,,,,,,,,,,,0.0571,1.0,0.0,3131,2011166.0,frame_missing
2011166_427_440,,,,,,,,,,,,,,,,,,,,,,0.0571,1.0,0.0,3132,2011166.0,frame_missing
2011166_545_554,,,,,,,,,,,,,,,,,,,,,,,,,3133,,no_player_id
2011166_545_554,,,,,,,,,,,,,,,,,,,,,,0.006,0.0,0.0,3134,2011166.0,frame_missing
2011166_545_554,,,,,,,,,,,,,,,,,,,,,,,,,3135,,no_player_id
2011166_545_554,,,,,,,,,,,,,,,,,,,,,,0.006,0.0,0.0,3136,2011166.0,frame_missing
2011166_545_554,,,,,,,,,,,,,,,,,,,,,,0.006,0.0,0.0,3137,2011166.0,frame_missing
2011166_545_554,,,,,,,,,,,,,,,,,,,,,,0.006,0.0,0.0,3138,2011166.0,frame_missing
2011166_545_554,,,,,,,,,,,,,,,,,,,,,,0.006,0.0,0.0,3139,2011166.0,frame_missing
2011166_545_554,,,,,,,,,,,,,,,,,,,,,,0.006,0.0,0.0,3140,2011166.0,frame_missing
2011166_885_892,2011166.0,885.0,11430.0,11430.0,42510.0,Wellington P FC,867.0,21.934495663224173,91.2853882064375,91.2853882064375,4.366337137693331,1.0,2.898309852310483,21.925624626927515,3.0,drawing,chaotic,attacking,attacking,pass_interception,pass,0.0002,0.0,0.0,3141,2011166.0,
2011166_885_892,,,,,,,,,,,,,,,,,,,,,,0.0002,0.0,0.0,3142,2011166.0,frame_missing
2011166_885_892,,,,,,,,,,,,,,,,,,,,,,0.0002,0.0,0.0,3143,2011166.0,frame_missing
2011166_885_892,,,,,,,,,,,,,,,,,,,,,,0.0002,0.0,0.0,3144,2011166.0,frame_missing
2011166_885_892,,,,,,,,,,,,,,,,,,,,,,,,,3145,,no_player_id
2011166_1168_1178,2011166.0,1168.0,15348.0,15366.0,159688.0,Melbourne V FC,868.0,39.30674878440088,65.83175905290697,39.30674878440088,12.26224286172803,0.0,19.409688302494715,29.567368769277223,5.0,drawing,defending_set_play,middle,middle,recovery,pass,0.0394,1.0,0.0,3146,2011166.0,
2011166_1168_1178,,,,,,,,,,,,,,,,,,,,,,0.0394,1.0,0.0,3147,2011166.0,frame_missing
2011166_1168_1178,,,,,,,,,,,,,,,,,,,,,,0.0394,1.0,0.0,3148,2011166.0,frame_missing
2011166_1168_1178,,,,,,,,,,,,,,,,,,,,,,0.0394,1.0,0.0,3149,2011166.0,frame_missing
2011166_1168_1178,,,,,,,,,,,,,,,,,,,,,,0.0394,1.0,0.0,3150,2011166.0,frame_missing
2011166_1195_1219,2011166.0,1195.0,16056.0,16067.0,51028.0,Wellington P FC,867.0,34.768318912481234,91.0496348153028,91.0496348153028,2.347850080392698,2.0,4.131404119666823,19.707841162167462,5.0,drawing,high_block,attacking,attacking,recovery,pass,0.0068,0.0,0.0,3151,2011166.0,
2011166_1195_1219,,,,,,,,,,,,,,,,,,,,,,0.0068,0.0,0.0,3152,2011166.0,frame_missing
2011166_1195_1219,,,,,,,,,,,,,,,,,,,,,,0.0068,0.0,0.0,3153,2011166.0,frame_missing
2011166_1195_1219,,,,,,,,,,,,,,,,,,,,,,0.0068,0.0,0.0,3154,2011166.0,frame_missing
2011166_1195_1219,,,,,,,,,,,,,,,,,,,,,,0.0068,0.0,0.0,3155,2011166.0,frame_missing
2011166_1195_1219,,,,,,,,,,,,,,,,,,,,,,0.0068,0.0,0.0,3156,2011166.0,frame_missing
2011166_1195_1219,,,,,,,,,,,,,,,,,,,,,,0.0068,0.0,0.0,3157,2011166.0,frame_missing
2011166_1195_1219,,,,,,,,,,,,,,,,,,,,,,0.0068,0.0,0.0,3158,2011166.0,frame_missing
2011166_1195_1219,,,,,,,,,,,,,,,,,,,,,,,,,3159,,no_player_id
2011166_1195_1219,,,,,,,,,,,,,,,,,,,,,,0.0068,0.0,0.0,3160,2011166.0,frame_missing
2011166_1195_1219,,,,,,,,,,,,,,,,,,,,,,0.0068,0.0,0.0,3161,2011166.0,frame_missing
2011166_1195_1219,,,,,,,,,,,,,,,,,,,,,,0.0068,0.0,0.0,3162,2011166.0,frame_missing
2011166_1195_1219,,,,,,,,,,,,,,,,,,,,,,0.0068,0.0,0.0,3163,2011166.0,frame_missing
2011166_1195_1219,,,,,,,,,,,,,,,,,,,,,,0.0068,0.0,0.0,3164,2011166.0,frame_missing
2011166_1225_1233,,,,,,,,,,,,,,,,,,,,,,,,,3165,,no_player_id
2011166_1225_1233,,,,,,,,,,,,,,,,,,,,,,0.0613,1.0,1.0,3166,2011166.0,frame_missing
2011166_1225_1233,,,,,,,,,,,,,,,,,,,,,,0.0613,1.0,1.0,3167,2011166.0,frame_missing
2011166_1225_1233,,,,,,,,,,,,,,,,,,,,,,0.0613,1.0,1.0,3168,2011166.0,frame_missing
2011166_1225_1233,,,,,,,,,,,,,,,,,,,,,,0.0613,1.0,1.0,3169,2011166.0,frame_missing
2011166_1225_1236,,,,,,,,,,,,,,,,,,,,,,,,,3170,,no_player_id
2011166_1225_1236,,,,,,,,,,,,,,,,,,,,,,0.0613,1.0,1.0,3171,2011166.0,frame_missing
2011166_1225_1236,,,,,,,,,,,,,,,,,,,,,,0.0613,1.0,1.0,3172,2011166.0,frame_missing
2011166_1225_1236,,,,,,,,,,,,,,,,,,,,,,0.0613,1.0,1.0,3173,2011166.0,frame_missing
2011166_1225_1236,,,,,,,,,,,,,,,,,,,,,,0.0613,1.0,1.0,3174,2011166.0,frame_missing
2011166_1225_1236,2011166.0,1236.0,16966.0,16966.0,51015.0,Wellington P FC,867.0,9.21278459533273,98.96047392772529,98.96047392772529,8.130098400388524,0.0,3.7008647638085845,16.27524482453995,0.0,drawing,defending_set_play,attacking,attacking,recovery,pass,0.0613,1.0,1.0,3175,2011166.0,
2011166_1225_1252,,,,,,,,,,,,,,,,,,,,,,,,,3176,,no_player_id
2011166_1225_1252,,,,,,,,,,,,,,,,,,,,,,0.0613,1.0,1.0,3177,2011166.0,frame_missing
2011166_1225_1252,,,,,,,,,,,,,,,,,,,,,,0.0613,1.0,1.0,3178,2011166.0,frame_missing
2011166_1225_1252,,,,,,,,,,,,,,,,,,,,,,0.0613,1.0,1.0,3179,2011166.0,frame_missing
2011166_1225_1252,,,,,,,,,,,,,,,,,,,,,,0.0613,1.0,1.0,3180,2011166.0,frame_missing
2011166_1225_1252,2011166.0,1236.0,16966.0,16966.0,51015.0,Wellington P FC,867.0,9.21278459533273,98.96047392772529,98.96047392772529,8.130098400388524,0.0,3.7008647638085845,16.27524482453995,0.0,drawing,defending_set_play,attacking,attacking,recovery,pass,0.0613,1.0,1.0,3181,2011166.0,
2011166_1225_1252,,,,,,,,,,,,,,,,,,,,,,0.0613,1.0,1.0,3182,2011166.0,frame_missing
2011166_1225_1252,2011166.0,1239.0,16989.0,16989.0,811820.0,Melbourne V FC,868.0,27.338941091417567,81.58932344369575,27.338941091417567,0.0,1.0,9.001255467988894,25.597152242180254,5.0,drawing,defending_set_play,attacking,attacking,pass_interception,pass,0.0613,1.0,1.0,3183,2011166.0,
2011166_1225_1252,,,,,,,,,,,,,,,,,,,,,,0.0613,1.0,1.0,3184,2011166.0,frame_missing
2011166_1225_1252,,,,,,,,,,,,,,,,,,,,,,0.0613,1.0,1.0,3185,2011166.0,frame_missing
2011166_1225_1252,,,,,,,,,,,,,,,,,,,,,,,,,3186,,no_player_id
2011166_1239_1258,2011166.0,1239.0,16989.0,16989.0,811820.0,Melbourne V FC,868.0,27.338941091417567,81.58932344369575,27.338941091417567,0.0,1.0,9.001255467988894,25.597152242180254,5.0,drawing,defending_set_play,attacking,attacking,pass_interception,pass,0.0582,1.0,1.0,3187,2011166.0,
2011166_1239_1258,,,,,,,,,,,,,,,,,,,,,,0.0582,1.0,1.0,3188,2011166.0,frame_missing
2011166_1239_1258,,,,,,,,,,,,,,,,,,,,,,0.0582,1.0,1.0,3189,2011166.0,frame_missing
2011166_1239_1258,,,,,,,,,,,,,,,,,,,,,,,,,3190,,no_player_id
2011166_1239_1258,,,,,,,,,,,,,,,,,,,,,,0.0582,1.0,1.0,3191,2011166.0,frame_missing
2011166_1239_1258,,,,,,,,,,,,,,,,,,,,,,0.0582,1.0,1.0,3192,2011166.0,frame_missing
2011166_1298_1309,2011166.0,1298.0,17992.0,18004.0,51028.0,Wellington P FC,867.0,29.277180533651116,91.65344128836625,91.65344128836625,5.742821606144495,0.0,0.822009732302482,21.13276396418077,5.0,drawing,high_block,attacking,attacking,pass_interception,pass,0.0023,0.0,0.0,3193,2011166.0,
2011166_1298_1309,,,,,,,,,,,,,,,,,,,,,,0.0023,0.0,0.0,3194,2011166.0,frame_missing
2011166_1298_1309,,,,,,,,,,,,,,,,,,,,,,0.0023,0.0,0.0,3195,2011166.0,frame_missing
2011166_1298_1309,,,,,,,,,,,,,,,,,,,,,,0.0023,0.0,0.0,3196,2011166.0,frame_missing
2011166_1298_1309,,,,,,,,,,,,,,,,,,,,,,,,,3197,,no_player_id
2011166_1475_1493,2011166.0,1475.0,21182.0,21187.0,11885.0,Melbourne V FC,868.0,31.752952618614856,96.82277624608788,31.752952618614856,2.1140009460735802,3.0,4.691449669345286,27.087528340915778,3.0,drawing,chaotic,attacking,attacking,pass_interception,pass,0.0047,0.0,0.0,3198,2011166.0,
2011166_1475_1493,,,,,,,,,,,,,,,,,,,,,,0.0047,0.0,0.0,3199,2011166.0,frame_missing
2011166_1475_1493,,,,,,,,,,,,,,,,,,,,,,,,,3200,,no_player_id
2011166_1475_1493,,,,,,,,,,,,,,,,,,,,,,0.0047,0.0,0.0,3201,2011166.0,frame_missing
2011166_1475_1493,,,,,,,,,,,,,,,,,,,,,,0.0047,0.0,0.0,3202,2011166.0,frame_missing
2011166_1475_1493,2011166.0,1488.0,21233.0,21243.0,27003.0,Wellington P FC,867.0,27.027232562731985,82.86538058803568,82.86538058803568,11.217704756321591,0.0,2.9123358322830817,16.718714045698217,9.0,drawing,chaotic,attacking,attacking,recovery,pass,0.0047,0.0,0.0,3203,2011166.0,
2011166_1475_1493,,,,,,,,,,,,,,,,,,,,,,0.0047,0.0,0.0,3204,2011166.0,frame_missing
2011166_1475_1493,,,,,,,,,,,,,,,,,,,,,,0.0047,0.0,0.0,3205,2011166.0,frame_missing
2011166_1475_1493,,,,,,,,,,,,,,,,,,,,,,0.0047,0.0,0.0,3206,2011166.0,frame_missing
2011166_1488_1497,2011166.0,1488.0,21233.0,21243.0,27003.0,Wellington P FC,867.0,27.027232562731985,82.86538058803568,82.86538058803568,11.217704756321591,0.0,2.9123358322830817,16.718714045698217,9.0,drawing,chaotic,attacking,attacking,recovery,pass,0.0007,0.0,0.0,3207,2011166.0,
2011166_1488_1497,,,,,,,,,,,,,,,,,,,,,,0.0007,0.0,0.0,3208,2011166.0,frame_missing
2011166_1488_1497,,,,,,,,,,,,,,,,,,,,,,0.0007,0.0,0.0,3209,2011166.0,frame_missing
2011166_1488_1497,,,,,,,,,,,,,,,,,,,,,,0.0007,0.0,0.0,3210,2011166.0,frame_missing
2011166_1488_1497,,,,,,,,,,,,,,,,,,,,,,0.0007,0.0,0.0,3211,2011166.0,frame_missing
2011166_1488_1497,,,,,,,,,,,,,,,,,,,,,,,,,3212,,no_player_id
2011166_1672_1703,2011166.0,1672.0,24620.0,24620.0,27003.0,Wellington P FC,867.0,44.37049132024571,67.73064668228113,44.37049132024571,3.7121422386541174,1.0,3.7346218014679873,12.408070071895585,6.0,drawing,medium_block,middle,middle,pass_interception,pass,0.0312,1.0,0.0,3213,2011166.0,
2011166_1672_1703,,,,,,,,,,,,,,,,,,,,,,0.0312,1.0,0.0,3214,2011166.0,frame_missing
2011166_1672_1703,,,,,,,,,,,,,,,,,,,,,,0.0312,1.0,0.0,3215,2011166.0,frame_missing
2011166_1672_1703,,,,,,,,,,,,,,,,,,,,,,0.0312,1.0,0.0,3216,2011166.0,frame_missing
2011166_1672_1703,,,,,,,,,,,,,,,,,,,,,,0.0312,1.0,0.0,3217,2011166.0,frame_missing
2011166_1672_1703,,,,,,,,,,,,,,,,,,,,,,0.0312,1.0,0.0,3218,2011166.0,frame_missing
2011166_1672_1703,,,,,,,,,,,,,,,,,,,,,,0.0312,1.0,0.0,3219,2011166.0,frame_missing
2011166_1672_1703,,,,,,,,,,,,,,,,,,,,,,0.0312,1.0,0.0,3220,2011166.0,frame_missing
2011166_1672_1703,,,,,,,,,,,,,,,,,,,,,,,,,3221,,no_player_id
2011166_1672_1703,,,,,,,,,,,,,,,,,,,,,,0.0312,1.0,0.0,3222,2011166.0,frame_missing
2011166_1672_1703,,,,,,,,,,,,,,,,,,,,,,0.0312,1.0,0.0,3223,2011166.0,frame_missing
2011166_1672_1703,,,,,,,,,,,,,,,,,,,,,,0.0312,1.0,0.0,3224,2011166.0,frame_missing
2011166_1672_1703,,,,,,,,,,,,,,,,,,,,,,0.0312,1.0,0.0,3225,2011166.0,frame_missing
2011166_1672_1703,,,,,,,,,,,,,,,,,,,,,,0.0312,1.0,0.0,3226,2011166.0,frame_missing
2011166_1672_1703,,,,,,,,,,,,,,,,,,,,,,0.0312,1.0,0.0,3227,2011166.0,frame_missing
2011166_1881_1914,2011166.0,1881.0,29085.0,29089.0,957734.0,Wellington P FC,867.0,54.23214176113645,64.55637226486631,64.55637226486631,1.2839003076563216,1.0,0.7559100475585709,16.438498124582804,7.0,drawing,defending_transition,middle,middle,recovery,pass,0.0701,1.0,0.0,3228,2011166.0,
2011166_1881_1914,,,,,,,,,,,,,,,,,,,,,,0.0701,1.0,0.0,3229,2011166.0,frame_missing
2011166_1881_1914,,,,,,,,,,,,,,,,,,,,,,0.0701,1.0,0.0,3230,2011166.0,frame_missing
2011166_1881_1914,,,,,,,,,,,,,,,,,,,,,,0.0701,1.0,0.0,3231,2011166.0,frame_missing
2011166_1881_1914,,,,,,,,,,,,,,,,,,,,,,0.0701,1.0,0.0,3232,2011166.0,frame_missing
2011166_1881_1914,,,,,,,,,,,,,,,,,,,,,,0.0701,1.0,0.0,3233,2011166.0,frame_missing
2011166_1881_1914,,,,,,,,,,,,,,,,,,,,,,0.0701,1.0,0.0,3234,2011166.0,frame_missing
2011166_1881_1914,,,,,,,,,,,,,,,,,,,,,,0.0701,1.0,0.0,3235,2011166.0,frame_missing
2011166_1881_1914,,,,,,,,,,,,,,,,,,,,,,0.0701,1.0,0.0,3236,2011166.0,frame_missing
2011166_1881_1914,,,,,,,,,,,,,,,,,,,,,,0.0701,1.0,0.0,3237,2011166.0,frame_missing
2011166_1881_1914,,,,,,,,,,,,,,,,,,,,,,0.0701,1.0,0.0,3238,2011166.0,frame_missing
2011166_1881_1914,,,,,,,,,,,,,,,,,,,,,,0.0701,1.0,0.0,3239,2011166.0,frame_missing
2011166_1881_1914,,,,,,,,,,,,,,,,,,,,,,0.0701,1.0,0.0,3240,2011166.0,frame_missing
2011166_1920_1955,2011166.0,1920.0,29309.0,29314.0,50955.0,Melbourne V FC,868.0,33.85023633595488,71.28280648234887,71.28280648234887,7.955601799989742,0.0,7.7152446493938225,20.711328159087554,4.0,drawing,defending_transition,defensive,defensive,recovery,pass,0.1453,1.0,0.0,3241,2011166.0,
2011166_1920_1955,,,,,,,,,,,,,,,,,,,,,,0.1453,1.0,0.0,3242,2011166.0,frame_missing
2011166_1920_1955,,,,,,,,,,,,,,,,,,,,,,0.1453,1.0,0.0,3243,2011166.0,frame_missing
2011166_1920_1955,,,,,,,,,,,,,,,,,,,,,,0.1453,1.0,0.0,3244,2011166.0,frame_missing
2011166_1920_1955,,,,,,,,,,,,,,,,,,,,,,0.1453,1.0,0.0,3245,2011166.0,frame_missing
2011166_1920_1955,,,,,,,,,,,,,,,,,,,,,,0.1453,1.0,0.0,3246,2011166.0,frame_missing
2011166_1920_1955,,,,,,,,,,,,,,,,,,,,,,0.1453,1.0,0.0,3247,2011166.0,frame_missing
2011166_1920_1955,,,,,,,,,,,,,,,,,,,,,,0.1453,1.0,0.0,3248,2011166.0,frame_missing
2011166_1920_1955,,,,,,,,,,,,,,,,,,,,,,0.1453,1.0,0.0,3249,2011166.0,frame_missing
2011166_1920_1955,,,,,,,,,,,,,,,,,,,,,,0.1453,1.0,0.0,3250,2011166.0,frame_missing
2011166_1920_1955,2011166.0,1955.0,29509.0,29509.0,957734.0,Wellington P FC,867.0,29.282820902365263,82.97278831038523,82.97278831038523,20.851882409029646,0.0,9.9545416770437,26.47753941010426,8.0,drawing,defending_transition,attacking,attacking,pass_interception,pass,0.1453,1.0,0.0,3251,2011166.0,
2011166_2111_2121,2011166.0,2111.0,42070.0,42070.0,799092.0,Wellington P FC,867.0,38.77738129373875,78.07935258440608,78.07935258440608,5.106544820130341,0.0,6.176811475186856,18.06659134404567,8.0,losing,high_block,defensive,defensive,pass_interception,pass,0.0129,0.0,0.0,3252,2011166.0,
2011166_2111_2121,,,,,,,,,,,,,,,,,,,,,,0.0129,0.0,0.0,3253,2011166.0,frame_missing
2011166_2111_2121,,,,,,,,,,,,,,,,,,,,,,0.0129,0.0,0.0,3254,2011166.0,frame_missing
2011166_2111_2121,,,,,,,,,,,,,,,,,,,,,,0.0129,0.0,0.0,3255,2011166.0,frame_missing
2011166_2128_2152,2011166.0,2128.0,42135.0,42135.0,29075.0,Melbourne V FC,868.0,37.343482697788104,71.33327204047211,37.343482697788104,1.4101418368376992,1.0,6.826726887755216,21.411471174032624,5.0,winning,defending_quick_break,defensive,defensive,pass_interception,pass,0.0206,1.0,0.0,3256,2011166.0,
2011166_2128_2152,,,,,,,,,,,,,,,,,,,,,,,,,3257,,no_player_id
2011166_2128_2152,,,,,,,,,,,,,,,,,,,,,,0.0206,1.0,0.0,3258,2011166.0,frame_missing
2011166_2128_2152,,,,,,,,,,,,,,,,,,,,,,0.0206,1.0,0.0,3259,2011166.0,frame_missing
2011166_2128_2152,,,,,,,,,,,,,,,,,,,,,,0.0206,1.0,0.0,3260,2011166.0,frame_missing
2011166_2128_2152,,,,,,,,,,,,,,,,,,,,,,0.0206,1.0,0.0,3261,2011166.0,frame_missing
2011166_2128_2152,2011166.0,2141.0,42180.0,42180.0,51017.0,Wellington P FC,867.0,43.402084051344815,70.90444908466604,70.90444908466604,19.53300028157477,0.0,18.15258108369165,30.590910081836036,7.0,winning,defending_quick_break,middle,middle,recovery,pass,0.0206,1.0,0.0,3262,2011166.0,
2011166_2128_2152,,,,,,,,,,,,,,,,,,,,,,0.0206,1.0,0.0,3263,2011166.0,frame_missing
2011166_2128_2152,,,,,,,,,,,,,,,,,,,,,,0.0206,1.0,0.0,3264,2011166.0,frame_missing
2011166_2128_2152,,,,,,,,,,,,,,,,,,,,,,,,,3265,,no_player_id
2011166_2141_2154,2011166.0,2141.0,42180.0,42180.0,51017.0,Wellington P FC,867.0,43.402084051344815,70.90444908466604,70.90444908466604,19.53300028157477,0.0,18.15258108369165,30.590910081836036,7.0,losing,chaotic,middle,middle,recovery,pass,0.0054,0.0,0.0,3266,2011166.0,
2011166_2141_2154,,,,,,,,,,,,,,,,,,,,,,0.0054,0.0,0.0,3267,2011166.0,frame_missing
2011166_2141_2154,,,,,,,,,,,,,,,,,,,,,,0.0054,0.0,0.0,3268,2011166.0,frame_missing
2011166_2141_2154,,,,,,,,,,,,,,,,,,,,,,,,,3269,,no_player_id
2011166_2141_2154,,,,,,,,,,,,,,,,,,,,,,,,,3270,,no_player_id
2011166_2164_2195,2011166.0,2164.0,42339.0,42339.0,157294.0,Melbourne V FC,868.0,29.162573617566746,76.25520113408659,29.162573617566746,0.0,1.0,10.99416663508426,22.440656010134706,1.0,winning,low_block,defensive,defensive,recovery,pass,0.0702,1.0,0.0,3271,2011166.0,
2011166_2164_2195,,,,,,,,,,,,,,,,,,,,,,0.0702,1.0,0.0,3272,2011166.0,frame_missing
2011166_2164_2195,,,,,,,,,,,,,,,,,,,,,,0.0702,1.0,0.0,3273,2011166.0,frame_missing
2011166_2164_2195,,,,,,,,,,,,,,,,,,,,,,0.0702,1.0,0.0,3274,2011166.0,frame_missing
2011166_2164_2195,,,,,,,,,,,,,,,,,,,,,,0.0702,1.0,0.0,3275,2011166.0,frame_missing
2011166_2164_2195,,,,,,,,,,,,,,,,,,,,,,0.0702,1.0,0.0,3276,2011166.0,frame_missing
2011166_2164_2195,,,,,,,,,,,,,,,,,,,,,,0.0702,1.0,0.0,3277,2011166.0,frame_missing
2011166_2164_2195,,,,,,,,,,,,,,,,,,,,,,0.0702,1.0,0.0,3278,2011166.0,frame_missing
2011166_2164_2195,,,,,,,,,,,,,,,,,,,,,,0.0702,1.0,0.0,3279,2011166.0,frame_missing
2011166_2164_2195,,,,,,,,,,,,,,,,,,,,,,0.0702,1.0,0.0,3280,2011166.0,frame_missing
2011166_2164_2195,,,,,,,,,,,,,,,,,,,,,,0.0702,1.0,0.0,3281,2011166.0,frame_missing
2011166_2164_2195,,,,,,,,,,,,,,,,,,,,,,0.0702,1.0,0.0,3282,2011166.0,frame_missing
2011166_2242_2274,2011166.0,2242.0,43079.0,43114.0,51028.0,Wellington P FC,867.0,31.24329368040444,76.84297885948982,76.84297885948982,10.974379253515892,0.0,8.38976757723359,21.520820208150308,10.0,losing,medium_block,defensive,defensive,recovery,pass,0.0432,1.0,0.0,3283,2011166.0,
2011166_2242_2274,,,,,,,,,,,,,,,,,,,,,,0.0432,1.0,0.0,3284,2011166.0,frame_missing
2011166_2242_2274,,,,,,,,,,,,,,,,,,,,,,0.0432,1.0,0.0,3285,2011166.0,frame_missing
2011166_2242_2274,,,,,,,,,,,,,,,,,,,,,,0.0432,1.0,0.0,3286,2011166.0,frame_missing
2011166_2242_2274,,,,,,,,,,,,,,,,,,,,,,0.0432,1.0,0.0,3287,2011166.0,frame_missing
2011166_2242_2274,,,,,,,,,,,,,,,,,,,,,,0.0432,1.0,0.0,3288,2011166.0,frame_missing
2011166_2242_2274,,,,,,,,,,,,,,,,,,,,,,0.0432,1.0,0.0,3289,2011166.0,frame_missing
2011166_2242_2274,,,,,,,,,,,,,,,,,,,,,,0.0432,1.0,0.0,3290,2011166.0,frame_missing
2011166_2242_2274,,,,,,,,,,,,,,,,,,,,,,0.0432,1.0,0.0,3291,2011166.0,frame_missing
2011166_2242_2274,,,,,,,,,,,,,,,,,,,,,,0.0432,1.0,0.0,3292,2011166.0,frame_missing
2011166_2242_2274,,,,,,,,,,,,,,,,,,,,,,0.0432,1.0,0.0,3293,2011166.0,frame_missing
2011166_2242_2274,,,,,,,,,,,,,,,,,,,,,,0.0432,1.0,0.0,3294,2011166.0,frame_missing
2011166_2242_2274,,,,,,,,,,,,,,,,,,,,,,0.0432,1.0,0.0,3295,2011166.0,frame_missing
2011166_2242_2274,,,,,,,,,,,,,,,,,,,,,,0.0432,1.0,0.0,3296,2011166.0,frame_missing
2011166_2284_2301,2011166.0,2284.0,43426.0,43426.0,23909.0,Wellington P FC,867.0,22.26276038590004,88.07627660159119,22.26276038590004,10.948314938838761,0.0,9.458054768291417,24.83330249355748,2.0,losing,chaotic,attacking,attacking,recovery,pass,0.0394,1.0,0.0,3297,2011166.0,
2011166_2284_2301,,,,,,,,,,,,,,,,,,,,,,0.0394,1.0,0.0,3298,2011166.0,frame_missing
2011166_2284_2301,,,,,,,,,,,,,,,,,,,,,,0.0394,1.0,0.0,3299,2011166.0,frame_missing
2011166_2284_2301,,,,,,,,,,,,,,,,,,,,,,0.0394,1.0,0.0,3300,2011166.0,frame_missing
2011166_2284_2301,,,,,,,,,,,,,,,,,,,,,,0.0394,1.0,0.0,3301,2011166.0,frame_missing
2011166_2284_2301,,,,,,,,,,,,,,,,,,,,,,0.0394,1.0,0.0,3302,2011166.0,frame_missing
2011166_2284_2301,2011166.0,2300.0,43502.0,43502.0,50977.0,Melbourne V FC,868.0,20.986476598038077,100.61576516629985,100.61576516629985,0.0,2.0,13.591192000703982,30.132361135530612,1.0,losing,chaotic,attacking,attacking,pass_interception,pass,0.0394,1.0,0.0,3303,2011166.0,
2011166_2284_2301,,,,,,,,,,,,,,,,,,,,,,,,,3304,,no_player_id
2011166_2300_2318,2011166.0,2300.0,43502.0,43502.0,50977.0,Melbourne V FC,868.0,20.986476598038077,100.61576516629985,100.61576516629985,0.0,2.0,13.591192000703982,30.132361135530612,1.0,winning,chaotic,attacking,attacking,pass_interception,pass,0.0127,0.0,0.0,3305,2011166.0,
2011166_2300_2318,,,,,,,,,,,,,,,,,,,,,,,,,3306,,no_player_id
2011166_2300_2318,,,,,,,,,,,,,,,,,,,,,,0.0127,0.0,0.0,3307,2011166.0,frame_missing
2011166_2300_2318,,,,,,,,,,,,,,,,,,,,,,0.0127,0.0,0.0,3308,2011166.0,frame_missing
2011166_2300_2318,,,,,,,,,,,,,,,,,,,,,,0.0127,0.0,0.0,3309,2011166.0,frame_missing
2011166_2300_2318,,,,,,,,,,,,,,,,,,,,,,0.0127,0.0,0.0,3310,2011166.0,frame_missing
2011166_2300_2318,,,,,,,,,,,,,,,,,,,,,,0.0127,0.0,0.0,3311,2011166.0,frame_missing
2011166_2300_2318,,,,,,,,,,,,,,,,,,,,,,0.0127,0.0,0.0,3312,2011166.0,frame_missing
2011166_2300_2318,,,,,,,,,,,,,,,,,,,,,,0.0127,0.0,0.0,3313,2011166.0,frame_missing
2011166_2300_2318,,,,,,,,,,,,,,,,,,,,,,0.0127,0.0,0.0,3314,2011166.0,frame_missing
2011166_2300_2318,,,,,,,,,,,,,,,,,,,,,,,,,3315,,no_player_id
2011166_2478_2481,2011166.0,2478.0,46454.0,46469.0,7698.0,Melbourne V FC,868.0,6.306671071175348,98.79612391182155,98.79612391182155,19.70271554887803,0.0,27.866246607679333,47.572404712175036,0.0,winning,chaotic,attacking,attacking,pass_interception,pass,0.0015,0.0,0.0,3316,2011166.0,
2011166_2478_2481,,,,,,,,,,,,,,,,,,,,,,0.0015,0.0,0.0,3317,2011166.0,frame_missing
2011166_2478_2481,,,,,,,,,,,,,,,,,,,,,,0.0015,0.0,0.0,3318,2011166.0,frame_missing
2011166_2615_2644,2011166.0,2615.0,49752.0,49770.0,50977.0,Melbourne V FC,868.0,21.021914755797106,90.00344937834328,21.021914755797106,0.0,1.0,12.464196725020027,28.744501508781596,6.0,winning,low_block,defensive,defensive,recovery,pass,0.0117,0.0,0.0,3319,2011166.0,
2011166_2615_2644,,,,,,,,,,,,,,,,,,,,,,0.0117,0.0,0.0,3320,2011166.0,frame_missing
2011166_2615_2644,,,,,,,,,,,,,,,,,,,,,,0.0117,0.0,0.0,3321,2011166.0,frame_missing
2011166_2615_2644,,,,,,,,,,,,,,,,,,,,,,0.0117,0.0,0.0,3322,2011166.0,frame_missing
2011166_2615_2644,,,,,,,,,,,,,,,,,,,,,,,,,3323,,no_player_id
2011166_2615_2644,,,,,,,,,,,,,,,,,,,,,,0.0117,0.0,0.0,3324,2011166.0,frame_missing
2011166_2615_2644,,,,,,,,,,,,,,,,,,,,,,0.0117,0.0,0.0,3325,2011166.0,frame_missing
2011166_2615_2644,,,,,,,,,,,,,,,,,,,,,,0.0117,0.0,0.0,3326,2011166.0,frame_missing
2011166_2615_2644,,,,,,,,,,,,,,,,,,,,,,0.0117,0.0,0.0,3327,2011166.0,frame_missing
2011166_2615_2644,,,,,,,,,,,,,,,,,,,,,,0.0117,0.0,0.0,3328,2011166.0,frame_missing
2011166_2615_2644,,,,,,,,,,,,,,,,,,,,,,0.0117,0.0,0.0,3329,2011166.0,frame_missing
2011166_2674_2680,2011166.0,2674.0,50139.0,50156.0,7698.0,Melbourne V FC,868.0,12.300833305105797,94.28367037827918,94.28367037827918,26.6250483567636,0.0,36.78772893234917,53.322001279235664,0.0,winning,chaotic,attacking,attacking,recovery,pass,0.0013,0.0,0.0,3330,2011166.0,
2011166_2674_2680,,,,,,,,,,,,,,,,,,,,,,0.0013,0.0,0.0,3331,2011166.0,frame_missing
2011166_2674_2680,,,,,,,,,,,,,,,,,,,,,,0.0013,0.0,0.0,3332,2011166.0,frame_missing
2011166_2689_2710,2011166.0,2689.0,50239.0,50287.0,23909.0,Wellington P FC,867.0,20.44839602511649,84.95844219381614,20.44839602511649,7.374238943782607,0.0,2.39920820272022,18.975739504425633,1.0,losing,defending_quick_break,attacking,attacking,recovery,pass,0.0551,1.0,0.0,3333,2011166.0,
2011166_2689_2710,,,,,,,,,,,,,,,,,,,,,,0.0551,1.0,0.0,3334,2011166.0,frame_missing
2011166_2689_2710,,,,,,,,,,,,,,,,,,,,,,0.0551,1.0,0.0,3335,2011166.0,frame_missing
2011166_2689_2710,,,,,,,,,,,,,,,,,,,,,,0.0551,1.0,0.0,3336,2011166.0,frame_missing
2011166_2689_2710,,,,,,,,,,,,,,,,,,,,,,,,,3337,,no_player_id
2011166_2689_2710,,,,,,,,,,,,,,,,,,,,,,0.0551,1.0,0.0,3338,2011166.0,frame_missing
2011166_2689_2710,,,,,,,,,,,,,,,,,,,,,,0.0551,1.0,0.0,3339,2011166.0,frame_missing
2011166_2689_2710,,,,,,,,,,,,,,,,,,,,,,0.0551,1.0,0.0,3340,2011166.0,frame_missing
2011166_2689_2710,,,,,,,,,,,,,,,,,,,,,,0.0551,1.0,0.0,3341,2011166.0,frame_missing
2011166_2689_2710,,,,,,,,,,,,,,,,,,,,,,0.0551,1.0,0.0,3342,2011166.0,frame_missing
2011166_2689_2710,,,,,,,,,,,,,,,,,,,,,,,,,3343,,no_player_id
2011166_2727_2769,2011166.0,2727.0,50669.0,50669.0,51017.0,Wellington P FC,867.0,39.20149231853298,88.371132164299,39.20149231853298,3.1969985924300954,1.0,2.5466252178127804,20.318673509601727,8.0,losing,low_block,attacking,attacking,pass_interception,pass,0.0326,1.0,0.0,3344,2011166.0,
2011166_2727_2769,,,,,,,,,,,,,,,,,,,,,,0.0326,1.0,0.0,3345,2011166.0,frame_missing
2011166_2727_2769,,,,,,,,,,,,,,,,,,,,,,0.0326,1.0,0.0,3346,2011166.0,frame_missing
2011166_2727_2769,,,,,,,,,,,,,,,,,,,,,,0.0326,1.0,0.0,3347,2011166.0,frame_missing
2011166_2727_2769,,,,,,,,,,,,,,,,,,,,,,0.0326,1.0,0.0,3348,2011166.0,frame_missing
2011166_2727_2769,,,,,,,,,,,,,,,,,,,,,,0.0326,1.0,0.0,3349,2011166.0,frame_missing
2011166_2727_2769,,,,,,,,,,,,,,,,,,,,,,0.0326,1.0,0.0,3350,2011166.0,frame_missing
2011166_2727_2769,,,,,,,,,,,,,,,,,,,,,,0.0326,1.0,0.0,3351,2011166.0,frame_missing
2011166_2727_2769,,,,,,,,,,,,,,,,,,,,,,0.0326,1.0,0.0,3352,2011166.0,frame_missing
2011166_2727_2769,,,,,,,,,,,,,,,,,,,,,,0.0326,1.0,0.0,3353,2011166.0,frame_missing
2011166_2727_2769,,,,,,,,,,,,,,,,,,,,,,0.0326,1.0,0.0,3354,2011166.0,frame_missing
2011166_2727_2769,,,,,,,,,,,,,,,,,,,,,,0.0326,1.0,0.0,3355,2011166.0,frame_missing
2011166_2727_2769,,,,,,,,,,,,,,,,,,,,,,0.0326,1.0,0.0,3356,2011166.0,frame_missing
2011166_2727_2769,,,,,,,,,,,,,,,,,,,,,,0.0326,1.0,0.0,3357,2011166.0,frame_missing
2011166_2727_2769,,,,,,,,,,,,,,,,,,,,,,0.0326,1.0,0.0,3358,2011166.0,frame_missing
2011166_2727_2769,,,,,,,,,,,,,,,,,,,,,,0.0326,1.0,0.0,3359,2011166.0,frame_missing
2011166_2727_2769,,,,,,,,,,,,,,,,,,,,,,0.0326,1.0,0.0,3360,2011166.0,frame_missing
2011166_2727_2769,,,,,,,,,,,,,,,,,,,,,,,,,3361,,no_player_id
2011166_2727_2769,,,,,,,,,,,,,,,,,,,,,,0.0326,1.0,0.0,3362,2011166.0,frame_missing
2011166_2727_2769,,,,,,,,,,,,,,,,,,,,,,,,,3363,,no_player_id
2011166_2774_2786,2011166.0,2774.0,51618.0,51618.0,23909.0,Wellington P FC,867.0,32.34829361805658,80.84436962460651,32.34829361805658,11.289818421923357,0.0,2.7521809533531743,23.84100643345184,2.0,losing,chaotic,attacking,attacking,pass_interception,pass,0.0448,1.0,0.0,3364,2011166.0,
2011166_2774_2786,,,,,,,,,,,,,,,,,,,,,,0.0448,1.0,0.0,3365,2011166.0,frame_missing
2011166_2774_2786,,,,,,,,,,,,,,,,,,,,,,0.0448,1.0,0.0,3366,2011166.0,frame_missing
2011166_2774_2786,,,,,,,,,,,,,,,,,,,,,,0.0448,1.0,0.0,3367,2011166.0,frame_missing
2011166_2774_2786,,,,,,,,,,,,,,,,,,,,,,0.0448,1.0,0.0,3368,2011166.0,frame_missing
2011166_2774_2786,,,,,,,,,,,,,,,,,,,,,,0.0448,1.0,0.0,3369,2011166.0,frame_missing
2011166_2774_2786,2011166.0,2786.0,51685.0,51685.0,51714.0,Melbourne V FC,868.0,45.04406065176629,61.50176745427728,61.50176745427728,4.085743506389014,1.0,5.92746994931227,18.143286949228656,4.0,losing,chaotic,middle,middle,pass_interception,pass,0.0448,1.0,0.0,3370,2011166.0,
2011166_2840_2886,2011166.0,2840.0,53556.0,53578.0,50977.0,Melbourne V FC,868.0,36.136542446670234,69.20801759911926,69.20801759911926,0.0,2.0,8.440379138403676,20.52563458775736,1.0,winning,medium_block,middle,middle,recovery,pass,0.0145,0.0,1.0,3371,2011166.0,
2011166_2840_2886,,,,,,,,,,,,,,,,,,,,,,0.0145,0.0,1.0,3372,2011166.0,frame_missing
2011166_2840_2886,,,,,,,,,,,,,,,,,,,,,,0.0145,0.0,1.0,3373,2011166.0,frame_missing
2011166_2840_2886,,,,,,,,,,,,,,,,,,,,,,0.0145,0.0,1.0,3374,2011166.0,frame_missing
2011166_2840_2886,,,,,,,,,,,,,,,,,,,,,,0.0145,0.0,1.0,3375,2011166.0,frame_missing
2011166_2840_2886,,,,,,,,,,,,,,,,,,,,,,0.0145,0.0,1.0,3376,2011166.0,frame_missing
2011166_2840_2886,,,,,,,,,,,,,,,,,,,,,,0.0145,0.0,1.0,3377,2011166.0,frame_missing
2011166_2840_2886,,,,,,,,,,,,,,,,,,,,,,0.0145,0.0,1.0,3378,2011166.0,frame_missing
2011166_2840_2886,,,,,,,,,,,,,,,,,,,,,,0.0145,0.0,1.0,3379,2011166.0,frame_missing
2011166_2840_2886,,,,,,,,,,,,,,,,,,,,,,0.0145,0.0,1.0,3380,2011166.0,frame_missing
2011166_2840_2886,,,,,,,,,,,,,,,,,,,,,,0.0145,0.0,1.0,3381,2011166.0,frame_missing
2011166_2840_2886,,,,,,,,,,,,,,,,,,,,,,0.0145,0.0,1.0,3382,2011166.0,frame_missing
2011166_2840_2886,,,,,,,,,,,,,,,,,,,,,,0.0145,0.0,1.0,3383,2011166.0,frame_missing
2011166_2840_2886,,,,,,,,,,,,,,,,,,,,,,0.0145,0.0,1.0,3384,2011166.0,frame_missing
2011166_2840_2886,,,,,,,,,,,,,,,,,,,,,,0.0145,0.0,1.0,3385,2011166.0,frame_missing
2011166_2840_2886,2011166.0,2877.0,53740.0,53748.0,42510.0,Wellington P FC,867.0,37.29227802105954,79.61352900104353,79.61352900104353,7.146474655380791,0.0,5.794100447869365,22.1797501348201,11.0,winning,medium_block,defensive,defensive,pass_interception,pass,0.0145,0.0,1.0,3386,2011166.0,
2011166_2840_2886,,,,,,,,,,,,,,,,,,,,,,0.0145,0.0,1.0,3387,2011166.0,frame_missing
2011166_2840_2886,,,,,,,,,,,,,,,,,,,,,,0.0145,0.0,1.0,3388,2011166.0,frame_missing
2011166_2840_2886,,,,,,,,,,,,,,,,,,,,,,0.0145,0.0,1.0,3389,2011166.0,frame_missing
2011166_2877_2893,2011166.0,2877.0,53740.0,53748.0,42510.0,Wellington P FC,867.0,37.29227802105954,79.61352900104353,79.61352900104353,7.146474655380791,0.0,5.794100447869365,22.1797501348201,11.0,losing,high_block,defensive,defensive,pass_interception,pass,0.0271,1.0,0.0,3390,2011166.0,
2011166_2877_2893,,,,,,,,,,,,,,,,,,,,,,0.0271,1.0,0.0,3391,2011166.0,frame_missing
2011166_2877_2893,,,,,,,,,,,,,,,,,,,,,,0.0271,1.0,0.0,3392,2011166.0,frame_missing
2011166_2877_2893,,,,,,,,,,,,,,,,,,,,,,0.0271,1.0,0.0,3393,2011166.0,frame_missing
2011166_2877_2893,,,,,,,,,,,,,,,,,,,,,,0.0271,1.0,0.0,3394,2011166.0,frame_missing
2011166_2877_2893,2011166.0,2893.0,53870.0,53884.0,51714.0,Melbourne V FC,868.0,17.341585855970617,88.55411114115482,17.341585855970617,6.648699120880716,0.0,9.71333619309041,24.15005886430069,6.0,losing,high_block,defensive,defensive,pass_interception,pass,0.0271,1.0,0.0,3395,2011166.0,
2011166_2899_2916,2011166.0,2899.0,53901.0,53901.0,51028.0,Wellington P FC,867.0,31.009382451122757,89.4588274012129,89.4588274012129,8.463693047364139,0.0,5.306147378277391,26.86540620961773,9.0,losing,high_block,defensive,defensive,pass_interception,pass,0.0034,0.0,0.0,3396,2011166.0,
2011166_2899_2916,,,,,,,,,,,,,,,,,,,,,,0.0034,0.0,0.0,3397,2011166.0,frame_missing
2011166_2899_2916,,,,,,,,,,,,,,,,,,,,,,0.0034,0.0,0.0,3398,2011166.0,frame_missing
2011166_2899_2916,,,,,,,,,,,,,,,,,,,,,,0.0034,0.0,0.0,3399,2011166.0,frame_missing
2011166_2899_2916,,,,,,,,,,,,,,,,,,,,,,0.0034,0.0,0.0,3400,2011166.0,frame_missing
2011166_2899_2916,,,,,,,,,,,,,,,,,,,,,,0.0034,0.0,0.0,3401,2011166.0,frame_missing
2011166_2899_2916,,,,,,,,,,,,,,,,,,,,,,0.0034,0.0,0.0,3402,2011166.0,frame_missing
2011166_2899_2916,,,,,,,,,,,,,,,,,,,,,,0.0034,0.0,0.0,3403,2011166.0,frame_missing
2011166_2899_2916,,,,,,,,,,,,,,,,,,,,,,0.0034,0.0,0.0,3404,2011166.0,frame_missing
2011166_2921_2932,2011166.0,2921.0,53993.0,53993.0,51017.0,Wellington P FC,867.0,47.270981584900476,69.12051576775161,69.12051576775161,24.731457700669402,0.0,17.853305016158775,33.56550080480476,6.0,losing,medium_block,middle,middle,pass_interception,pass,0.0172,0.0,0.0,3405,2011166.0,
2011166_2921_2932,,,,,,,,,,,,,,,,,,,,,,0.0172,0.0,0.0,3406,2011166.0,frame_missing
2011166_2921_2932,,,,,,,,,,,,,,,,,,,,,,0.0172,0.0,0.0,3407,2011166.0,frame_missing
2011166_2921_2932,,,,,,,,,,,,,,,,,,,,,,0.0172,0.0,0.0,3408,2011166.0,frame_missing
2011166_2921_2932,,,,,,,,,,,,,,,,,,,,,,,,,3409,,no_player_id
2011166_3247_3278,2011166.0,3247.0,58546.0,58546.0,51017.0,Wellington P FC,867.0,43.77865347403915,74.34023473194041,74.34023473194041,3.9866401894326993,1.0,6.561745194687158,22.351779757945362,5.0,losing,defending_transition,middle,middle,recovery,pass,0.0616,1.0,0.0,3410,2011166.0,
2011166_3247_3278,,,,,,,,,,,,,,,,,,,,,,0.0616,1.0,0.0,3411,2011166.0,frame_missing
2011166_3247_3278,,,,,,,,,,,,,,,,,,,,,,0.0616,1.0,0.0,3412,2011166.0,frame_missing
2011166_3247_3278,,,,,,,,,,,,,,,,,,,,,,0.0616,1.0,0.0,3413,2011166.0,frame_missing
2011166_3247_3278,,,,,,,,,,,,,,,,,,,,,,0.0616,1.0,0.0,3414,2011166.0,frame_missing
2011166_3247_3278,,,,,,,,,,,,,,,,,,,,,,0.0616,1.0,0.0,3415,2011166.0,frame_missing
2011166_3247_3278,,,,,,,,,,,,,,,,,,,,,,,,,3416,,no_player_id
2011166_3247_3278,,,,,,,,,,,,,,,,,,,,,,0.0616,1.0,0.0,3417,2011166.0,frame_missing
2011166_3247_3278,,,,,,,,,,,,,,,,,,,,,,0.0616,1.0,0.0,3418,2011166.0,frame_missing
2011166_3247_3278,,,,,,,,,,,,,,,,,,,,,,0.0616,1.0,0.0,3419,2011166.0,frame_missing
2011166_3247_3278,,,,,,,,,,,,,,,,,,,,,,0.0616,1.0,0.0,3420,2011166.0,frame_missing
2011166_3247_3278,,,,,,,,,,,,,,,,,,,,,,0.0616,1.0,0.0,3421,2011166.0,frame_missing
2011166_3247_3278,,,,,,,,,,,,,,,,,,,,,,0.0616,1.0,0.0,3422,2011166.0,frame_missing
2011166_3247_3278,,,,,,,,,,,,,,,,,,,,,,0.0616,1.0,0.0,3423,2011166.0,frame_missing
2011166_3247_3278,,,,,,,,,,,,,,,,,,,,,,0.0616,1.0,0.0,3424,2011166.0,frame_missing
2011166_3323_3331,2011166.0,3323.0,59637.0,59637.0,51017.0,Wellington P FC,867.0,56.13677048067514,63.39272040226701,56.13677048067514,18.151022009793277,0.0,15.53634448639705,27.049231981740935,7.0,losing,chaotic,middle,middle,pass_interception,pass,0.0041,0.0,0.0,3425,2011166.0,
2011166_3323_3331,,,,,,,,,,,,,,,,,,,,,,0.0041,0.0,0.0,3426,2011166.0,frame_missing
2011166_3323_3331,,,,,,,,,,,,,,,,,,,,,,,,,3427,,no_player_id
2011166_3323_3331,,,,,,,,,,,,,,,,,,,,,,0.0041,0.0,0.0,3428,2011166.0,frame_missing
2011166_3367_3390,2011166.0,3367.0,60156.0,60174.0,51046.0,Wellington P FC,867.0,47.39820777202446,62.259056369334736,47.39820777202446,3.1750590545689072,1.0,8.628609389698898,17.184699289477184,4.0,losing,medium_block,middle,middle,recovery,pass,0.0123,0.0,0.0,3429,2011166.0,
2011166_3367_3390,,,,,,,,,,,,,,,,,,,,,,0.0123,0.0,0.0,3430,2011166.0,frame_missing
2011166_3367_3390,,,,,,,,,,,,,,,,,,,,,,0.0123,0.0,0.0,3431,2011166.0,frame_missing
2011166_3367_3390,,,,,,,,,,,,,,,,,,,,,,0.0123,0.0,0.0,3432,2011166.0,frame_missing
2011166_3367_3390,,,,,,,,,,,,,,,,,,,,,,0.0123,0.0,0.0,3433,2011166.0,frame_missing
2011166_3367_3390,,,,,,,,,,,,,,,,,,,,,,0.0123,0.0,0.0,3434,2011166.0,frame_missing
2011166_3367_3390,,,,,,,,,,,,,,,,,,,,,,0.0123,0.0,0.0,3435,2011166.0,frame_missing
2011166_3367_3390,,,,,,,,,,,,,,,,,,,,,,0.0123,0.0,0.0,3436,2011166.0,frame_missing
2011166_3367_3390,,,,,,,,,,,,,,,,,,,,,,0.0123,0.0,0.0,3437,2011166.0,frame_missing
2011166_3434_3435,2011166.0,3434.0,60533.0,60533.0,7698.0,Melbourne V FC,868.0,3.8967935536797444,101.33846752344344,101.33846752344344,17.000814686361355,0.0,14.328632174775095,35.316043341165994,0.0,winning,chaotic,attacking,attacking,pass_interception,pass,,,0.0,3438,2011166.0,
2011166_3434_3435,,,,,,,,,,,,,,,,,,,,,,,,0.0,3439,2011166.0,frame_missing
2011166_3436_3450,2011166.0,3436.0,62132.0,62178.0,51017.0,Wellington P FC,867.0,23.692192806914264,81.32355132432424,23.692192806914264,3.4381681168901546,1.0,3.8532324092896344,14.059822040698975,5.0,losing,defending_set_play,attacking,attacking,recovery,pass,0.0406,1.0,1.0,3440,2011166.0,
2011166_3436_3450,,,,,,,,,,,,,,,,,,,,,,0.0406,1.0,1.0,3441,2011166.0,frame_missing
2011166_3436_3450,,,,,,,,,,,,,,,,,,,,,,0.0406,1.0,1.0,3442,2011166.0,frame_missing
2011166_3436_3450,,,,,,,,,,,,,,,,,,,,,,0.0406,1.0,1.0,3443,2011166.0,frame_missing
2011166_3436_3450,,,,,,,,,,,,,,,,,,,,,,0.0406,1.0,1.0,3444,2011166.0,frame_missing
2011166_3436_3450,,,,,,,,,,,,,,,,,,,,,,0.0406,1.0,1.0,3445,2011166.0,frame_missing
2011166_3463_3466,2011166.0,3463.0,62673.0,62673.0,50955.0,Melbourne V FC,868.0,21.73408843269025,93.53325932522613,93.53325932522613,7.928682109909569,0.0,7.510825520540332,17.85420808407144,3.0,winning,chaotic,attacking,attacking,pass_interception,pass,0.0023,0.0,0.0,3446,2011166.0,
2011166_3463_3466,,,,,,,,,,,,,,,,,,,,,,0.0023,0.0,0.0,3447,2011166.0,frame_missing
2011166_3463_3466,,,,,,,,,,,,,,,,,,,,,,0.0023,0.0,0.0,3448,2011166.0,frame_missing
2011166_3484_3500,2011166.0,3484.0,63549.0,63549.0,51015.0,Wellington P FC,867.0,45.65859064842015,67.67205405483122,67.67205405483122,3.6358492818047337,1.0,7.481604106072441,16.788151115173864,8.0,losing,chaotic,middle,middle,pass_interception,pass,0.03,1.0,0.0,3449,2011166.0,
2011166_3484_3500,,,,,,,,,,,,,,,,,,,,,,0.03,1.0,0.0,3450,2011166.0,frame_missing
2011166_3484_3500,,,,,,,,,,,,,,,,,,,,,,0.03,1.0,0.0,3451,2011166.0,frame_missing
2011166_3484_3500,,,,,,,,,,,,,,,,,,,,,,0.03,1.0,0.0,3452,2011166.0,frame_missing
2011166_3484_3500,,,,,,,,,,,,,,,,,,,,,,0.03,1.0,0.0,3453,2011166.0,frame_missing
2011166_3503_3515,2011166.0,3503.0,63654.0,63654.0,159688.0,Melbourne V FC,868.0,31.32856204807364,76.12278765258141,76.12278765258141,7.588155243535806,0.0,8.518931857926793,22.550890080146665,3.0,winning,chaotic,attacking,attacking,pass_interception,pass,0.005,0.0,0.0,3454,2011166.0,
2011166_3503_3515,,,,,,,,,,,,,,,,,,,,,,0.005,0.0,0.0,3455,2011166.0,frame_missing
2011166_3503_3515,,,,,,,,,,,,,,,,,,,,,,0.005,0.0,0.0,3456,2011166.0,frame_missing
2011166_3503_3515,,,,,,,,,,,,,,,,,,,,,,0.005,0.0,0.0,3457,2011166.0,frame_missing
2011166_3503_3515,,,,,,,,,,,,,,,,,,,,,,0.005,0.0,0.0,3458,2011166.0,frame_missing
2011166_3503_3515,,,,,,,,,,,,,,,,,,,,,,,,,3459,,no_player_id
2011166_3520_3548,2011166.0,3520.0,63834.0,63854.0,51015.0,Wellington P FC,867.0,52.42667355459432,63.82519956882235,52.42667355459432,6.917116451238911,0.0,5.718644944390235,25.67358606929374,9.0,losing,medium_block,middle,middle,recovery,pass,0.0188,0.0,0.0,3460,2011166.0,
2011166_3520_3548,,,,,,,,,,,,,,,,,,,,,,0.0188,0.0,0.0,3461,2011166.0,frame_missing
2011166_3520_3548,,,,,,,,,,,,,,,,,,,,,,0.0188,0.0,0.0,3462,2011166.0,frame_missing
2011166_3520_3548,,,,,,,,,,,,,,,,,,,,,,,,,3463,,no_player_id
2011166_3520_3548,,,,,,,,,,,,,,,,,,,,,,0.0188,0.0,0.0,3464,2011166.0,frame_missing
2011166_3520_3548,2011166.0,3535.0,63928.0,63975.0,50955.0,Melbourne V FC,868.0,61.498940641282594,61.77151204236464,61.498940641282594,3.2480455661828396,1.0,6.981095902506998,23.16264224126812,4.0,losing,medium_block,middle,middle,recovery,pass,0.0188,0.0,0.0,3465,2011166.0,
2011166_3520_3548,,,,,,,,,,,,,,,,,,,,,,0.0188,0.0,0.0,3466,2011166.0,frame_missing
2011166_3520_3548,,,,,,,,,,,,,,,,,,,,,,,,,3467,,no_player_id
2011166_3535_3560,2011166.0,3535.0,63928.0,63975.0,50955.0,Melbourne V FC,868.0,61.498940641282594,61.77151204236464,61.498940641282594,3.2480455661828396,1.0,6.981095902506998,23.16264224126812,4.0,winning,defending_quick_break,middle,middle,recovery,pass,0.0188,0.0,0.0,3468,2011166.0,
2011166_3535_3560,,,,,,,,,,,,,,,,,,,,,,0.0188,0.0,0.0,3469,2011166.0,frame_missing
2011166_3535_3560,,,,,,,,,,,,,,,,,,,,,,,,,3470,,no_player_id
2011166_3535_3560,,,,,,,,,,,,,,,,,,,,,,0.0188,0.0,0.0,3471,2011166.0,frame_missing
2011166_3535_3560,,,,,,,,,,,,,,,,,,,,,,0.0188,0.0,0.0,3472,2011166.0,frame_missing
2011166_3535_3560,,,,,,,,,,,,,,,,,,,,,,0.0188,0.0,0.0,3473,2011166.0,frame_missing
2011166_3535_3560,,,,,,,,,,,,,,,,,,,,,,0.0188,0.0,0.0,3474,2011166.0,frame_missing
2011166_3535_3560,,,,,,,,,,,,,,,,,,,,,,0.0188,0.0,0.0,3475,2011166.0,frame_missing
2011166_3617_3644,2011166.0,3617.0,64479.0,64486.0,50979.0,Melbourne V FC,868.0,43.01830424365888,78.02803662786859,43.01830424365888,1.9686543627564486,2.0,2.020940375171913,16.65908218549508,6.0,winning,low_block,defensive,defensive,pass_interception,pass,0.006,0.0,0.0,3476,2011166.0,
2011166_3617_3644,,,,,,,,,,,,,,,,,,,,,,0.006,0.0,0.0,3477,2011166.0,frame_missing
2011166_3617_3644,,,,,,,,,,,,,,,,,,,,,,0.006,0.0,0.0,3478,2011166.0,frame_missing
2011166_3617_3644,,,,,,,,,,,,,,,,,,,,,,0.006,0.0,0.0,3479,2011166.0,frame_missing
2011166_3617_3644,,,,,,,,,,,,,,,,,,,,,,,,,3480,,no_player_id
2011166_3617_3644,,,,,,,,,,,,,,,,,,,,,,0.006,0.0,0.0,3481,2011166.0,frame_missing
2011166_3617_3644,,,,,,,,,,,,,,,,,,,,,,0.006,0.0,0.0,3482,2011166.0,frame_missing
2011166_3617_3644,,,,,,,,,,,,,,,,,,,,,,0.006,0.0,0.0,3483,2011166.0,frame_missing
2011166_3617_3644,,,,,,,,,,,,,,,,,,,,,,0.006,0.0,0.0,3484,2011166.0,frame_missing
2011166_3617_3644,,,,,,,,,,,,,,,,,,,,,,0.006,0.0,0.0,3485,2011166.0,frame_missing
2011166_3617_3644,,,,,,,,,,,,,,,,,,,,,,0.006,0.0,0.0,3486,2011166.0,frame_missing
2011166_3617_3644,,,,,,,,,,,,,,,,,,,,,,0.006,0.0,0.0,3487,2011166.0,frame_missing
2011166_3617_3644,,,,,,,,,,,,,,,,,,,,,,0.006,0.0,0.0,3488,2011166.0,frame_missing
2011166_3617_3644,,,,,,,,,,,,,,,,,,,,,,0.006,0.0,0.0,3489,2011166.0,frame_missing
2011166_3617_3644,,,,,,,,,,,,,,,,,,,,,,,,,3490,,no_player_id
2011166_3760_3761,2011166.0,3760.0,66335.0,66425.0,51013.0,Melbourne V FC,868.0,10.745533956020989,94.50537815383841,94.50537815383841,5.155046071569099,0.0,8.402904259837786,25.873577691854294,0.0,winning,high_block,attacking,attacking,pass_interception,pass,0.0028,0.0,0.0,3491,2011166.0,
2011166_3760_3761,,,,,,,,,,,,,,,,,,,,,,0.0028,0.0,0.0,3492,2011166.0,frame_missing
2011166_3801_3805,,,,,,,,,,,,,,,,,,,,,,,,,3493,,no_player_id
2011166_3801_3805,,,,,,,,,,,,,,,,,,,,,,,,0.0,3494,2011166.0,frame_missing
2011166_3801_3805,,,,,,,,,,,,,,,,,,,,,,,,,3495,,no_player_id
2011166_3809_3824,2011166.0,3809.0,67494.0,67494.0,972687.0,Wellington P FC,867.0,51.16949872726916,65.56155580826312,51.16949872726916,9.487660407076131,0.0,13.870836312205547,29.25948869615555,9.0,losing,defending_transition,middle,middle,recovery,pass,0.0109,0.0,0.0,3496,2011166.0,
2011166_3809_3824,,,,,,,,,,,,,,,,,,,,,,0.0109,0.0,0.0,3497,2011166.0,frame_missing
2011166_3809_3824,,,,,,,,,,,,,,,,,,,,,,0.0109,0.0,0.0,3498,2011166.0,frame_missing
2011166_3809_3824,,,,,,,,,,,,,,,,,,,,,,0.0109,0.0,0.0,3499,2011166.0,frame_missing
2011166_3809_3824,,,,,,,,,,,,,,,,,,,,,,,,,3500,,no_player_id
2011166_3885_3891,2011166.0,3885.0,69298.0,69305.0,698141.0,Wellington P FC,867.0,43.84200041056521,64.09540545156104,64.09540545156104,15.993129775000263,0.0,13.553733802904645,36.217854065548565,10.0,losing,medium_block,middle,middle,recovery,pass,0.0103,0.0,0.0,3501,2011166.0,
2011166_3885_3891,,,,,,,,,,,,,,,,,,,,,,0.0103,0.0,0.0,3502,2011166.0,frame_missing
2011166_3956_3962,,,,,,,,,,,,,,,,,,,,,,,,,3503,,no_player_id
2011166_3956_3962,,,,,,,,,,,,,,,,,,,,,,,,0.0,3504,2011166.0,frame_missing
2011166_3956_3962,,,,,,,,,,,,,,,,,,,,,,,,0.0,3505,2011166.0,frame_missing
2011166_3956_3962,,,,,,,,,,,,,,,,,,,,,,,,0.0,3506,2011166.0,frame_missing
2011166_3956_3962,,,,,,,,,,,,,,,,,,,,,,,,,3507,,no_player_id
2013725_50_56,2013725.0,50.0,4437.0,4455.0,931987.0,Sydney FC,869.0,15.22732412474365,90.81614063590239,90.81614063590239,24.869187763173933,0.0,24.67761131065971,44.97962667053175,0.0,drawing,chaotic,attacking,attacking,pass_interception,pass,0.0,0.0,0.0,3508,2013725.0,
2013725_50_56,,,,,,,,,,,,,,,,,,,,,,0.0,0.0,0.0,3509,2013725.0,frame_missing
2013725_50_56,,,,,,,,,,,,,,,,,,,,,,,,,3510,,no_player_id
2013725_150_164,2013725.0,150.0,5491.0,5491.0,795544.0,Sydney FC,869.0,52.71948501265922,59.211013333669605,59.211013333669605,4.7003829631211955,1.0,7.036511919978533,18.074629474579186,4.0,drawing,medium_block,middle,middle,pass_interception,pass,0.1925,1.0,0.0,3511,2013725.0,
2013725_150_164,,,,,,,,,,,,,,,,,,,,,,0.1925,1.0,0.0,3512,2013725.0,frame_missing
2013725_150_164,,,,,,,,,,,,,,,,,,,,,,0.1925,1.0,0.0,3513,2013725.0,frame_missing
2013725_150_164,,,,,,,,,,,,,,,,,,,,,,0.1925,1.0,0.0,3514,2013725.0,frame_missing
2013725_150_164,,,,,,,,,,,,,,,,,,,,,,0.1925,1.0,0.0,3515,2013725.0,frame_missing
2013725_150_164,,,,,,,,,,,,,,,,,,,,,,0.1925,1.0,0.0,3516,2013725.0,frame_missing
2013725_150_164,,,,,,,,,,,,,,,,,,,,,,0.1925,1.0,0.0,3517,2013725.0,frame_missing
2013725_150_164,,,,,,,,,,,,,,,,,,,,,,0.1925,1.0,0.0,3518,2013725.0,frame_missing
2013725_150_174,2013725.0,150.0,5491.0,5491.0,795544.0,Sydney FC,869.0,52.71948501265922,59.211013333669605,59.211013333669605,4.7003829631211955,1.0,7.036511919978533,18.074629474579186,4.0,drawing,medium_block,middle,middle,pass_interception,pass,0.1925,1.0,0.0,3519,2013725.0,
2013725_150_174,,,,,,,,,,,,,,,,,,,,,,0.1925,1.0,0.0,3520,2013725.0,frame_missing
2013725_150_174,,,,,,,,,,,,,,,,,,,,,,0.1925,1.0,0.0,3521,2013725.0,frame_missing
2013725_150_174,,,,,,,,,,,,,,,,,,,,,,0.1925,1.0,0.0,3522,2013725.0,frame_missing
2013725_150_174,,,,,,,,,,,,,,,,,,,,,,0.1925,1.0,0.0,3523,2013725.0,frame_missing
2013725_150_174,,,,,,,,,,,,,,,,,,,,,,0.1925,1.0,0.0,3524,2013725.0,frame_missing
2013725_150_174,,,,,,,,,,,,,,,,,,,,,,0.1925,1.0,0.0,3525,2013725.0,frame_missing
2013725_150_174,,,,,,,,,,,,,,,,,,,,,,0.1925,1.0,0.0,3526,2013725.0,frame_missing
2013725_150_174,,,,,,,,,,,,,,,,,,,,,,0.1925,1.0,0.0,3527,2013725.0,frame_missing
2013725_150_174,,,,,,,,,,,,,,,,,,,,,,0.1925,1.0,0.0,3528,2013725.0,frame_missing
2013725_150_174,,,,,,,,,,,,,,,,,,,,,,0.1925,1.0,0.0,3529,2013725.0,frame_missing
2013725_405_431,2013725.0,405.0,8601.0,8611.0,133854.0,Sydney FC,869.0,21.373558430921136,83.6309093577249,21.373558430921136,8.452366532516203,0.0,8.412663074199513,25.655621730241347,8.0,losing,defending_quick_break,defensive,defensive,pass_interception,pass,0.0211,1.0,3.0,3530,2013725.0,
2013725_405_431,,,,,,,,,,,,,,,,,,,,,,0.0211,1.0,3.0,3531,2013725.0,frame_missing
2013725_405_431,,,,,,,,,,,,,,,,,,,,,,0.0211,1.0,3.0,3532,2013725.0,frame_missing
2013725_405_431,,,,,,,,,,,,,,,,,,,,,,0.0211,1.0,3.0,3533,2013725.0,frame_missing
2013725_405_431,,,,,,,,,,,,,,,,,,,,,,0.0211,1.0,3.0,3534,2013725.0,frame_missing
2013725_405_431,,,,,,,,,,,,,,,,,,,,,,0.0211,1.0,3.0,3535,2013725.0,frame_missing
2013725_405_431,,,,,,,,,,,,,,,,,,,,,,,,,3536,,no_player_id
2013725_405_431,,,,,,,,,,,,,,,,,,,,,,0.0211,1.0,3.0,3537,2013725.0,frame_missing
2013725_405_431,2013725.0,431.0,8776.0,8806.0,26844.0,Western United,1803.0,28.252097267282654,94.03872074842363,94.03872074842363,4.16289562684437,2.0,6.917586284246835,19.813847462206418,4.0,losing,defending_quick_break,defensive,defensive,recovery,pass,0.0211,1.0,3.0,3538,2013725.0,
2013725_436_461,2013725.0,436.0,8821.0,8836.0,51048.0,Sydney FC,869.0,37.736079552597936,68.84701663834097,37.736079552597936,0.0,1.0,7.170160388722137,24.921797203381576,1.0,losing,low_block,middle,middle,pass_interception,pass,0.0123,0.0,0.0,3539,2013725.0,
2013725_436_461,,,,,,,,,,,,,,,,,,,,,,0.0123,0.0,0.0,3540,2013725.0,frame_missing
2013725_436_461,,,,,,,,,,,,,,,,,,,,,,0.0123,0.0,0.0,3541,2013725.0,frame_missing
2013725_436_461,,,,,,,,,,,,,,,,,,,,,,0.0123,0.0,0.0,3542,2013725.0,frame_missing
2013725_436_461,,,,,,,,,,,,,,,,,,,,,,0.0123,0.0,0.0,3543,2013725.0,frame_missing
2013725_436_461,,,,,,,,,,,,,,,,,,,,,,0.0123,0.0,0.0,3544,2013725.0,frame_missing
2013725_436_461,,,,,,,,,,,,,,,,,,,,,,0.0123,0.0,0.0,3545,2013725.0,frame_missing
2013725_436_461,,,,,,,,,,,,,,,,,,,,,,0.0123,0.0,0.0,3546,2013725.0,frame_missing
2013725_436_461,,,,,,,,,,,,,,,,,,,,,,0.0123,0.0,0.0,3547,2013725.0,frame_missing
2013725_436_461,,,,,,,,,,,,,,,,,,,,,,0.0123,0.0,0.0,3548,2013725.0,frame_missing
2013725_592_603,2013725.0,592.0,10035.0,10045.0,51045.0,Sydney FC,869.0,31.051771286031332,76.60099542434158,76.60099542434158,9.797698709390895,0.0,8.768226730645141,19.66571507087433,7.0,losing,chaotic,attacking,attacking,recovery,pass,0.003,0.0,0.0,3549,2013725.0,
2013725_592_603,,,,,,,,,,,,,,,,,,,,,,0.003,0.0,0.0,3550,2013725.0,frame_missing
2013725_592_603,,,,,,,,,,,,,,,,,,,,,,0.003,0.0,0.0,3551,2013725.0,frame_missing
2013725_592_603,,,,,,,,,,,,,,,,,,,,,,,,,3552,,no_player_id
2013725_592_603,,,,,,,,,,,,,,,,,,,,,,0.003,0.0,0.0,3553,2013725.0,frame_missing
2013725_592_603,,,,,,,,,,,,,,,,,,,,,,0.003,0.0,0.0,3554,2013725.0,frame_missing
2013725_844_850,2013725.0,844.0,13008.0,13008.0,51000.0,Sydney FC,869.0,43.397623206807076,61.95525562855826,61.95525562855826,8.306702113354012,0.0,11.636361115056545,27.168116772356417,1.0,losing,chaotic,middle,middle,pass_interception,pass,0.0105,0.0,0.0,3555,2013725.0,
2013725_844_850,,,,,,,,,,,,,,,,,,,,,,0.0105,0.0,0.0,3556,2013725.0,frame_missing
2013725_980_992,2013725.0,980.0,14977.0,15012.0,560894.0,Sydney FC,869.0,49.63150713004795,57.94727344750571,49.63150713004795,9.255160722537454,0.0,11.645565679691131,26.519708005397153,1.0,losing,medium_block,middle,middle,pass_interception,pass,0.0173,0.0,0.0,3557,2013725.0,
2013725_980_992,,,,,,,,,,,,,,,,,,,,,,0.0173,0.0,0.0,3558,2013725.0,frame_missing
2013725_980_992,,,,,,,,,,,,,,,,,,,,,,0.0173,0.0,0.0,3559,2013725.0,frame_missing
2013725_980_992,,,,,,,,,,,,,,,,,,,,,,0.0173,0.0,0.0,3560,2013725.0,frame_missing
2013725_980_992,,,,,,,,,,,,,,,,,,,,,,0.0173,0.0,0.0,3561,2013725.0,frame_missing
2013725_1206_1240,,,,,,,,,,,,,,,,,,,,,,,,,3562,,no_player_id
2013725_1206_1240,,,,,,,,,,,,,,,,,,,,,,0.0004,0.0,0.0,3563,2013725.0,frame_missing
2013725_1206_1240,,,,,,,,,,,,,,,,,,,,,,0.0004,0.0,0.0,3564,2013725.0,frame_missing
2013725_1206_1240,,,,,,,,,,,,,,,,,,,,,,0.0004,0.0,0.0,3565,2013725.0,frame_missing
2013725_1206_1240,,,,,,,,,,,,,,,,,,,,,,0.0004,0.0,0.0,3566,2013725.0,frame_missing
2013725_1206_1240,,,,,,,,,,,,,,,,,,,,,,0.0004,0.0,0.0,3567,2013725.0,frame_missing
2013725_1206_1240,,,,,,,,,,,,,,,,,,,,,,0.0004,0.0,0.0,3568,2013725.0,frame_missing
2013725_1206_1240,,,,,,,,,,,,,,,,,,,,,,0.0004,0.0,0.0,3569,2013725.0,frame_missing
2013725_1206_1240,,,,,,,,,,,,,,,,,,,,,,0.0004,0.0,0.0,3570,2013725.0,frame_missing
2013725_1206_1240,,,,,,,,,,,,,,,,,,,,,,0.0004,0.0,0.0,3571,2013725.0,frame_missing
2013725_1206_1240,,,,,,,,,,,,,,,,,,,,,,0.0004,0.0,0.0,3572,2013725.0,frame_missing
2013725_1206_1240,,,,,,,,,,,,,,,,,,,,,,0.0004,0.0,0.0,3573,2013725.0,frame_missing
2013725_1206_1240,,,,,,,,,,,,,,,,,,,,,,,,,3574,,no_player_id
2013725_1243_1263,2013725.0,1243.0,17764.0,17797.0,133854.0,Sydney FC,869.0,27.438542235330218,92.25114416634625,27.438542235330218,2.7436107595648496,1.0,9.894549004376094,32.40600655370811,11.0,losing,defending_quick_break,defensive,defensive,recovery,pass,0.0142,0.0,0.0,3575,2013725.0,
2013725_1243_1263,,,,,,,,,,,,,,,,,,,,,,0.0142,0.0,0.0,3576,2013725.0,frame_missing
2013725_1243_1263,,,,,,,,,,,,,,,,,,,,,,0.0142,0.0,0.0,3577,2013725.0,frame_missing
2013725_1243_1263,,,,,,,,,,,,,,,,,,,,,,0.0142,0.0,0.0,3578,2013725.0,frame_missing
2013725_1243_1263,,,,,,,,,,,,,,,,,,,,,,0.0142,0.0,0.0,3579,2013725.0,frame_missing
2013725_1243_1263,,,,,,,,,,,,,,,,,,,,,,0.0142,0.0,0.0,3580,2013725.0,frame_missing
2013725_1243_1263,,,,,,,,,,,,,,,,,,,,,,0.0142,0.0,0.0,3581,2013725.0,frame_missing
2013725_1243_1263,,,,,,,,,,,,,,,,,,,,,,0.0142,0.0,0.0,3582,2013725.0,frame_missing
2013725_1243_1263,,,,,,,,,,,,,,,,,,,,,,0.0142,0.0,0.0,3583,2013725.0,frame_missing
2013725_1243_1263,,,,,,,,,,,,,,,,,,,,,,0.0142,0.0,0.0,3584,2013725.0,frame_missing
2013725_1243_1263,,,,,,,,,,,,,,,,,,,,,,0.0142,0.0,0.0,3585,2013725.0,frame_missing
2013725_1243_1263,,,,,,,,,,,,,,,,,,,,,,0.0142,0.0,0.0,3586,2013725.0,frame_missing
2013725_1312_1347,2013725.0,1312.0,18459.0,18459.0,51045.0,Sydney FC,869.0,40.933995651536385,66.91032805180379,66.91032805180379,2.7596014204953585,1.0,7.004120215987157,22.34194632314998,6.0,losing,medium_block,middle,middle,recovery,pass,0.015,0.0,0.0,3587,2013725.0,
2013725_1312_1347,,,,,,,,,,,,,,,,,,,,,,0.015,0.0,0.0,3588,2013725.0,frame_missing
2013725_1312_1347,,,,,,,,,,,,,,,,,,,,,,0.015,0.0,0.0,3589,2013725.0,frame_missing
2013725_1312_1347,,,,,,,,,,,,,,,,,,,,,,0.015,0.0,0.0,3590,2013725.0,frame_missing
2013725_1312_1347,,,,,,,,,,,,,,,,,,,,,,0.015,0.0,0.0,3591,2013725.0,frame_missing
2013725_1312_1347,,,,,,,,,,,,,,,,,,,,,,0.015,0.0,0.0,3592,2013725.0,frame_missing
2013725_1312_1347,,,,,,,,,,,,,,,,,,,,,,0.015,0.0,0.0,3593,2013725.0,frame_missing
2013725_1312_1347,,,,,,,,,,,,,,,,,,,,,,0.015,0.0,0.0,3594,2013725.0,frame_missing
2013725_1312_1347,,,,,,,,,,,,,,,,,,,,,,0.015,0.0,0.0,3595,2013725.0,frame_missing
2013725_1312_1347,,,,,,,,,,,,,,,,,,,,,,0.015,0.0,0.0,3596,2013725.0,frame_missing
2013725_1312_1347,,,,,,,,,,,,,,,,,,,,,,0.015,0.0,0.0,3597,2013725.0,frame_missing
2013725_1312_1347,,,,,,,,,,,,,,,,,,,,,,0.015,0.0,0.0,3598,2013725.0,frame_missing
2013725_1312_1347,,,,,,,,,,,,,,,,,,,,,,0.015,0.0,0.0,3599,2013725.0,frame_missing
2013725_1312_1347,,,,,,,,,,,,,,,,,,,,,,0.015,0.0,0.0,3600,2013725.0,frame_missing
2013725_1312_1347,,,,,,,,,,,,,,,,,,,,,,0.015,0.0,0.0,3601,2013725.0,frame_missing
2013725_1352_1398,2013725.0,1352.0,19070.0,19097.0,133854.0,Sydney FC,869.0,41.34249387736545,69.7531490328573,69.7531490328573,13.197170151210447,0.0,9.373137148255113,26.097158707147432,10.0,losing,medium_block,middle,middle,recovery,pass,0.0036,0.0,0.0,3602,2013725.0,
2013725_1352_1398,,,,,,,,,,,,,,,,,,,,,,0.0036,0.0,0.0,3603,2013725.0,frame_missing
2013725_1352_1398,,,,,,,,,,,,,,,,,,,,,,0.0036,0.0,0.0,3604,2013725.0,frame_missing
2013725_1352_1398,,,,,,,,,,,,,,,,,,,,,,0.0036,0.0,0.0,3605,2013725.0,frame_missing
2013725_1352_1398,,,,,,,,,,,,,,,,,,,,,,0.0036,0.0,0.0,3606,2013725.0,frame_missing
2013725_1352_1398,,,,,,,,,,,,,,,,,,,,,,0.0036,0.0,0.0,3607,2013725.0,frame_missing
2013725_1352_1398,,,,,,,,,,,,,,,,,,,,,,0.0036,0.0,0.0,3608,2013725.0,frame_missing
2013725_1352_1398,,,,,,,,,,,,,,,,,,,,,,0.0036,0.0,0.0,3609,2013725.0,frame_missing
2013725_1352_1398,,,,,,,,,,,,,,,,,,,,,,0.0036,0.0,0.0,3610,2013725.0,frame_missing
2013725_1352_1398,,,,,,,,,,,,,,,,,,,,,,0.0036,0.0,0.0,3611,2013725.0,frame_missing
2013725_1352_1398,,,,,,,,,,,,,,,,,,,,,,0.0036,0.0,0.0,3612,2013725.0,frame_missing
2013725_1352_1398,,,,,,,,,,,,,,,,,,,,,,0.0036,0.0,0.0,3613,2013725.0,frame_missing
2013725_1352_1398,,,,,,,,,,,,,,,,,,,,,,0.0036,0.0,0.0,3614,2013725.0,frame_missing
2013725_1352_1398,,,,,,,,,,,,,,,,,,,,,,0.0036,0.0,0.0,3615,2013725.0,frame_missing
2013725_1352_1398,,,,,,,,,,,,,,,,,,,,,,,,,3616,,no_player_id
2013725_1352_1398,,,,,,,,,,,,,,,,,,,,,,0.0036,0.0,0.0,3617,2013725.0,frame_missing
2013725_1352_1398,,,,,,,,,,,,,,,,,,,,,,,,,3618,,no_player_id
2013725_1405_1416,2013725.0,1405.0,19780.0,19866.0,560894.0,Sydney FC,869.0,21.405637108014332,87.61222117946788,87.61222117946788,2.9605742686174934,2.0,3.612976612157901,19.14736947340848,2.0,losing,high_block,attacking,attacking,pass_interception,pass,0.0001,0.0,0.0,3619,2013725.0,
2013725_1405_1416,,,,,,,,,,,,,,,,,,,,,,0.0001,0.0,0.0,3620,2013725.0,frame_missing
2013725_1405_1416,,,,,,,,,,,,,,,,,,,,,,0.0001,0.0,0.0,3621,2013725.0,frame_missing
2013725_1405_1416,,,,,,,,,,,,,,,,,,,,,,0.0001,0.0,0.0,3622,2013725.0,frame_missing
2013725_1405_1416,,,,,,,,,,,,,,,,,,,,,,0.0001,0.0,0.0,3623,2013725.0,frame_missing
2013725_1405_1416,,,,,,,,,,,,,,,,,,,,,,,,,3624,,no_player_id
2013725_1508_1513,2013725.0,1508.0,20873.0,20878.0,795544.0,Sydney FC,869.0,38.33313188352864,75.42101166120752,75.42101166120752,3.3675658865120948,1.0,7.805030429152726,22.361912606262006,5.0,losing,chaotic,attacking,attacking,recovery,pass,0.027,1.0,0.0,3625,2013725.0,
2013725_1508_1513,,,,,,,,,,,,,,,,,,,,,,0.027,1.0,0.0,3626,2013725.0,frame_missing
2013725_1634_1644,2013725.0,1634.0,22348.0,22348.0,51045.0,Sydney FC,869.0,37.172959258041324,83.13319974594987,83.13319974594987,5.278276233771778,0.0,5.956953919580041,26.090657202121093,4.0,losing,high_block,attacking,attacking,pass_interception,pass,0.0058,0.0,0.0,3627,2013725.0,
2013725_1634_1644,,,,,,,,,,,,,,,,,,,,,,0.0058,0.0,0.0,3628,2013725.0,frame_missing
2013725_1634_1644,,,,,,,,,,,,,,,,,,,,,,0.0058,0.0,0.0,3629,2013725.0,frame_missing
2013725_1634_1644,,,,,,,,,,,,,,,,,,,,,,0.0058,0.0,0.0,3630,2013725.0,frame_missing
2013725_1634_1644,,,,,,,,,,,,,,,,,,,,,,0.0058,0.0,0.0,3631,2013725.0,frame_missing
2013725_1634_1644,,,,,,,,,,,,,,,,,,,,,,,,,3632,,no_player_id
2013725_1654_1669,2013725.0,1654.0,22408.0,22424.0,26844.0,Western United,1803.0,30.925531523322277,74.56264815576228,30.925531523322277,4.912117669600352,1.0,14.724934634829454,23.59721463775917,2.0,winning,defending_quick_break,attacking,attacking,recovery,pass,0.0435,1.0,0.0,3633,2013725.0,
2013725_1654_1669,,,,,,,,,,,,,,,,,,,,,,0.0435,1.0,0.0,3634,2013725.0,frame_missing
2013725_1654_1669,,,,,,,,,,,,,,,,,,,,,,0.0435,1.0,0.0,3635,2013725.0,frame_missing
2013725_1654_1669,,,,,,,,,,,,,,,,,,,,,,0.0435,1.0,0.0,3636,2013725.0,frame_missing
2013725_1654_1669,2013725.0,1669.0,22487.0,22487.0,18573.0,Sydney FC,869.0,19.44419964925273,88.3503078659039,88.3503078659039,9.039009901532362,0.0,9.075527532876533,26.940865536584187,7.0,winning,defending_quick_break,attacking,attacking,pass_interception,pass,0.0435,1.0,0.0,3637,2013725.0,
2013725_1794_1840,2013725.0,1794.0,24537.0,24548.0,560894.0,Sydney FC,869.0,40.14636471711978,65.23519448886468,65.23519448886468,4.7544189971015385,1.0,8.525960356464251,31.14258388954977,1.0,losing,medium_block,middle,middle,pass_interception,pass,0.0247,1.0,0.0,3638,2013725.0,
2013725_1794_1840,,,,,,,,,,,,,,,,,,,,,,0.0247,1.0,0.0,3639,2013725.0,frame_missing
2013725_1794_1840,,,,,,,,,,,,,,,,,,,,,,0.0247,1.0,0.0,3640,2013725.0,frame_missing
2013725_1794_1840,,,,,,,,,,,,,,,,,,,,,,0.0247,1.0,0.0,3641,2013725.0,frame_missing
2013725_1794_1840,,,,,,,,,,,,,,,,,,,,,,0.0247,1.0,0.0,3642,2013725.0,frame_missing
2013725_1794_1840,,,,,,,,,,,,,,,,,,,,,,0.0247,1.0,0.0,3643,2013725.0,frame_missing
2013725_1794_1840,,,,,,,,,,,,,,,,,,,,,,0.0247,1.0,0.0,3644,2013725.0,frame_missing
2013725_1794_1840,,,,,,,,,,,,,,,,,,,,,,0.0247,1.0,0.0,3645,2013725.0,frame_missing
2013725_1794_1840,,,,,,,,,,,,,,,,,,,,,,0.0247,1.0,0.0,3646,2013725.0,frame_missing
2013725_1794_1840,,,,,,,,,,,,,,,,,,,,,,0.0247,1.0,0.0,3647,2013725.0,frame_missing
2013725_1794_1840,,,,,,,,,,,,,,,,,,,,,,0.0247,1.0,0.0,3648,2013725.0,frame_missing
2013725_1794_1840,,,,,,,,,,,,,,,,,,,,,,0.0247,1.0,0.0,3649,2013725.0,frame_missing
2013725_1794_1840,,,,,,,,,,,,,,,,,,,,,,0.0247,1.0,0.0,3650,2013725.0,frame_missing
2013725_1794_1840,,,,,,,,,,,,,,,,,,,,,,0.0247,1.0,0.0,3651,2013725.0,frame_missing
2013725_1794_1840,,,,,,,,,,,,,,,,,,,,,,0.0247,1.0,0.0,3652,2013725.0,frame_missing
2013725_1794_1840,,,,,,,,,,,,,,,,,,,,,,0.0247,1.0,0.0,3653,2013725.0,frame_missing
2013725_1794_1840,,,,,,,,,,,,,,,,,,,,,,0.0247,1.0,0.0,3654,2013725.0,frame_missing
2013725_1867_1890,,,,,,,,,,,,,,,,,,,,,,,,,3655,,no_player_id
2013725_1867_1890,,,,,,,,,,,,,,,,,,,,,,0.0071,0.0,0.0,3656,2013725.0,frame_missing
2013725_1867_1890,,,,,,,,,,,,,,,,,,,,,,0.0071,0.0,0.0,3657,2013725.0,frame_missing
2013725_1867_1890,,,,,,,,,,,,,,,,,,,,,,0.0071,0.0,0.0,3658,2013725.0,frame_missing
2013725_1867_1890,,,,,,,,,,,,,,,,,,,,,,0.0071,0.0,0.0,3659,2013725.0,frame_missing
2013725_1867_1890,,,,,,,,,,,,,,,,,,,,,,0.0071,0.0,0.0,3660,2013725.0,frame_missing
2013725_1867_1890,,,,,,,,,,,,,,,,,,,,,,0.0071,0.0,0.0,3661,2013725.0,frame_missing
2013725_1867_1890,,,,,,,,,,,,,,,,,,,,,,0.0071,0.0,0.0,3662,2013725.0,frame_missing
2013725_1867_1890,,,,,,,,,,,,,,,,,,,,,,0.0071,0.0,0.0,3663,2013725.0,frame_missing
2013725_1867_1890,,,,,,,,,,,,,,,,,,,,,,0.0071,0.0,0.0,3664,2013725.0,frame_missing
2013725_1895_1966,2013725.0,1895.0,25530.0,25530.0,51644.0,Sydney FC,869.0,42.88553718912706,75.90763663821974,42.88553718912706,11.048352818406915,0.0,5.143150785267726,26.356037011034147,6.0,losing,medium_block,defensive,defensive,pass_interception,pass,0.0224,1.0,0.0,3665,2013725.0,
2013725_1895_1966,,,,,,,,,,,,,,,,,,,,,,0.0224,1.0,0.0,3666,2013725.0,frame_missing
2013725_1895_1966,,,,,,,,,,,,,,,,,,,,,,0.0224,1.0,0.0,3667,2013725.0,frame_missing
2013725_1895_1966,,,,,,,,,,,,,,,,,,,,,,0.0224,1.0,0.0,3668,2013725.0,frame_missing
2013725_1895_1966,,,,,,,,,,,,,,,,,,,,,,0.0224,1.0,0.0,3669,2013725.0,frame_missing
2013725_1895_1966,,,,,,,,,,,,,,,,,,,,,,0.0224,1.0,0.0,3670,2013725.0,frame_missing
2013725_1895_1966,,,,,,,,,,,,,,,,,,,,,,0.0224,1.0,0.0,3671,2013725.0,frame_missing
2013725_1895_1966,,,,,,,,,,,,,,,,,,,,,,0.0224,1.0,0.0,3672,2013725.0,frame_missing
2013725_1895_1966,,,,,,,,,,,,,,,,,,,,,,0.0224,1.0,0.0,3673,2013725.0,frame_missing
2013725_1895_1966,,,,,,,,,,,,,,,,,,,,,,0.0224,1.0,0.0,3674,2013725.0,frame_missing
2013725_1895_1966,,,,,,,,,,,,,,,,,,,,,,0.0224,1.0,0.0,3675,2013725.0,frame_missing
2013725_1895_1966,,,,,,,,,,,,,,,,,,,,,,0.0224,1.0,0.0,3676,2013725.0,frame_missing
2013725_1895_1966,,,,,,,,,,,,,,,,,,,,,,0.0224,1.0,0.0,3677,2013725.0,frame_missing
2013725_1895_1966,,,,,,,,,,,,,,,,,,,,,,0.0224,1.0,0.0,3678,2013725.0,frame_missing
2013725_1895_1966,,,,,,,,,,,,,,,,,,,,,,0.0224,1.0,0.0,3679,2013725.0,frame_missing
2013725_1895_1966,,,,,,,,,,,,,,,,,,,,,,0.0224,1.0,0.0,3680,2013725.0,frame_missing
2013725_1895_1966,,,,,,,,,,,,,,,,,,,,,,0.0224,1.0,0.0,3681,2013725.0,frame_missing
2013725_1895_1966,,,,,,,,,,,,,,,,,,,,,,0.0224,1.0,0.0,3682,2013725.0,frame_missing
2013725_1895_1966,,,,,,,,,,,,,,,,,,,,,,0.0224,1.0,0.0,3683,2013725.0,frame_missing
2013725_1895_1966,,,,,,,,,,,,,,,,,,,,,,0.0224,1.0,0.0,3684,2013725.0,frame_missing
2013725_1895_1966,,,,,,,,,,,,,,,,,,,,,,0.0224,1.0,0.0,3685,2013725.0,frame_missing
2013725_1895_1966,,,,,,,,,,,,,,,,,,,,,,0.0224,1.0,0.0,3686,2013725.0,frame_missing
2013725_1895_1966,,,,,,,,,,,,,,,,,,,,,,0.0224,1.0,0.0,3687,2013725.0,frame_missing
2013725_1895_1966,,,,,,,,,,,,,,,,,,,,,,0.0224,1.0,0.0,3688,2013725.0,frame_missing
2013725_1895_1966,,,,,,,,,,,,,,,,,,,,,,,,,3689,,no_player_id
2013725_1971_2012,2013725.0,1971.0,25976.0,26015.0,51000.0,Sydney FC,869.0,43.45674746227564,68.72764291025847,43.45674746227564,5.13319588560577,0.0,8.552946860585537,25.687364476131965,4.0,losing,low_block,middle,middle,recovery,pass,0.0019,0.0,0.0,3690,2013725.0,
2013725_1971_2012,,,,,,,,,,,,,,,,,,,,,,0.0019,0.0,0.0,3691,2013725.0,frame_missing
2013725_1971_2012,,,,,,,,,,,,,,,,,,,,,,0.0019,0.0,0.0,3692,2013725.0,frame_missing
2013725_1971_2012,,,,,,,,,,,,,,,,,,,,,,0.0019,0.0,0.0,3693,2013725.0,frame_missing
2013725_1971_2012,,,,,,,,,,,,,,,,,,,,,,0.0019,0.0,0.0,3694,2013725.0,frame_missing
2013725_1971_2012,,,,,,,,,,,,,,,,,,,,,,0.0019,0.0,0.0,3695,2013725.0,frame_missing
2013725_1971_2012,,,,,,,,,,,,,,,,,,,,,,0.0019,0.0,0.0,3696,2013725.0,frame_missing
2013725_1971_2012,,,,,,,,,,,,,,,,,,,,,,0.0019,0.0,0.0,3697,2013725.0,frame_missing
2013725_1971_2012,,,,,,,,,,,,,,,,,,,,,,0.0019,0.0,0.0,3698,2013725.0,frame_missing
2013725_1971_2012,,,,,,,,,,,,,,,,,,,,,,0.0019,0.0,0.0,3699,2013725.0,frame_missing
2013725_1971_2012,,,,,,,,,,,,,,,,,,,,,,0.0019,0.0,0.0,3700,2013725.0,frame_missing
2013725_1971_2012,,,,,,,,,,,,,,,,,,,,,,0.0019,0.0,0.0,3701,2013725.0,frame_missing
2013725_1971_2012,,,,,,,,,,,,,,,,,,,,,,0.0019,0.0,0.0,3702,2013725.0,frame_missing
2013725_1971_2012,,,,,,,,,,,,,,,,,,,,,,0.0019,0.0,0.0,3703,2013725.0,frame_missing
2013725_2050_2065,2013725.0,2050.0,26829.0,26836.0,18573.0,Sydney FC,869.0,52.98159869237621,57.41384676190927,52.98159869237621,7.9353197793157655,0.0,12.457519817363325,27.25117860752466,6.0,losing,medium_block,middle,middle,pass_interception,pass,0.0015,0.0,0.0,3704,2013725.0,
2013725_2050_2065,,,,,,,,,,,,,,,,,,,,,,0.0015,0.0,0.0,3705,2013725.0,frame_missing
2013725_2050_2065,,,,,,,,,,,,,,,,,,,,,,0.0015,0.0,0.0,3706,2013725.0,frame_missing
2013725_2050_2065,,,,,,,,,,,,,,,,,,,,,,0.0015,0.0,0.0,3707,2013725.0,frame_missing
2013725_2050_2065,,,,,,,,,,,,,,,,,,,,,,0.0015,0.0,0.0,3708,2013725.0,frame_missing
2013725_2050_2065,,,,,,,,,,,,,,,,,,,,,,0.0015,0.0,0.0,3709,2013725.0,frame_missing
2013725_2050_2065,,,,,,,,,,,,,,,,,,,,,,0.0015,0.0,0.0,3710,2013725.0,frame_missing
2013725_2072_2094,2013725.0,2072.0,26953.0,26953.0,26844.0,Western United,1803.0,35.29216343609442,71.94954343149094,35.29216343609442,8.997805287957727,0.0,16.867130757778575,25.555864483688964,2.0,winning,defending_quick_break,attacking,attacking,pass_interception,pass,0.0464,1.0,0.0,3711,2013725.0,
2013725_2072_2094,,,,,,,,,,,,,,,,,,,,,,0.0464,1.0,0.0,3712,2013725.0,frame_missing
2013725_2072_2094,,,,,,,,,,,,,,,,,,,,,,0.0464,1.0,0.0,3713,2013725.0,frame_missing
2013725_2072_2094,,,,,,,,,,,,,,,,,,,,,,0.0464,1.0,0.0,3714,2013725.0,frame_missing
2013725_2072_2094,,,,,,,,,,,,,,,,,,,,,,0.0464,1.0,0.0,3715,2013725.0,frame_missing
2013725_2072_2094,,,,,,,,,,,,,,,,,,,,,,0.0464,1.0,0.0,3716,2013725.0,frame_missing
2013725_2072_2094,,,,,,,,,,,,,,,,,,,,,,,,,3717,,no_player_id
2013725_2072_2094,,,,,,,,,,,,,,,,,,,,,,0.0464,1.0,0.0,3718,2013725.0,frame_missing
2013725_2072_2094,,,,,,,,,,,,,,,,,,,,,,,,,3719,,no_player_id
2013725_2097_2112,2013725.0,2097.0,27128.0,27155.0,51008.0,Western United,1803.0,13.867234764003962,93.94360116580586,93.94360116580586,0.0,1.0,3.871808363026248,35.25979659423566,7.0,winning,high_block,defensive,defensive,recovery,pass,0.0007,0.0,0.0,3720,2013725.0,
2013725_2097_2112,,,,,,,,,,,,,,,,,,,,,,0.0007,0.0,0.0,3721,2013725.0,frame_missing
2013725_2097_2112,,,,,,,,,,,,,,,,,,,,,,0.0007,0.0,0.0,3722,2013725.0,frame_missing
2013725_2097_2112,,,,,,,,,,,,,,,,,,,,,,0.0007,0.0,0.0,3723,2013725.0,frame_missing
2013725_2097_2112,,,,,,,,,,,,,,,,,,,,,,0.0007,0.0,0.0,3724,2013725.0,frame_missing
2013725_2097_2112,,,,,,,,,,,,,,,,,,,,,,0.0007,0.0,0.0,3725,2013725.0,frame_missing
2013725_2097_2112,,,,,,,,,,,,,,,,,,,,,,0.0007,0.0,0.0,3726,2013725.0,frame_missing
2013725_2117_2129,2013725.0,2117.0,27233.0,27254.0,51644.0,Sydney FC,869.0,40.99112220957119,72.2556025509441,40.99112220957119,1.5754364474646383,1.0,11.392528253201744,26.63209134811754,4.0,losing,chaotic,middle,middle,pass_interception,pass,0.0034,0.0,0.0,3727,2013725.0,
2013725_2117_2129,,,,,,,,,,,,,,,,,,,,,,0.0034,0.0,0.0,3728,2013725.0,frame_missing
2013725_2117_2129,,,,,,,,,,,,,,,,,,,,,,0.0034,0.0,0.0,3729,2013725.0,frame_missing
2013725_2117_2129,,,,,,,,,,,,,,,,,,,,,,0.0034,0.0,0.0,3730,2013725.0,frame_missing
2013725_2117_2129,,,,,,,,,,,,,,,,,,,,,,,,,3731,,no_player_id
2013725_2166_2183,2013725.0,2166.0,28608.0,28621.0,957737.0,Western United,1803.0,18.288493650380282,95.42624900937898,95.42624900937898,8.9907341190806,0.0,13.255538465109595,31.790333380297177,8.0,winning,medium_block,defensive,defensive,recovery,pass,0.0006,0.0,0.0,3732,2013725.0,
2013725_2166_2183,,,,,,,,,,,,,,,,,,,,,,0.0006,0.0,0.0,3733,2013725.0,frame_missing
2013725_2166_2183,,,,,,,,,,,,,,,,,,,,,,0.0006,0.0,0.0,3734,2013725.0,frame_missing
2013725_2166_2183,,,,,,,,,,,,,,,,,,,,,,,,,3735,,no_player_id
2013725_2166_2183,,,,,,,,,,,,,,,,,,,,,,0.0006,0.0,0.0,3736,2013725.0,frame_missing
2013725_2166_2183,,,,,,,,,,,,,,,,,,,,,,0.0006,0.0,0.0,3737,2013725.0,frame_missing
2013725_2166_2183,,,,,,,,,,,,,,,,,,,,,,,,,3738,,no_player_id
2013725_2166_2183,,,,,,,,,,,,,,,,,,,,,,0.0006,0.0,0.0,3739,2013725.0,frame_missing
2013725_2199_2211,2013725.0,2199.0,29093.0,29093.0,795529.0,Western United,1803.0,31.094604033497514,82.89797584983604,31.094604033497514,8.19224633418698,0.0,6.221334262037363,17.89627678085619,2.0,winning,defending_quick_break,attacking,attacking,pass_interception,pass,0.0058,0.0,0.0,3740,2013725.0,
2013725_2199_2211,,,,,,,,,,,,,,,,,,,,,,0.0058,0.0,0.0,3741,2013725.0,frame_missing
2013725_2199_2211,,,,,,,,,,,,,,,,,,,,,,0.0058,0.0,0.0,3742,2013725.0,frame_missing
2013725_2199_2211,,,,,,,,,,,,,,,,,,,,,,0.0058,0.0,0.0,3743,2013725.0,frame_missing
2013725_2199_2211,,,,,,,,,,,,,,,,,,,,,,0.0058,0.0,0.0,3744,2013725.0,frame_missing
2013725_2199_2211,,,,,,,,,,,,,,,,,,,,,,0.0058,0.0,0.0,3745,2013725.0,frame_missing
2013725_2329_2339,2013725.0,2329.0,30738.0,30754.0,159946.0,Western United,1803.0,15.867668385745901,90.46260498128495,90.46260498128495,0.0,1.0,24.09506380983458,50.948141496346224,9.0,winning,high_block,defensive,defensive,recovery,pass,0.0002,0.0,0.0,3746,2013725.0,
2013725_2329_2339,,,,,,,,,,,,,,,,,,,,,,0.0002,0.0,0.0,3747,2013725.0,frame_missing
2013725_2329_2339,,,,,,,,,,,,,,,,,,,,,,0.0002,0.0,0.0,3748,2013725.0,frame_missing
2013725_2329_2339,,,,,,,,,,,,,,,,,,,,,,0.0002,0.0,0.0,3749,2013725.0,frame_missing
2013725_2329_2339,,,,,,,,,,,,,,,,,,,,,,,,,3750,,no_player_id
2013725_2408_2432,2013725.0,2408.0,31247.0,31247.0,51675.0,Western United,1803.0,35.44603927098203,74.30694247511467,74.30694247511467,7.243210614085443,0.0,7.527283706623523,14.596364740387367,4.0,winning,medium_block,defensive,defensive,pass_interception,pass,0.0192,0.0,0.0,3751,2013725.0,
2013725_2408_2432,,,,,,,,,,,,,,,,,,,,,,0.0192,0.0,0.0,3752,2013725.0,frame_missing
2013725_2408_2432,,,,,,,,,,,,,,,,,,,,,,0.0192,0.0,0.0,3753,2013725.0,frame_missing
2013725_2408_2432,,,,,,,,,,,,,,,,,,,,,,0.0192,0.0,0.0,3754,2013725.0,frame_missing
2013725_2408_2432,2013725.0,2421.0,31295.0,31315.0,133853.0,Sydney FC,869.0,48.0355129045168,65.5286998192395,48.0355129045168,4.324465284864708,1.0,4.149722882313953,22.47925200676435,4.0,winning,medium_block,middle,middle,recovery,pass,0.0192,0.0,0.0,3755,2013725.0,
2013725_2408_2432,,,,,,,,,,,,,,,,,,,,,,0.0192,0.0,0.0,3756,2013725.0,frame_missing
2013725_2408_2432,,,,,,,,,,,,,,,,,,,,,,0.0192,0.0,0.0,3757,2013725.0,frame_missing
2013725_2408_2432,,,,,,,,,,,,,,,,,,,,,,0.0192,0.0,0.0,3758,2013725.0,frame_missing
2013725_2408_2432,,,,,,,,,,,,,,,,,,,,,,0.0192,0.0,0.0,3759,2013725.0,frame_missing
2013725_2408_2432,,,,,,,,,,,,,,,,,,,,,,0.0192,0.0,0.0,3760,2013725.0,frame_missing
2013725_2421_2436,2013725.0,2421.0,31295.0,31315.0,133853.0,Sydney FC,869.0,48.0355129045168,65.5286998192395,48.0355129045168,4.324465284864708,1.0,4.149722882313953,22.47925200676435,4.0,losing,chaotic,middle,middle,recovery,pass,0.0192,0.0,1.0,3761,2013725.0,
2013725_2421_2436,,,,,,,,,,,,,,,,,,,,,,0.0192,0.0,1.0,3762,2013725.0,frame_missing
2013725_2421_2436,,,,,,,,,,,,,,,,,,,,,,0.0192,0.0,1.0,3763,2013725.0,frame_missing
2013725_2421_2436,,,,,,,,,,,,,,,,,,,,,,0.0192,0.0,1.0,3764,2013725.0,frame_missing
2013725_2421_2436,,,,,,,,,,,,,,,,,,,,,,0.0192,0.0,1.0,3765,2013725.0,frame_missing
2013725_2421_2436,,,,,,,,,,,,,,,,,,,,,,0.0192,0.0,1.0,3766,2013725.0,frame_missing
2013725_2421_2436,,,,,,,,,,,,,,,,,,,,,,0.0192,0.0,1.0,3767,2013725.0,frame_missing
2013725_2421_2436,2013725.0,2436.0,31339.0,31339.0,795529.0,Western United,1803.0,49.60103224732324,57.77596732206221,49.60103224732324,12.111486283689546,0.0,1.5901257811883946,21.561643111409683,0.0,losing,chaotic,middle,middle,pass_interception,pass,0.0192,0.0,1.0,3768,2013725.0,
2013725_2509_2545,2013725.0,2509.0,41410.0,41417.0,133854.0,Sydney FC,869.0,41.186126304861446,66.51463748679684,41.186126304861446,6.074537019394974,0.0,9.324746645351818,19.229902549417137,4.0,losing,chaotic,middle,middle,recovery,pass,0.0631,1.0,0.0,3769,2013725.0,
2013725_2509_2545,,,,,,,,,,,,,,,,,,,,,,0.0631,1.0,0.0,3770,2013725.0,frame_missing
2013725_2509_2545,,,,,,,,,,,,,,,,,,,,,,0.0631,1.0,0.0,3771,2013725.0,frame_missing
2013725_2509_2545,,,,,,,,,,,,,,,,,,,,,,0.0631,1.0,0.0,3772,2013725.0,frame_missing
2013725_2509_2545,,,,,,,,,,,,,,,,,,,,,,,,,3773,,no_player_id
2013725_2509_2545,,,,,,,,,,,,,,,,,,,,,,0.0631,1.0,0.0,3774,2013725.0,frame_missing
2013725_2509_2545,,,,,,,,,,,,,,,,,,,,,,0.0631,1.0,0.0,3775,2013725.0,frame_missing
2013725_2509_2545,,,,,,,,,,,,,,,,,,,,,,0.0631,1.0,0.0,3776,2013725.0,frame_missing
2013725_2509_2545,,,,,,,,,,,,,,,,,,,,,,0.0631,1.0,0.0,3777,2013725.0,frame_missing
2013725_2509_2545,,,,,,,,,,,,,,,,,,,,,,0.0631,1.0,0.0,3778,2013725.0,frame_missing
2013725_2509_2545,,,,,,,,,,,,,,,,,,,,,,0.0631,1.0,0.0,3779,2013725.0,frame_missing
2013725_2509_2545,,,,,,,,,,,,,,,,,,,,,,0.0631,1.0,0.0,3780,2013725.0,frame_missing
2013725_2509_2545,,,,,,,,,,,,,,,,,,,,,,0.0631,1.0,0.0,3781,2013725.0,frame_missing
2013725_2509_2545,,,,,,,,,,,,,,,,,,,,,,0.0631,1.0,0.0,3782,2013725.0,frame_missing
2013725_2509_2545,,,,,,,,,,,,,,,,,,,,,,0.0631,1.0,0.0,3783,2013725.0,frame_missing
2013725_2509_2545,,,,,,,,,,,,,,,,,,,,,,0.0631,1.0,0.0,3784,2013725.0,frame_missing
2013725_2509_2545,,,,,,,,,,,,,,,,,,,,,,0.0631,1.0,0.0,3785,2013725.0,frame_missing
2013725_2509_2545,,,,,,,,,,,,,,,,,,,,,,0.0631,1.0,0.0,3786,2013725.0,frame_missing
2013725_2509_2545,,,,,,,,,,,,,,,,,,,,,,0.0631,1.0,0.0,3787,2013725.0,frame_missing
2013725_2509_2545,,,,,,,,,,,,,,,,,,,,,,0.0631,1.0,0.0,3788,2013725.0,frame_missing
2013725_2582_2610,2013725.0,2582.0,42193.0,42193.0,795529.0,Western United,1803.0,45.89179120496388,69.60212999614308,69.60212999614308,4.111508239077236,1.0,6.812055490085207,14.141156869693248,7.0,winning,defending_transition,middle,middle,pass_interception,pass,0.1322,1.0,0.0,3789,2013725.0,
2013725_2582_2610,,,,,,,,,,,,,,,,,,,,,,0.1322,1.0,0.0,3790,2013725.0,frame_missing
2013725_2582_2610,,,,,,,,,,,,,,,,,,,,,,0.1322,1.0,0.0,3791,2013725.0,frame_missing
2013725_2582_2610,,,,,,,,,,,,,,,,,,,,,,0.1322,1.0,0.0,3792,2013725.0,frame_missing
2013725_2582_2610,,,,,,,,,,,,,,,,,,,,,,0.1322,1.0,0.0,3793,2013725.0,frame_missing
2013725_2582_2610,,,,,,,,,,,,,,,,,,,,,,0.1322,1.0,0.0,3794,2013725.0,frame_missing
2013725_2582_2610,,,,,,,,,,,,,,,,,,,,,,0.1322,1.0,0.0,3795,2013725.0,frame_missing
2013725_2582_2610,,,,,,,,,,,,,,,,,,,,,,0.1322,1.0,0.0,3796,2013725.0,frame_missing
2013725_2582_2610,,,,,,,,,,,,,,,,,,,,,,0.1322,1.0,0.0,3797,2013725.0,frame_missing
2013725_2582_2610,,,,,,,,,,,,,,,,,,,,,,,,,3798,,no_player_id
2013725_2582_2610,,,,,,,,,,,,,,,,,,,,,,0.1322,1.0,0.0,3799,2013725.0,frame_missing
2013725_2582_2610,,,,,,,,,,,,,,,,,,,,,,0.1322,1.0,0.0,3800,2013725.0,frame_missing
2013725_2582_2610,,,,,,,,,,,,,,,,,,,,,,0.1322,1.0,0.0,3801,2013725.0,frame_missing
2013725_2582_2610,,,,,,,,,,,,,,,,,,,,,,0.1322,1.0,0.0,3802,2013725.0,frame_missing
2013725_2582_2610,,,,,,,,,,,,,,,,,,,,,,0.1322,1.0,0.0,3803,2013725.0,frame_missing
2013725_2582_2610,,,,,,,,,,,,,,,,,,,,,,0.1322,1.0,0.0,3804,2013725.0,frame_missing
2013725_2805_2821,2013725.0,2805.0,45337.0,45365.0,23883.0,Western United,1803.0,29.470705794059292,80.78318203685716,80.78318203685716,7.0655502262739605,0.0,8.253205437888965,24.71839613220055,1.0,winning,high_block,attacking,attacking,pass_interception,pass,0.0005,0.0,0.0,3805,2013725.0,
2013725_2805_2821,,,,,,,,,,,,,,,,,,,,,,0.0005,0.0,0.0,3806,2013725.0,frame_missing
2013725_2805_2821,,,,,,,,,,,,,,,,,,,,,,0.0005,0.0,0.0,3807,2013725.0,frame_missing
2013725_2805_2821,,,,,,,,,,,,,,,,,,,,,,0.0005,0.0,0.0,3808,2013725.0,frame_missing
2013725_2805_2821,,,,,,,,,,,,,,,,,,,,,,0.0005,0.0,0.0,3809,2013725.0,frame_missing
2013725_2805_2821,,,,,,,,,,,,,,,,,,,,,,0.0005,0.0,0.0,3810,2013725.0,frame_missing
2013725_2805_2821,,,,,,,,,,,,,,,,,,,,,,0.0005,0.0,0.0,3811,2013725.0,frame_missing
2013725_2805_2821,,,,,,,,,,,,,,,,,,,,,,,,,3812,,no_player_id
2013725_2826_2857,2013725.0,2826.0,45457.0,45457.0,51045.0,Sydney FC,869.0,43.52384748617705,76.47630548084811,43.52384748617705,2.52463858799631,2.0,3.851051804377607,23.951217966735445,7.0,losing,low_block,attacking,attacking,recovery,pass,0.0688,1.0,0.0,3813,2013725.0,
2013725_2826_2857,,,,,,,,,,,,,,,,,,,,,,0.0688,1.0,0.0,3814,2013725.0,frame_missing
2013725_2826_2857,,,,,,,,,,,,,,,,,,,,,,0.0688,1.0,0.0,3815,2013725.0,frame_missing
2013725_2826_2857,,,,,,,,,,,,,,,,,,,,,,0.0688,1.0,0.0,3816,2013725.0,frame_missing
2013725_2826_2857,,,,,,,,,,,,,,,,,,,,,,0.0688,1.0,0.0,3817,2013725.0,frame_missing
2013725_2826_2857,,,,,,,,,,,,,,,,,,,,,,0.0688,1.0,0.0,3818,2013725.0,frame_missing
2013725_2826_2857,,,,,,,,,,,,,,,,,,,,,,0.0688,1.0,0.0,3819,2013725.0,frame_missing
2013725_2826_2857,,,,,,,,,,,,,,,,,,,,,,0.0688,1.0,0.0,3820,2013725.0,frame_missing
2013725_2826_2857,,,,,,,,,,,,,,,,,,,,,,0.0688,1.0,0.0,3821,2013725.0,frame_missing
2013725_2826_2857,,,,,,,,,,,,,,,,,,,,,,0.0688,1.0,0.0,3822,2013725.0,frame_missing
2013725_2826_2857,,,,,,,,,,,,,,,,,,,,,,0.0688,1.0,0.0,3823,2013725.0,frame_missing
2013725_2826_2857,2013725.0,2855.0,45513.0,45513.0,795527.0,Western United,1803.0,37.340012051417446,82.077259335336,82.077259335336,1.8753666308218215,1.0,3.7165171868296265,16.12765732293996,3.0,losing,low_block,attacking,attacking,pass_interception,pass,0.0688,1.0,0.0,3824,2013725.0,
2013725_2826_2857,2013725.0,2856.0,45513.0,45513.0,51675.0,Sydney FC,869.0,33.634416896982174,83.6580779124168,33.634416896982174,0.0,2.0,2.131783291050009,20.227989954308292,5.0,losing,low_block,attacking,attacking,,indirect_regain,0.0688,1.0,0.0,3825,2013725.0,
2013725_2826_2857,2013725.0,2857.0,45524.0,45539.0,133853.0,Sydney FC,869.0,23.135360381891612,83.11886007399283,23.135360381891612,6.945451749166501,0.0,6.12562649857139,22.594991845192055,5.0,losing,low_block,attacking,attacking,pass_interception,pass,0.0688,1.0,0.0,3826,2013725.0,
2013725_3125_3151,2013725.0,3125.0,49272.0,49272.0,931987.0,Sydney FC,869.0,11.549199106431582,94.1551060750292,94.1551060750292,27.285646409788423,0.0,24.400100409629463,48.22965137482825,11.0,losing,chaotic,defensive,defensive,pass_interception,pass,0.0053,0.0,0.0,3827,2013725.0,
2013725_3125_3151,,,,,,,,,,,,,,,,,,,,,,0.0053,0.0,0.0,3828,2013725.0,frame_missing
2013725_3125_3151,,,,,,,,,,,,,,,,,,,,,,0.0053,0.0,0.0,3829,2013725.0,frame_missing
2013725_3125_3151,,,,,,,,,,,,,,,,,,,,,,0.0053,0.0,0.0,3830,2013725.0,frame_missing
2013725_3125_3151,,,,,,,,,,,,,,,,,,,,,,0.0053,0.0,0.0,3831,2013725.0,frame_missing
2013725_3125_3151,,,,,,,,,,,,,,,,,,,,,,0.0053,0.0,0.0,3832,2013725.0,frame_missing
2013725_3125_3151,,,,,,,,,,,,,,,,,,,,,,0.0053,0.0,0.0,3833,2013725.0,frame_missing
2013725_3125_3151,,,,,,,,,,,,,,,,,,,,,,0.0053,0.0,0.0,3834,2013725.0,frame_missing
2013725_3125_3151,,,,,,,,,,,,,,,,,,,,,,0.0053,0.0,0.0,3835,2013725.0,frame_missing
2013725_3125_3151,,,,,,,,,,,,,,,,,,,,,,,,,3836,,no_player_id
2013725_3227_3237,2013725.0,3227.0,49941.0,49970.0,133854.0,Sydney FC,869.0,49.95174671620603,60.53822759215866,49.95174671620603,5.6035702904487605,0.0,3.780476160485607,24.159450630964916,3.0,losing,medium_block,middle,middle,pass_interception,pass,0.01,0.0,0.0,3837,2013725.0,
2013725_3227_3237,,,,,,,,,,,,,,,,,,,,,,0.01,0.0,0.0,3838,2013725.0,frame_missing
2013725_3227_3237,,,,,,,,,,,,,,,,,,,,,,0.01,0.0,0.0,3839,2013725.0,frame_missing
2013725_3227_3237,,,,,,,,,,,,,,,,,,,,,,,,,3840,,no_player_id
2013725_3245_3247,,,,,,,,,,,,,,,,,,,,,,,,,3841,,no_player_id
2013725_3245_3247,,,,,,,,,,,,,,,,,,,,,,0.0367,1.0,0.0,3842,2013725.0,frame_missing
2013725_3314_3320,2013725.0,3314.0,51892.0,51892.0,26844.0,Western United,1803.0,24.631737656933588,80.40971645267754,24.631737656933588,7.484022982327087,0.0,7.899398711294421,21.948960480308262,4.0,winning,defending_quick_break,defensive,defensive,pass_interception,pass,0.0427,1.0,2.0,3843,2013725.0,
2013725_3314_3320,,,,,,,,,,,,,,,,,,,,,,0.0427,1.0,2.0,3844,2013725.0,frame_missing
2013725_3314_3320,,,,,,,,,,,,,,,,,,,,,,,,,3845,,no_player_id
2013725_3314_3320,,,,,,,,,,,,,,,,,,,,,,0.0427,1.0,2.0,3846,2013725.0,frame_missing
2013725_3314_3320,,,,,,,,,,,,,,,,,,,,,,,,,3847,,no_player_id
2013725_3344_3365,2013725.0,3344.0,52910.0,52924.0,133854.0,Sydney FC,869.0,50.911516378909795,54.13023646724629,50.911516378909795,3.3811980125393424,1.0,1.0640018796975879,19.681765135748083,2.0,losing,defending_transition,middle,middle,pass_interception,pass,0.0328,1.0,0.0,3848,2013725.0,
2013725_3344_3365,,,,,,,,,,,,,,,,,,,,,,0.0328,1.0,0.0,3849,2013725.0,frame_missing
2013725_3344_3365,,,,,,,,,,,,,,,,,,,,,,0.0328,1.0,0.0,3850,2013725.0,frame_missing
2013725_3344_3365,,,,,,,,,,,,,,,,,,,,,,0.0328,1.0,0.0,3851,2013725.0,frame_missing
2013725_3344_3365,,,,,,,,,,,,,,,,,,,,,,,,,3852,,no_player_id
2013725_3344_3365,,,,,,,,,,,,,,,,,,,,,,0.0328,1.0,0.0,3853,2013725.0,frame_missing
2013725_3344_3365,,,,,,,,,,,,,,,,,,,,,,0.0328,1.0,0.0,3854,2013725.0,frame_missing
2013725_3344_3365,,,,,,,,,,,,,,,,,,,,,,0.0328,1.0,0.0,3855,2013725.0,frame_missing
2013725_3344_3365,2013725.0,3359.0,52982.0,53005.0,26844.0,Western United,1803.0,28.613570207158702,82.4847646538438,82.4847646538438,4.809261897630446,1.0,2.3535717537394105,22.569364234069173,2.0,losing,defending_transition,attacking,attacking,recovery,pass,0.0328,1.0,0.0,3856,2013725.0,
2013725_3344_3365,,,,,,,,,,,,,,,,,,,,,,0.0328,1.0,0.0,3857,2013725.0,frame_missing
2013725_3344_3365,,,,,,,,,,,,,,,,,,,,,,0.0328,1.0,0.0,3858,2013725.0,frame_missing
2013725_3344_3365,,,,,,,,,,,,,,,,,,,,,,,,,3859,,no_player_id
2013725_3359_3400,2013725.0,3359.0,52982.0,53005.0,26844.0,Western United,1803.0,28.613570207158702,82.4847646538438,82.4847646538438,4.809261897630446,1.0,2.3535717537394105,22.569364234069173,2.0,winning,chaotic,attacking,attacking,recovery,pass,0.0089,0.0,0.0,3860,2013725.0,
2013725_3359_3400,,,,,,,,,,,,,,,,,,,,,,0.0089,0.0,0.0,3861,2013725.0,frame_missing
2013725_3359_3400,,,,,,,,,,,,,,,,,,,,,,0.0089,0.0,0.0,3862,2013725.0,frame_missing
2013725_3359_3400,,,,,,,,,,,,,,,,,,,,,,,,,3863,,no_player_id
2013725_3359_3400,,,,,,,,,,,,,,,,,,,,,,0.0089,0.0,0.0,3864,2013725.0,frame_missing
2013725_3359_3400,2013725.0,3369.0,53043.0,53081.0,51644.0,Sydney FC,869.0,39.95938187710115,84.98618828962738,39.95938187710115,13.299812028746873,0.0,10.374295156780532,29.181685362280327,6.0,winning,chaotic,attacking,attacking,recovery,pass,0.0089,0.0,0.0,3865,2013725.0,
2013725_3359_3400,,,,,,,,,,,,,,,,,,,,,,0.0089,0.0,0.0,3866,2013725.0,frame_missing
2013725_3359_3400,,,,,,,,,,,,,,,,,,,,,,0.0089,0.0,0.0,3867,2013725.0,frame_missing
2013725_3359_3400,,,,,,,,,,,,,,,,,,,,,,0.0089,0.0,0.0,3868,2013725.0,frame_missing
2013725_3359_3400,,,,,,,,,,,,,,,,,,,,,,0.0089,0.0,0.0,3869,2013725.0,frame_missing
2013725_3359_3400,,,,,,,,,,,,,,,,,,,,,,0.0089,0.0,0.0,3870,2013725.0,frame_missing
2013725_3359_3400,,,,,,,,,,,,,,,,,,,,,,0.0089,0.0,0.0,3871,2013725.0,frame_missing
2013725_3359_3400,,,,,,,,,,,,,,,,,,,,,,0.0089,0.0,0.0,3872,2013725.0,frame_missing
2013725_3359_3400,,,,,,,,,,,,,,,,,,,,,,0.0089,0.0,0.0,3873,2013725.0,frame_missing
2013725_3359_3400,,,,,,,,,,,,,,,,,,,,,,0.0089,0.0,0.0,3874,2013725.0,frame_missing
2013725_3359_3400,,,,,,,,,,,,,,,,,,,,,,0.0089,0.0,0.0,3875,2013725.0,frame_missing
2013725_3359_3400,,,,,,,,,,,,,,,,,,,,,,0.0089,0.0,0.0,3876,2013725.0,frame_missing
2013725_3359_3400,,,,,,,,,,,,,,,,,,,,,,0.0089,0.0,0.0,3877,2013725.0,frame_missing
2013725_3369_3404,2013725.0,3369.0,53043.0,53081.0,51644.0,Sydney FC,869.0,39.95938187710115,84.98618828962738,39.95938187710115,13.299812028746873,0.0,10.374295156780532,29.181685362280327,6.0,losing,low_block,attacking,attacking,recovery,pass,0.0089,0.0,0.0,3878,2013725.0,
2013725_3369_3404,,,,,,,,,,,,,,,,,,,,,,0.0089,0.0,0.0,3879,2013725.0,frame_missing
2013725_3369_3404,,,,,,,,,,,,,,,,,,,,,,0.0089,0.0,0.0,3880,2013725.0,frame_missing
2013725_3369_3404,,,,,,,,,,,,,,,,,,,,,,0.0089,0.0,0.0,3881,2013725.0,frame_missing
2013725_3369_3404,,,,,,,,,,,,,,,,,,,,,,0.0089,0.0,0.0,3882,2013725.0,frame_missing
2013725_3369_3404,,,,,,,,,,,,,,,,,,,,,,0.0089,0.0,0.0,3883,2013725.0,frame_missing
2013725_3369_3404,,,,,,,,,,,,,,,,,,,,,,0.0089,0.0,0.0,3884,2013725.0,frame_missing
2013725_3369_3404,,,,,,,,,,,,,,,,,,,,,,0.0089,0.0,0.0,3885,2013725.0,frame_missing
2013725_3369_3404,,,,,,,,,,,,,,,,,,,,,,0.0089,0.0,0.0,3886,2013725.0,frame_missing
2013725_3369_3404,,,,,,,,,,,,,,,,,,,,,,0.0089,0.0,0.0,3887,2013725.0,frame_missing
2013725_3369_3404,,,,,,,,,,,,,,,,,,,,,,0.0089,0.0,0.0,3888,2013725.0,frame_missing
2013725_3369_3404,,,,,,,,,,,,,,,,,,,,,,0.0089,0.0,0.0,3889,2013725.0,frame_missing
2013725_3369_3404,,,,,,,,,,,,,,,,,,,,,,0.0089,0.0,0.0,3890,2013725.0,frame_missing
2013725_3369_3404,,,,,,,,,,,,,,,,,,,,,,0.0089,0.0,0.0,3891,2013725.0,frame_missing
2013725_3408_3414,2013725.0,3408.0,53495.0,53495.0,795544.0,Sydney FC,869.0,54.61889050502582,59.8299523650153,54.61889050502582,5.073194260029868,0.0,4.511341263970174,18.242059640508398,6.0,losing,chaotic,middle,middle,pass_interception,pass,0.0196,0.0,0.0,3892,2013725.0,
2013725_3408_3414,,,,,,,,,,,,,,,,,,,,,,0.0196,0.0,0.0,3893,2013725.0,frame_missing
2013725_3408_3414,,,,,,,,,,,,,,,,,,,,,,0.0196,0.0,0.0,3894,2013725.0,frame_missing
2013725_3408_3414,2013725.0,3414.0,53546.0,53546.0,957737.0,Western United,1803.0,32.31613993038154,83.18733617564635,83.18733617564635,2.1927608168699124,1.0,9.731664811325965,25.393844003070285,0.0,losing,chaotic,attacking,attacking,pass_interception,pass,0.0196,0.0,0.0,3895,2013725.0,
2013725_3432_3449,,,,,,,,,,,,,,,,,,,,,,,,,3896,,no_player_id
2013725_3432_3449,,,,,,,,,,,,,,,,,,,,,,0.0128,0.0,0.0,3897,2013725.0,frame_missing
2013725_3432_3449,,,,,,,,,,,,,,,,,,,,,,0.0128,0.0,0.0,3898,2013725.0,frame_missing
2013725_3432_3449,,,,,,,,,,,,,,,,,,,,,,0.0128,0.0,0.0,3899,2013725.0,frame_missing
2013725_3432_3449,,,,,,,,,,,,,,,,,,,,,,0.0128,0.0,0.0,3900,2013725.0,frame_missing
2013725_3432_3449,2013725.0,3440.0,53735.0,53735.0,795529.0,Western United,1803.0,40.246009740097215,76.72640549380637,76.72640549380637,4.532824726370965,1.0,8.033753792592849,17.432113190198535,6.0,losing,chaotic,attacking,attacking,pass_interception,pass,0.0128,0.0,0.0,3901,2013725.0,
2013725_3432_3449,,,,,,,,,,,,,,,,,,,,,,0.0128,0.0,0.0,3902,2013725.0,frame_missing
2013725_3432_3449,,,,,,,,,,,,,,,,,,,,,,0.0128,0.0,0.0,3903,2013725.0,frame_missing
2013725_3432_3449,,,,,,,,,,,,,,,,,,,,,,0.0128,0.0,0.0,3904,2013725.0,frame_missing
2013725_3432_3449,,,,,,,,,,,,,,,,,,,,,,0.0128,0.0,0.0,3905,2013725.0,frame_missing
2013725_3432_3449,,,,,,,,,,,,,,,,,,,,,,0.0128,0.0,0.0,3906,2013725.0,frame_missing
2013725_3440_3453,2013725.0,3440.0,53735.0,53735.0,795529.0,Western United,1803.0,40.246009740097215,76.72640549380637,76.72640549380637,4.532824726370965,1.0,8.033753792592849,17.432113190198535,6.0,winning,medium_block,attacking,attacking,pass_interception,pass,0.0105,0.0,0.0,3907,2013725.0,
2013725_3440_3453,,,,,,,,,,,,,,,,,,,,,,0.0105,0.0,0.0,3908,2013725.0,frame_missing
2013725_3440_3453,,,,,,,,,,,,,,,,,,,,,,0.0105,0.0,0.0,3909,2013725.0,frame_missing
2013725_3440_3453,,,,,,,,,,,,,,,,,,,,,,0.0105,0.0,0.0,3910,2013725.0,frame_missing
2013725_3440_3453,,,,,,,,,,,,,,,,,,,,,,0.0105,0.0,0.0,3911,2013725.0,frame_missing
2013725_3440_3453,,,,,,,,,,,,,,,,,,,,,,0.0105,0.0,0.0,3912,2013725.0,frame_missing
2013725_3440_3453,,,,,,,,,,,,,,,,,,,,,,0.0105,0.0,0.0,3913,2013725.0,frame_missing
2013725_3440_3453,,,,,,,,,,,,,,,,,,,,,,,,,3914,,no_player_id
2013725_3497_3503,2013725.0,3497.0,53993.0,53993.0,51644.0,Sydney FC,869.0,45.89401377086123,61.34460448971857,61.34460448971857,8.294889993242828,0.0,12.33450850257115,32.27586191669241,9.0,losing,chaotic,middle,middle,pass_interception,pass,0.0086,0.0,0.0,3915,2013725.0,
2013725_3497_3503,,,,,,,,,,,,,,,,,,,,,,0.0086,0.0,0.0,3916,2013725.0,frame_missing
2013725_3497_3503,,,,,,,,,,,,,,,,,,,,,,0.0086,0.0,0.0,3917,2013725.0,frame_missing
2013725_3497_3503,,,,,,,,,,,,,,,,,,,,,,,,,3918,,no_player_id
2013725_3607_3654,2013725.0,3607.0,54992.0,54992.0,51000.0,Sydney FC,869.0,21.377972307962228,84.82875514823968,21.377972307962228,7.722493120747989,0.0,3.7655411297713886,21.811275427395987,3.0,losing,low_block,attacking,attacking,recovery,pass,0.0055,0.0,0.0,3919,2013725.0,
2013725_3607_3654,,,,,,,,,,,,,,,,,,,,,,0.0055,0.0,0.0,3920,2013725.0,frame_missing
2013725_3607_3654,,,,,,,,,,,,,,,,,,,,,,0.0055,0.0,0.0,3921,2013725.0,frame_missing
2013725_3607_3654,,,,,,,,,,,,,,,,,,,,,,0.0055,0.0,0.0,3922,2013725.0,frame_missing
2013725_3607_3654,,,,,,,,,,,,,,,,,,,,,,0.0055,0.0,0.0,3923,2013725.0,frame_missing
2013725_3607_3654,,,,,,,,,,,,,,,,,,,,,,0.0055,0.0,0.0,3924,2013725.0,frame_missing
2013725_3607_3654,,,,,,,,,,,,,,,,,,,,,,0.0055,0.0,0.0,3925,2013725.0,frame_missing
2013725_3607_3654,,,,,,,,,,,,,,,,,,,,,,0.0055,0.0,0.0,3926,2013725.0,frame_missing
2013725_3607_3654,,,,,,,,,,,,,,,,,,,,,,0.0055,0.0,0.0,3927,2013725.0,frame_missing
2013725_3607_3654,,,,,,,,,,,,,,,,,,,,,,0.0055,0.0,0.0,3928,2013725.0,frame_missing
2013725_3607_3654,,,,,,,,,,,,,,,,,,,,,,0.0055,0.0,0.0,3929,2013725.0,frame_missing
2013725_3607_3654,,,,,,,,,,,,,,,,,,,,,,0.0055,0.0,0.0,3930,2013725.0,frame_missing
2013725_3607_3654,,,,,,,,,,,,,,,,,,,,,,0.0055,0.0,0.0,3931,2013725.0,frame_missing
2013725_3607_3654,,,,,,,,,,,,,,,,,,,,,,0.0055,0.0,0.0,3932,2013725.0,frame_missing
2013725_3607_3654,,,,,,,,,,,,,,,,,,,,,,0.0055,0.0,0.0,3933,2013725.0,frame_missing
2013725_3607_3654,,,,,,,,,,,,,,,,,,,,,,0.0055,0.0,0.0,3934,2013725.0,frame_missing
2013725_3607_3654,,,,,,,,,,,,,,,,,,,,,,0.0055,0.0,0.0,3935,2013725.0,frame_missing
2013725_3607_3654,,,,,,,,,,,,,,,,,,,,,,0.0055,0.0,0.0,3936,2013725.0,frame_missing
2013725_3607_3654,,,,,,,,,,,,,,,,,,,,,,0.0055,0.0,0.0,3937,2013725.0,frame_missing
2013725_3607_3654,,,,,,,,,,,,,,,,,,,,,,0.0055,0.0,0.0,3938,2013725.0,frame_missing
2013725_3607_3654,,,,,,,,,,,,,,,,,,,,,,0.0055,0.0,0.0,3939,2013725.0,frame_missing
2013725_3658_3664,2013725.0,3658.0,55416.0,55416.0,795529.0,Western United,1803.0,49.98000400160048,57.55693529019766,49.98000400160048,4.630874647407334,1.0,6.205562021283809,20.207096653005873,6.0,winning,chaotic,middle,middle,pass_interception,pass,0.0249,1.0,0.0,3940,2013725.0,
2013725_3658_3664,,,,,,,,,,,,,,,,,,,,,,0.0249,1.0,0.0,3941,2013725.0,frame_missing
2013725_3658_3664,,,,,,,,,,,,,,,,,,,,,,0.0249,1.0,0.0,3942,2013725.0,frame_missing
2013725_3658_3664,2013725.0,3664.0,55459.0,55475.0,51000.0,Sydney FC,869.0,46.391388209451115,60.23670724732553,46.391388209451115,7.6005920821999124,0.0,11.789868531921803,30.73084795350151,7.0,winning,chaotic,middle,middle,pass_interception,pass,0.0249,1.0,0.0,3943,2013725.0,
2013725_3684_3761,2013725.0,3684.0,55566.0,55570.0,560917.0,Western United,1803.0,39.03339211495717,66.03563961982954,66.03563961982954,2.2233533232484657,1.0,2.2199999999999998,10.440973438332916,4.0,winning,medium_block,middle,middle,recovery,pass,0.053,1.0,0.0,3944,2013725.0,
2013725_3684_3761,,,,,,,,,,,,,,,,,,,,,,0.053,1.0,0.0,3945,2013725.0,frame_missing
2013725_3684_3761,,,,,,,,,,,,,,,,,,,,,,0.053,1.0,0.0,3946,2013725.0,frame_missing
2013725_3684_3761,,,,,,,,,,,,,,,,,,,,,,0.053,1.0,0.0,3947,2013725.0,frame_missing
2013725_3684_3761,,,,,,,,,,,,,,,,,,,,,,0.053,1.0,0.0,3948,2013725.0,frame_missing
2013725_3684_3761,,,,,,,,,,,,,,,,,,,,,,0.053,1.0,0.0,3949,2013725.0,frame_missing
2013725_3684_3761,,,,,,,,,,,,,,,,,,,,,,0.053,1.0,0.0,3950,2013725.0,frame_missing
2013725_3684_3761,,,,,,,,,,,,,,,,,,,,,,0.053,1.0,0.0,3951,2013725.0,frame_missing
2013725_3684_3761,,,,,,,,,,,,,,,,,,,,,,0.053,1.0,0.0,3952,2013725.0,frame_missing
2013725_3684_3761,,,,,,,,,,,,,,,,,,,,,,0.053,1.0,0.0,3953,2013725.0,frame_missing
2013725_3684_3761,,,,,,,,,,,,,,,,,,,,,,0.053,1.0,0.0,3954,2013725.0,frame_missing
2013725_3684_3761,,,,,,,,,,,,,,,,,,,,,,0.053,1.0,0.0,3955,2013725.0,frame_missing
2013725_3684_3761,,,,,,,,,,,,,,,,,,,,,,0.053,1.0,0.0,3956,2013725.0,frame_missing
2013725_3684_3761,,,,,,,,,,,,,,,,,,,,,,0.053,1.0,0.0,3957,2013725.0,frame_missing
2013725_3684_3761,,,,,,,,,,,,,,,,,,,,,,0.053,1.0,0.0,3958,2013725.0,frame_missing
2013725_3684_3761,,,,,,,,,,,,,,,,,,,,,,0.053,1.0,0.0,3959,2013725.0,frame_missing
2013725_3684_3761,,,,,,,,,,,,,,,,,,,,,,0.053,1.0,0.0,3960,2013725.0,frame_missing
2013725_3684_3761,,,,,,,,,,,,,,,,,,,,,,0.053,1.0,0.0,3961,2013725.0,frame_missing
2013725_3684_3761,,,,,,,,,,,,,,,,,,,,,,0.053,1.0,0.0,3962,2013725.0,frame_missing
2013725_3684_3761,,,,,,,,,,,,,,,,,,,,,,0.053,1.0,0.0,3963,2013725.0,frame_missing
2013725_3684_3761,,,,,,,,,,,,,,,,,,,,,,0.053,1.0,0.0,3964,2013725.0,frame_missing
2013725_3684_3761,,,,,,,,,,,,,,,,,,,,,,0.053,1.0,0.0,3965,2013725.0,frame_missing
2013725_3684_3761,,,,,,,,,,,,,,,,,,,,,,0.053,1.0,0.0,3966,2013725.0,frame_missing
2013725_3684_3761,,,,,,,,,,,,,,,,,,,,,,0.053,1.0,0.0,3967,2013725.0,frame_missing
2013725_3684_3761,,,,,,,,,,,,,,,,,,,,,,0.053,1.0,0.0,3968,2013725.0,frame_missing
2013725_3684_3761,,,,,,,,,,,,,,,,,,,,,,0.053,1.0,0.0,3969,2013725.0,frame_missing
2013725_3684_3761,,,,,,,,,,,,,,,,,,,,,,0.053,1.0,0.0,3970,2013725.0,frame_missing
2013725_3684_3761,,,,,,,,,,,,,,,,,,,,,,0.053,1.0,0.0,3971,2013725.0,frame_missing
2013725_3829_3840,2013725.0,3829.0,56764.0,56858.0,560894.0,Sydney FC,869.0,13.984348393829437,91.89320976002526,91.89320976002526,3.2045592520657196,2.0,6.16815207335228,23.249994337614762,10.0,losing,high_block,defensive,defensive,recovery,pass,0.0057,0.0,0.0,3972,2013725.0,
2013725_3829_3840,,,,,,,,,,,,,,,,,,,,,,0.0057,0.0,0.0,3973,2013725.0,frame_missing
2013725_3829_3840,,,,,,,,,,,,,,,,,,,,,,0.0057,0.0,0.0,3974,2013725.0,frame_missing
2013725_3829_3840,,,,,,,,,,,,,,,,,,,,,,0.0057,0.0,0.0,3975,2013725.0,frame_missing
2013725_3829_3840,,,,,,,,,,,,,,,,,,,,,,0.0057,0.0,0.0,3976,2013725.0,frame_missing
2013725_3829_3840,,,,,,,,,,,,,,,,,,,,,,0.0057,0.0,0.0,3977,2013725.0,frame_missing
2013725_3829_3840,,,,,,,,,,,,,,,,,,,,,,0.0057,0.0,0.0,3978,2013725.0,frame_missing
2013725_3973_3995,2013725.0,3973.0,58202.0,58211.0,51008.0,Western United,1803.0,24.668127209012038,80.65554227701901,80.65554227701901,0.0,1.0,11.149551560488877,25.247395640192988,2.0,winning,medium_block,attacking,attacking,pass_interception,pass,0.0043,0.0,0.0,3979,2013725.0,
2013725_3973_3995,,,,,,,,,,,,,,,,,,,,,,0.0043,0.0,0.0,3980,2013725.0,frame_missing
2013725_3973_3995,,,,,,,,,,,,,,,,,,,,,,0.0043,0.0,0.0,3981,2013725.0,frame_missing
2013725_3973_3995,,,,,,,,,,,,,,,,,,,,,,0.0043,0.0,0.0,3982,2013725.0,frame_missing
2013725_3973_3995,,,,,,,,,,,,,,,,,,,,,,0.0043,0.0,0.0,3983,2013725.0,frame_missing
2013725_3973_3995,,,,,,,,,,,,,,,,,,,,,,0.0043,0.0,0.0,3984,2013725.0,frame_missing
2013725_3973_3995,2013725.0,3992.0,58328.0,58328.0,25534.0,Sydney FC,869.0,46.544908421867156,59.03582386991817,46.544908421867156,4.049493795525559,2.0,7.6066089685220435,20.384525388068134,4.0,winning,medium_block,middle,middle,pass_interception,pass,0.0043,0.0,0.0,3985,2013725.0,
2013725_3973_3995,,,,,,,,,,,,,,,,,,,,,,0.0043,0.0,0.0,3986,2013725.0,frame_missing
2013725_3973_3995,,,,,,,,,,,,,,,,,,,,,,0.0043,0.0,0.0,3987,2013725.0,frame_missing
2013725_3973_3995,,,,,,,,,,,,,,,,,,,,,,,,,3988,,no_player_id
2013725_3992_4000,2013725.0,3992.0,58328.0,58328.0,25534.0,Sydney FC,869.0,46.544908421867156,59.03582386991817,46.544908421867156,4.049493795525559,2.0,7.6066089685220435,20.384525388068134,4.0,losing,chaotic,middle,middle,pass_interception,pass,0.0047,0.0,0.0,3989,2013725.0,
2013725_3992_4000,,,,,,,,,,,,,,,,,,,,,,0.0047,0.0,0.0,3990,2013725.0,frame_missing
2013725_3992_4000,,,,,,,,,,,,,,,,,,,,,,0.0047,0.0,0.0,3991,2013725.0,frame_missing
2013725_3992_4000,,,,,,,,,,,,,,,,,,,,,,,,,3992,,no_player_id
2013725_3992_4000,,,,,,,,,,,,,,,,,,,,,,0.0047,0.0,0.0,3993,2013725.0,frame_missing
2013725_3992_4000,2013725.0,4000.0,58349.0,58362.0,560917.0,Western United,1803.0,49.31877228804464,56.68810545431907,56.68810545431907,2.65452443951831,2.0,2.1280977421161844,11.151787812568019,3.0,losing,chaotic,middle,middle,recovery,pass,0.0047,0.0,0.0,3994,2013725.0,
2013725_4006_4011,2013725.0,4006.0,58369.0,58369.0,2858.0,Sydney FC,869.0,45.88709731504053,59.90180047377541,45.88709731504053,9.61041102138717,0.0,6.507995082972943,19.629241562499644,4.0,losing,medium_block,middle,middle,pass_interception,pass,0.0145,0.0,0.0,3995,2013725.0,
2013725_4006_4011,,,,,,,,,,,,,,,,,,,,,,0.0145,0.0,0.0,3996,2013725.0,frame_missing
2013725_4006_4011,,,,,,,,,,,,,,,,,,,,,,,,,3997,,no_player_id
2013725_4043_4064,2013725.0,4043.0,59167.0,59192.0,931987.0,Sydney FC,869.0,15.001133290521754,94.0395342395952,94.0395342395952,20.702024055632823,0.0,26.562614705634683,42.21612581180509,10.0,losing,chaotic,defensive,defensive,pass_interception,pass,0.0287,1.0,0.0,3998,2013725.0,
2013725_4043_4064,,,,,,,,,,,,,,,,,,,,,,,,,3999,,no_player_id
2013725_4043_4064,,,,,,,,,,,,,,,,,,,,,,0.0287,1.0,0.0,4000,2013725.0,frame_missing
2013725_4043_4064,,,,,,,,,,,,,,,,,,,,,,0.0287,1.0,0.0,4001,2013725.0,frame_missing
2013725_4043_4064,,,,,,,,,,,,,,,,,,,,,,0.0287,1.0,0.0,4002,2013725.0,frame_missing
2013725_4043_4064,,,,,,,,,,,,,,,,,,,,,,0.0287,1.0,0.0,4003,2013725.0,frame_missing
2013725_4043_4064,,,,,,,,,,,,,,,,,,,,,,0.0287,1.0,0.0,4004,2013725.0,frame_missing
2013725_4043_4064,,,,,,,,,,,,,,,,,,,,,,0.0287,1.0,0.0,4005,2013725.0,frame_missing
2013725_4043_4064,,,,,,,,,,,,,,,,,,,,,,,,,4006,,no_player_id
2013725_4069_4092,2013725.0,4069.0,59452.0,59452.0,560894.0,Sydney FC,869.0,29.015037480589267,89.55262363549156,89.55262363549156,1.9828514820833174,1.0,2.512050954897213,18.088712554349947,7.0,losing,defending_transition,defensive,defensive,recovery,pass,0.0181,0.0,0.0,4007,2013725.0,
2013725_4069_4092,,,,,,,,,,,,,,,,,,,,,,,,,4008,,no_player_id
2013725_4069_4092,,,,,,,,,,,,,,,,,,,,,,0.0181,0.0,0.0,4009,2013725.0,frame_missing
2013725_4069_4092,,,,,,,,,,,,,,,,,,,,,,0.0181,0.0,0.0,4010,2013725.0,frame_missing
2013725_4069_4092,,,,,,,,,,,,,,,,,,,,,,0.0181,0.0,0.0,4011,2013725.0,frame_missing
2013725_4069_4092,,,,,,,,,,,,,,,,,,,,,,0.0181,0.0,0.0,4012,2013725.0,frame_missing
2013725_4126_4135,2013725.0,4126.0,59835.0,59841.0,818284.0,Western United,1803.0,44.837066139523444,71.92330985153562,71.92330985153562,2.7794963572561158,1.0,11.242508616852378,19.099114088340016,6.0,winning,high_block,middle,middle,recovery,pass,0.0034,0.0,0.0,4013,2013725.0,
2013725_4126_4135,,,,,,,,,,,,,,,,,,,,,,0.0034,0.0,0.0,4014,2013725.0,frame_missing
2013725_4126_4135,,,,,,,,,,,,,,,,,,,,,,0.0034,0.0,0.0,4015,2013725.0,frame_missing
2013725_4126_4135,,,,,,,,,,,,,,,,,,,,,,0.0034,0.0,0.0,4016,2013725.0,frame_missing
2013725_4126_4135,,,,,,,,,,,,,,,,,,,,,,0.0034,0.0,0.0,4017,2013725.0,frame_missing
2013725_4140_4173,2013725.0,4140.0,59873.0,59915.0,2858.0,Sydney FC,869.0,41.97875653232239,78.48322113674999,41.97875653232239,5.727870459429056,0.0,4.878985550296291,19.04496863501222,5.0,losing,low_block,attacking,attacking,recovery,pass,0.1647,1.0,1.0,4018,2013725.0,
2013725_4140_4173,,,,,,,,,,,,,,,,,,,,,,0.1647,1.0,1.0,4019,2013725.0,frame_missing
2013725_4140_4173,,,,,,,,,,,,,,,,,,,,,,0.1647,1.0,1.0,4020,2013725.0,frame_missing
2013725_4140_4173,,,,,,,,,,,,,,,,,,,,,,0.1647,1.0,1.0,4021,2013725.0,frame_missing
2013725_4140_4173,,,,,,,,,,,,,,,,,,,,,,0.1647,1.0,1.0,4022,2013725.0,frame_missing
2013725_4140_4173,,,,,,,,,,,,,,,,,,,,,,0.1647,1.0,1.0,4023,2013725.0,frame_missing
2013725_4140_4173,,,,,,,,,,,,,,,,,,,,,,0.1647,1.0,1.0,4024,2013725.0,frame_missing
2013725_4140_4173,,,,,,,,,,,,,,,,,,,,,,0.1647,1.0,1.0,4025,2013725.0,frame_missing
2013725_4140_4173,,,,,,,,,,,,,,,,,,,,,,0.1647,1.0,1.0,4026,2013725.0,frame_missing
2013725_4140_4173,,,,,,,,,,,,,,,,,,,,,,,,,4027,,no_player_id
2013725_4140_4173,,,,,,,,,,,,,,,,,,,,,,0.1647,1.0,1.0,4028,2013725.0,frame_missing
2013725_4140_4173,,,,,,,,,,,,,,,,,,,,,,0.1647,1.0,1.0,4029,2013725.0,frame_missing
2013725_4140_4173,,,,,,,,,,,,,,,,,,,,,,,,,4030,,no_player_id
2013725_4140_4173,2013725.0,4173.0,60054.0,60062.0,133854.0,Sydney FC,869.0,15.792925631433842,90.43791516836286,15.792925631433842,2.11028434103085,2.0,8.19129415904471,17.350012912206985,2.0,losing,low_block,attacking,attacking,recovery,pass,0.1647,1.0,1.0,4031,2013725.0,
2013725_4166_4173,,,,,,,,,,,,,,,,,,,,,,,,,4032,,no_player_id
2013725_4166_4173,,,,,,,,,,,,,,,,,,,,,,0.047,1.0,0.0,4033,2013725.0,frame_missing
2013725_4166_4173,,,,,,,,,,,,,,,,,,,,,,0.047,1.0,0.0,4034,2013725.0,frame_missing
2013725_4166_4173,,,,,,,,,,,,,,,,,,,,,,,,,4035,,no_player_id
2013725_4166_4173,2013725.0,4173.0,60054.0,60062.0,133854.0,Sydney FC,869.0,15.792925631433842,90.43791516836286,15.792925631433842,2.11028434103085,2.0,8.19129415904471,17.350012912206985,2.0,winning,disruption,attacking,attacking,recovery,pass,0.047,1.0,0.0,4036,2013725.0,
2013725_4179_4192,2013725.0,4179.0,60069.0,60079.0,818284.0,Western United,1803.0,36.479645009237686,75.98923936979499,75.98923936979499,1.1264102272263,1.0,5.9076221950967716,17.63992166159977,6.0,winning,chaotic,attacking,attacking,pass_interception,pass,0.0059,0.0,0.0,4037,2013725.0,
2013725_4179_4192,,,,,,,,,,,,,,,,,,,,,,0.0059,0.0,0.0,4038,2013725.0,frame_missing
2013725_4179_4192,,,,,,,,,,,,,,,,,,,,,,,,,4039,,no_player_id
2013725_4179_4192,,,,,,,,,,,,,,,,,,,,,,0.0059,0.0,0.0,4040,2013725.0,frame_missing
2013725_4179_4192,,,,,,,,,,,,,,,,,,,,,,0.0059,0.0,0.0,4041,2013725.0,frame_missing
2013725_4179_4192,,,,,,,,,,,,,,,,,,,,,,0.0059,0.0,0.0,4042,2013725.0,frame_missing
2013725_4179_4192,,,,,,,,,,,,,,,,,,,,,,0.0059,0.0,0.0,4043,2013725.0,frame_missing
2013725_4205_4209,2013725.0,4205.0,60524.0,60524.0,51644.0,Sydney FC,869.0,56.41125508265172,63.76777948149049,63.76777948149049,6.471421791229499,0.0,5.890848835269837,20.032487057633226,6.0,losing,chaotic,middle,middle,pass_interception,pass,0.0011,0.0,0.0,4044,2013725.0,
2013725_4205_4209,,,,,,,,,,,,,,,,,,,,,,0.0011,0.0,0.0,4045,2013725.0,frame_missing
2013725_4205_4209,2013725.0,4209.0,60583.0,60583.0,818284.0,Western United,1803.0,52.85915247145001,67.32674060133908,52.85915247145001,1.8600000000000012,3.0,5.136535797597439,14.920586564367072,5.0,losing,chaotic,middle,middle,pass_interception,pass,0.0011,0.0,0.0,4046,2013725.0,
2013725_4210_4220,2013725.0,4210.0,60605.0,60605.0,51045.0,Sydney FC,869.0,54.49182782766605,62.36312452082561,62.36312452082561,5.116404987879675,0.0,6.639909637939359,17.63658490810318,4.0,losing,chaotic,middle,middle,pass_interception,pass,0.0061,0.0,0.0,4047,2013725.0,
2013725_4210_4220,,,,,,,,,,,,,,,,,,,,,,0.0061,0.0,0.0,4048,2013725.0,frame_missing
2013725_4210_4220,,,,,,,,,,,,,,,,,,,,,,0.0061,0.0,0.0,4049,2013725.0,frame_missing
2013725_4210_4220,,,,,,,,,,,,,,,,,,,,,,0.0061,0.0,0.0,4050,2013725.0,frame_missing
2013725_4210_4220,,,,,,,,,,,,,,,,,,,,,,0.0061,0.0,0.0,4051,2013725.0,frame_missing
2013725_4210_4220,,,,,,,,,,,,,,,,,,,,,,0.0061,0.0,0.0,4052,2013725.0,frame_missing
2013725_4210_4220,2013725.0,4220.0,60643.0,60643.0,809670.0,Western United,1803.0,47.83915760127889,65.11132773949552,47.83915760127889,2.0056420418409644,1.0,4.768731487513215,11.292169469813397,3.0,losing,chaotic,middle,middle,pass_interception,pass,0.0061,0.0,0.0,4053,2013725.0,
2013725_4309_4321,2013725.0,4309.0,61963.0,61990.0,795544.0,Sydney FC,869.0,52.63291080683263,67.69433728163679,52.63291080683263,5.641391672273785,0.0,8.848706120105922,26.31153245746689,8.0,losing,defending_quick_break,middle,middle,recovery,pass,0.0112,0.0,0.0,4054,2013725.0,
2013725_4309_4321,,,,,,,,,,,,,,,,,,,,,,0.0112,0.0,0.0,4055,2013725.0,frame_missing
2013725_4309_4321,,,,,,,,,,,,,,,,,,,,,,0.0112,0.0,0.0,4056,2013725.0,frame_missing
2013725_4309_4321,,,,,,,,,,,,,,,,,,,,,,0.0112,0.0,0.0,4057,2013725.0,frame_missing
2013725_4309_4321,,,,,,,,,,,,,,,,,,,,,,,,,4058,,no_player_id
2013725_4357_4388,,,,,,,,,,,,,,,,,,,,,,,,,4059,,no_player_id
2013725_4357_4388,,,,,,,,,,,,,,,,,,,,,,0.2117,1.0,0.0,4060,2013725.0,frame_missing
2013725_4357_4388,,,,,,,,,,,,,,,,,,,,,,0.2117,1.0,0.0,4061,2013725.0,frame_missing
2013725_4357_4388,,,,,,,,,,,,,,,,,,,,,,0.2117,1.0,0.0,4062,2013725.0,frame_missing
2013725_4357_4388,,,,,,,,,,,,,,,,,,,,,,0.2117,1.0,0.0,4063,2013725.0,frame_missing
2013725_4357_4388,,,,,,,,,,,,,,,,,,,,,,0.2117,1.0,0.0,4064,2013725.0,frame_missing
2013725_4357_4388,,,,,,,,,,,,,,,,,,,,,,0.2117,1.0,0.0,4065,2013725.0,frame_missing
2013725_4357_4388,,,,,,,,,,,,,,,,,,,,,,0.2117,1.0,0.0,4066,2013725.0,frame_missing
2013725_4357_4388,,,,,,,,,,,,,,,,,,,,,,0.2117,1.0,0.0,4067,2013725.0,frame_missing
2013725_4357_4388,,,,,,,,,,,,,,,,,,,,,,,,,4068,,no_player_id
2013725_4357_4388,,,,,,,,,,,,,,,,,,,,,,0.2117,1.0,0.0,4069,2013725.0,frame_missing
2013725_4357_4388,,,,,,,,,,,,,,,,,,,,,,,,,4070,,no_player_id
2013725_4499_4516,2013725.0,4499.0,63738.0,63771.0,560894.0,Sydney FC,869.0,51.87763487284285,53.88310495879019,51.87763487284285,7.6234506622657445,0.0,10.425056354763749,30.490551586841377,9.0,losing,medium_block,middle,middle,pass_interception,pass,0.0275,1.0,0.0,4071,2013725.0,
2013725_4499_4516,,,,,,,,,,,,,,,,,,,,,,0.0275,1.0,0.0,4072,2013725.0,frame_missing
2013725_4499_4516,,,,,,,,,,,,,,,,,,,,,,0.0275,1.0,0.0,4073,2013725.0,frame_missing
2013725_4499_4516,,,,,,,,,,,,,,,,,,,,,,,,,4074,,no_player_id
2013725_4499_4516,,,,,,,,,,,,,,,,,,,,,,0.0275,1.0,0.0,4075,2013725.0,frame_missing
2013725_4499_4516,,,,,,,,,,,,,,,,,,,,,,0.0275,1.0,0.0,4076,2013725.0,frame_missing
2013725_4499_4516,,,,,,,,,,,,,,,,,,,,,,0.0275,1.0,0.0,4077,2013725.0,frame_missing
2013725_4553_4557,,,,,,,,,,,,,,,,,,,,,,,,,4078,,no_player_id
2013725_4553_4557,,,,,,,,,,,,,,,,,,,,,,,,0.0,4079,2013725.0,frame_missing
2013725_4553_4557,,,,,,,,,,,,,,,,,,,,,,,,0.0,4080,2013725.0,frame_missing
2013725_4553_4557,,,,,,,,,,,,,,,,,,,,,,,,0.0,4081,2013725.0,frame_missing
2013725_4553_4557,,,,,,,,,,,,,,,,,,,,,,,,,4082,,no_player_id
2013725_4825_4849,2013725.0,4825.0,68696.0,68696.0,25534.0,Sydney FC,869.0,32.503761320807165,91.56087865458697,32.503761320807165,3.608545413320994,1.0,2.853506614676055,21.729036283767023,6.0,losing,low_block,attacking,attacking,recovery,pass,0.0143,0.0,0.0,4083,2013725.0,
2013725_4825_4849,,,,,,,,,,,,,,,,,,,,,,0.0143,0.0,0.0,4084,2013725.0,frame_missing
2013725_4825_4849,,,,,,,,,,,,,,,,,,,,,,0.0143,0.0,0.0,4085,2013725.0,frame_missing
2013725_4825_4849,,,,,,,,,,,,,,,,,,,,,,0.0143,0.0,0.0,4086,2013725.0,frame_missing
2013725_4825_4849,,,,,,,,,,,,,,,,,,,,,,0.0143,0.0,0.0,4087,2013725.0,frame_missing
2013725_4825_4849,,,,,,,,,,,,,,,,,,,,,,0.0143,0.0,0.0,4088,2013725.0,frame_missing
2013725_4825_4849,,,,,,,,,,,,,,,,,,,,,,0.0143,0.0,0.0,4089,2013725.0,frame_missing
2013725_4825_4849,,,,,,,,,,,,,,,,,,,,,,0.0143,0.0,0.0,4090,2013725.0,frame_missing
2013725_4825_4849,,,,,,,,,,,,,,,,,,,,,,0.0143,0.0,0.0,4091,2013725.0,frame_missing
2013725_4825_4849,,,,,,,,,,,,,,,,,,,,,,0.0143,0.0,0.0,4092,2013725.0,frame_missing
2013725_4825_4849,,,,,,,,,,,,,,,,,,,,,,,,,4093,,no_player_id
2013725_4825_4849,,,,,,,,,,,,,,,,,,,,,,0.0143,0.0,0.0,4094,2013725.0,frame_missing
2013725_4825_4849,,,,,,,,,,,,,,,,,,,,,,,,,4095,,no_player_id
2013725_4923_4936,2013725.0,4923.0,69331.0,69393.0,560916.0,Western United,1803.0,18.048537336859184,88.6360519201978,88.6360519201978,3.738074370581734,1.0,5.909077762223136,11.904014732321713,6.0,winning,defending_transition,attacking,attacking,pass_interception,pass,0.0248,1.0,0.0,4096,2013725.0,
2013725_4923_4936,,,,,,,,,,,,,,,,,,,,,,0.0248,1.0,0.0,4097,2013725.0,frame_missing
2013725_4923_4936,,,,,,,,,,,,,,,,,,,,,,0.0248,1.0,0.0,4098,2013725.0,frame_missing
2013725_4923_4936,,,,,,,,,,,,,,,,,,,,,,,,,4099,,no_player_id
2013725_4975_4981,2013725.0,4975.0,69661.0,69685.0,818284.0,Western United,1803.0,50.202475038587494,58.562688633634295,58.562688633634295,6.468662922119224,0.0,9.656251860841243,23.178289505962365,7.0,winning,high_block,middle,middle,recovery,pass,0.01,0.0,0.0,4100,2013725.0,
2013725_4975_4981,,,,,,,,,,,,,,,,,,,,,,0.01,0.0,0.0,4101,2013725.0,frame_missing
2013725_4975_4981,,,,,,,,,,,,,,,,,,,,,,0.01,0.0,0.0,4102,2013725.0,frame_missing
2013725_4975_4981,,,,,,,,,,,,,,,,,,,,,,0.01,0.0,0.0,4103,2013725.0,frame_missing
2015213_172_199,2015213.0,172.0,4161.0,4161.0,285188.0,Auckland FC,4177.0,13.960608869243488,95.83839835890414,95.83839835890414,0.0,1.0,11.736051295048092,43.049868326207125,0.0,drawing,high_block,attacking,attacking,recovery,pass,0.0002,0.0,0.0,4104,2015213.0,
2015213_172_199,,,,,,,,,,,,,,,,,,,,,,0.0002,0.0,0.0,4105,2015213.0,frame_missing
2015213_172_199,,,,,,,,,,,,,,,,,,,,,,,,,4106,,no_player_id
2015213_172_199,,,,,,,,,,,,,,,,,,,,,,0.0002,0.0,0.0,4107,2015213.0,frame_missing
2015213_172_199,,,,,,,,,,,,,,,,,,,,,,0.0002,0.0,0.0,4108,2015213.0,frame_missing
2015213_172_199,,,,,,,,,,,,,,,,,,,,,,0.0002,0.0,0.0,4109,2015213.0,frame_missing
2015213_172_199,,,,,,,,,,,,,,,,,,,,,,0.0002,0.0,0.0,4110,2015213.0,frame_missing
2015213_172_199,,,,,,,,,,,,,,,,,,,,,,0.0002,0.0,0.0,4111,2015213.0,frame_missing
2015213_172_199,,,,,,,,,,,,,,,,,,,,,,0.0002,0.0,0.0,4112,2015213.0,frame_missing
2015213_172_199,,,,,,,,,,,,,,,,,,,,,,0.0002,0.0,0.0,4113,2015213.0,frame_missing
2015213_172_199,,,,,,,,,,,,,,,,,,,,,,0.0002,0.0,0.0,4114,2015213.0,frame_missing
2015213_222_237,2015213.0,222.0,4576.0,4652.0,795527.0,Western United,1803.0,50.4712195216244,62.48154927656644,50.4712195216244,5.100039215535505,0.0,6.68922267531886,25.653824437722225,4.0,drawing,medium_block,middle,middle,pass_interception,pass,0.0168,0.0,0.0,4115,2015213.0,
2015213_222_237,,,,,,,,,,,,,,,,,,,,,,0.0168,0.0,0.0,4116,2015213.0,frame_missing
2015213_222_237,,,,,,,,,,,,,,,,,,,,,,0.0168,0.0,0.0,4117,2015213.0,frame_missing
2015213_222_237,,,,,,,,,,,,,,,,,,,,,,0.0168,0.0,0.0,4118,2015213.0,frame_missing
2015213_222_237,,,,,,,,,,,,,,,,,,,,,,0.0168,0.0,0.0,4119,2015213.0,frame_missing
2015213_222_237,,,,,,,,,,,,,,,,,,,,,,,,,4120,,no_player_id
2015213_576_611,2015213.0,576.0,7778.0,7848.0,33697.0,Auckland FC,4177.0,22.982525970832707,85.51781393370624,85.51781393370624,1.4717676447048302,2.0,18.934254672418454,34.06175039884958,0.0,drawing,high_block,attacking,attacking,pass_interception,pass,0.0019,0.0,0.0,4121,2015213.0,
2015213_576_611,,,,,,,,,,,,,,,,,,,,,,0.0019,0.0,0.0,4122,2015213.0,frame_missing
2015213_576_611,,,,,,,,,,,,,,,,,,,,,,0.0019,0.0,0.0,4123,2015213.0,frame_missing
2015213_576_611,,,,,,,,,,,,,,,,,,,,,,0.0019,0.0,0.0,4124,2015213.0,frame_missing
2015213_576_611,,,,,,,,,,,,,,,,,,,,,,0.0019,0.0,0.0,4125,2015213.0,frame_missing
2015213_576_611,,,,,,,,,,,,,,,,,,,,,,0.0019,0.0,0.0,4126,2015213.0,frame_missing
2015213_576_611,,,,,,,,,,,,,,,,,,,,,,0.0019,0.0,0.0,4127,2015213.0,frame_missing
2015213_576_611,,,,,,,,,,,,,,,,,,,,,,0.0019,0.0,0.0,4128,2015213.0,frame_missing
2015213_576_611,,,,,,,,,,,,,,,,,,,,,,0.0019,0.0,0.0,4129,2015213.0,frame_missing
2015213_576_611,,,,,,,,,,,,,,,,,,,,,,0.0019,0.0,0.0,4130,2015213.0,frame_missing
2015213_576_611,,,,,,,,,,,,,,,,,,,,,,0.0019,0.0,0.0,4131,2015213.0,frame_missing
2015213_576_611,,,,,,,,,,,,,,,,,,,,,,0.0019,0.0,0.0,4132,2015213.0,frame_missing
2015213_576_611,,,,,,,,,,,,,,,,,,,,,,0.0019,0.0,0.0,4133,2015213.0,frame_missing
2015213_576_611,,,,,,,,,,,,,,,,,,,,,,0.0019,0.0,0.0,4134,2015213.0,frame_missing
2015213_576_611,,,,,,,,,,,,,,,,,,,,,,,,,4135,,no_player_id
2015213_615_631,2015213.0,615.0,8019.0,8037.0,795527.0,Western United,1803.0,54.93913450355766,60.55748095817725,54.93913450355766,5.2544933152493405,0.0,2.521210026951344,23.26421415314977,5.0,drawing,chaotic,middle,middle,recovery,pass,0.0026,0.0,0.0,4136,2015213.0,
2015213_615_631,,,,,,,,,,,,,,,,,,,,,,0.0026,0.0,0.0,4137,2015213.0,frame_missing
2015213_615_631,,,,,,,,,,,,,,,,,,,,,,0.0026,0.0,0.0,4138,2015213.0,frame_missing
2015213_615_631,,,,,,,,,,,,,,,,,,,,,,,,,4139,,no_player_id
2015213_615_631,,,,,,,,,,,,,,,,,,,,,,0.0026,0.0,0.0,4140,2015213.0,frame_missing
2015213_615_631,,,,,,,,,,,,,,,,,,,,,,0.0026,0.0,0.0,4141,2015213.0,frame_missing
2015213_615_631,,,,,,,,,,,,,,,,,,,,,,0.0026,0.0,0.0,4142,2015213.0,frame_missing
2015213_615_631,,,,,,,,,,,,,,,,,,,,,,0.0026,0.0,0.0,4143,2015213.0,frame_missing
2015213_636_665,2015213.0,636.0,8098.0,8098.0,560917.0,Western United,1803.0,52.58961874742961,61.01858733205809,61.01858733205809,6.717685613364173,0.0,4.77963387719185,19.293619341224762,9.0,drawing,medium_block,middle,middle,pass_interception,pass,0.0166,0.0,0.0,4144,2015213.0,
2015213_636_665,,,,,,,,,,,,,,,,,,,,,,0.0166,0.0,0.0,4145,2015213.0,frame_missing
2015213_636_665,,,,,,,,,,,,,,,,,,,,,,0.0166,0.0,0.0,4146,2015213.0,frame_missing
2015213_636_665,,,,,,,,,,,,,,,,,,,,,,0.0166,0.0,0.0,4147,2015213.0,frame_missing
2015213_636_665,,,,,,,,,,,,,,,,,,,,,,0.0166,0.0,0.0,4148,2015213.0,frame_missing
2015213_636_665,,,,,,,,,,,,,,,,,,,,,,0.0166,0.0,0.0,4149,2015213.0,frame_missing
2015213_636_665,,,,,,,,,,,,,,,,,,,,,,0.0166,0.0,0.0,4150,2015213.0,frame_missing
2015213_636_665,,,,,,,,,,,,,,,,,,,,,,0.0166,0.0,0.0,4151,2015213.0,frame_missing
2015213_636_665,,,,,,,,,,,,,,,,,,,,,,0.0166,0.0,0.0,4152,2015213.0,frame_missing
2015213_950_971,,,,,,,,,,,,,,,,,,,,,,,,,4153,,no_player_id
2015213_950_971,,,,,,,,,,,,,,,,,,,,,,0.0543,1.0,0.0,4154,2015213.0,frame_missing
2015213_950_971,,,,,,,,,,,,,,,,,,,,,,0.0543,1.0,0.0,4155,2015213.0,frame_missing
2015213_950_971,,,,,,,,,,,,,,,,,,,,,,0.0543,1.0,0.0,4156,2015213.0,frame_missing
2015213_950_971,,,,,,,,,,,,,,,,,,,,,,0.0543,1.0,0.0,4157,2015213.0,frame_missing
2015213_950_971,,,,,,,,,,,,,,,,,,,,,,0.0543,1.0,0.0,4158,2015213.0,frame_missing
2015213_950_971,,,,,,,,,,,,,,,,,,,,,,0.0543,1.0,0.0,4159,2015213.0,frame_missing
2015213_950_975,,,,,,,,,,,,,,,,,,,,,,,,,4160,,no_player_id
2015213_950_975,,,,,,,,,,,,,,,,,,,,,,0.0543,1.0,0.0,4161,2015213.0,frame_missing
2015213_950_975,,,,,,,,,,,,,,,,,,,,,,0.0543,1.0,0.0,4162,2015213.0,frame_missing
2015213_950_975,,,,,,,,,,,,,,,,,,,,,,0.0543,1.0,0.0,4163,2015213.0,frame_missing
2015213_950_975,,,,,,,,,,,,,,,,,,,,,,0.0543,1.0,0.0,4164,2015213.0,frame_missing
2015213_950_975,,,,,,,,,,,,,,,,,,,,,,0.0543,1.0,0.0,4165,2015213.0,frame_missing
2015213_950_975,,,,,,,,,,,,,,,,,,,,,,0.0543,1.0,0.0,4166,2015213.0,frame_missing
2015213_950_975,,,,,,,,,,,,,,,,,,,,,,0.0543,1.0,0.0,4167,2015213.0,frame_missing
2015213_950_975,2015213.0,975.0,12160.0,12169.0,560916.0,Western United,1803.0,41.38879075305293,65.79993920969837,65.79993920969837,2.8849956672411143,1.0,10.200401952864405,22.74090703340458,2.0,drawing,medium_block,middle,middle,pass_interception,pass,0.0543,1.0,0.0,4168,2015213.0,
2015213_1219_1235,2015213.0,1219.0,15118.0,15153.0,795527.0,Western United,1803.0,24.127266732889577,84.15239152870227,24.127266732889577,0.5728001396647865,1.0,8.794799599763488,22.17530426649501,6.0,winning,low_block,attacking,attacking,recovery,pass,0.0197,0.0,0.0,4169,2015213.0,
2015213_1219_1235,,,,,,,,,,,,,,,,,,,,,,0.0197,0.0,0.0,4170,2015213.0,frame_missing
2015213_1219_1235,,,,,,,,,,,,,,,,,,,,,,0.0197,0.0,0.0,4171,2015213.0,frame_missing
2015213_1219_1235,,,,,,,,,,,,,,,,,,,,,,,,,4172,,no_player_id
2015213_1219_1235,,,,,,,,,,,,,,,,,,,,,,0.0197,0.0,0.0,4173,2015213.0,frame_missing
2015213_1219_1235,,,,,,,,,,,,,,,,,,,,,,,,,4174,,no_player_id
2015213_1267_1268,2015213.0,1267.0,16454.0,16454.0,51675.0,Western United,1803.0,40.76705164713289,70.56877850721237,70.56877850721237,3.5783376028541523,1.0,6.049239621638409,20.549493916504243,9.0,winning,chaotic,middle,middle,pass_interception,pass,0.0024,0.0,0.0,4175,2015213.0,
2015213_1267_1268,,,,,,,,,,,,,,,,,,,,,,0.0024,0.0,0.0,4176,2015213.0,frame_missing
2015213_1556_1557,,,,,,,,,,,,,,,,,,,,,,,,,4177,,no_player_id
2015213_1556_1557,,,,,,,,,,,,,,,,,,,,,,0.0031,0.0,0.0,4178,2015213.0,frame_missing
2015213_1561_1570,2015213.0,1561.0,20755.0,20755.0,560917.0,Western United,1803.0,58.32918480486419,60.32904607235225,60.32904607235225,4.864277952584535,1.0,5.508402672281684,18.53712410337933,7.0,winning,medium_block,middle,middle,pass_interception,pass,0.0053,0.0,0.0,4179,2015213.0,
2015213_1561_1570,,,,,,,,,,,,,,,,,,,,,,0.0053,0.0,0.0,4180,2015213.0,frame_missing
2015213_1561_1570,,,,,,,,,,,,,,,,,,,,,,0.0053,0.0,0.0,4181,2015213.0,frame_missing
2015213_1561_1570,,,,,,,,,,,,,,,,,,,,,,0.0053,0.0,0.0,4182,2015213.0,frame_missing
2015213_1561_1570,,,,,,,,,,,,,,,,,,,,,,0.0053,0.0,0.0,4183,2015213.0,frame_missing
2015213_1561_1570,,,,,,,,,,,,,,,,,,,,,,0.0053,0.0,0.0,4184,2015213.0,frame_missing
2015213_1561_1570,,,,,,,,,,,,,,,,,,,,,,,,,4185,,no_player_id
2015213_1592_1607,2015213.0,1592.0,20967.0,20967.0,795527.0,Western United,1803.0,45.31380584325267,76.0870619750822,45.31380584325267,3.806441908134159,1.0,9.919324573780212,27.100944075841802,6.0,winning,chaotic,attacking,attacking,pass_interception,pass,0.094,1.0,0.0,4186,2015213.0,
2015213_1592_1607,,,,,,,,,,,,,,,,,,,,,,0.094,1.0,0.0,4187,2015213.0,frame_missing
2015213_1592_1607,,,,,,,,,,,,,,,,,,,,,,0.094,1.0,0.0,4188,2015213.0,frame_missing
2015213_1592_1607,,,,,,,,,,,,,,,,,,,,,,0.094,1.0,0.0,4189,2015213.0,frame_missing
2015213_1592_1607,,,,,,,,,,,,,,,,,,,,,,,,,4190,,no_player_id
2015213_1592_1607,,,,,,,,,,,,,,,,,,,,,,0.094,1.0,0.0,4191,2015213.0,frame_missing
2015213_1592_1609,2015213.0,1592.0,20967.0,20967.0,795527.0,Western United,1803.0,45.31380584325267,76.0870619750822,45.31380584325267,3.806441908134159,1.0,9.919324573780212,27.100944075841802,6.0,winning,chaotic,attacking,attacking,pass_interception,pass,0.094,1.0,0.0,4192,2015213.0,
2015213_1592_1609,,,,,,,,,,,,,,,,,,,,,,0.094,1.0,0.0,4193,2015213.0,frame_missing
2015213_1592_1609,,,,,,,,,,,,,,,,,,,,,,0.094,1.0,0.0,4194,2015213.0,frame_missing
2015213_1592_1609,,,,,,,,,,,,,,,,,,,,,,0.094,1.0,0.0,4195,2015213.0,frame_missing
2015213_1592_1609,,,,,,,,,,,,,,,,,,,,,,,,,4196,,no_player_id
2015213_1592_1609,,,,,,,,,,,,,,,,,,,,,,0.094,1.0,0.0,4197,2015213.0,frame_missing
2015213_1592_1609,2015213.0,1609.0,21681.0,21681.0,582974.0,Auckland FC,4177.0,26.831600772223787,81.52382964507984,81.52382964507984,5.703753150338819,0.0,17.378288178068633,22.212383247030527,7.0,winning,chaotic,attacking,attacking,pass_interception,pass,0.094,1.0,0.0,4198,2015213.0,
2015213_1592_1612,2015213.0,1592.0,20967.0,20967.0,795527.0,Western United,1803.0,45.31380584325267,76.0870619750822,45.31380584325267,3.806441908134159,1.0,9.919324573780212,27.100944075841802,6.0,winning,chaotic,attacking,attacking,pass_interception,pass,0.094,1.0,0.0,4199,2015213.0,
2015213_1592_1612,,,,,,,,,,,,,,,,,,,,,,0.094,1.0,0.0,4200,2015213.0,frame_missing
2015213_1592_1612,,,,,,,,,,,,,,,,,,,,,,0.094,1.0,0.0,4201,2015213.0,frame_missing
2015213_1592_1612,,,,,,,,,,,,,,,,,,,,,,0.094,1.0,0.0,4202,2015213.0,frame_missing
2015213_1592_1612,,,,,,,,,,,,,,,,,,,,,,,,,4203,,no_player_id
2015213_1592_1612,,,,,,,,,,,,,,,,,,,,,,0.094,1.0,0.0,4204,2015213.0,frame_missing
2015213_1592_1612,2015213.0,1609.0,21681.0,21681.0,582974.0,Auckland FC,4177.0,26.831600772223787,81.52382964507984,81.52382964507984,5.703753150338819,0.0,17.378288178068633,22.212383247030527,7.0,winning,chaotic,attacking,attacking,pass_interception,pass,0.094,1.0,0.0,4205,2015213.0,
2015213_1592_1612,,,,,,,,,,,,,,,,,,,,,,0.094,1.0,0.0,4206,2015213.0,frame_missing
2015213_1592_1612,2015213.0,1612.0,21727.0,21727.0,23883.0,Western United,1803.0,20.117460078250435,93.05811195161871,20.117460078250435,7.358940141080103,0.0,6.712771409782996,20.632538299149157,1.0,winning,chaotic,attacking,attacking,recovery,pass,0.094,1.0,0.0,4207,2015213.0,
2015213_1857_1911,2015213.0,1857.0,23715.0,23715.0,133498.0,Auckland FC,4177.0,35.22675829536405,79.13295457645948,79.13295457645948,0.0,1.0,8.16921660870857,19.09644735170685,3.0,losing,medium_block,attacking,attacking,pass_interception,pass,0.1197,1.0,0.0,4208,2015213.0,
2015213_1857_1911,,,,,,,,,,,,,,,,,,,,,,0.1197,1.0,0.0,4209,2015213.0,frame_missing
2015213_1857_1911,,,,,,,,,,,,,,,,,,,,,,0.1197,1.0,0.0,4210,2015213.0,frame_missing
2015213_1857_1911,,,,,,,,,,,,,,,,,,,,,,0.1197,1.0,0.0,4211,2015213.0,frame_missing
2015213_1857_1911,,,,,,,,,,,,,,,,,,,,,,0.1197,1.0,0.0,4212,2015213.0,frame_missing
2015213_1857_1911,,,,,,,,,,,,,,,,,,,,,,0.1197,1.0,0.0,4213,2015213.0,frame_missing
2015213_1857_1911,,,,,,,,,,,,,,,,,,,,,,0.1197,1.0,0.0,4214,2015213.0,frame_missing
2015213_1857_1911,,,,,,,,,,,,,,,,,,,,,,0.1197,1.0,0.0,4215,2015213.0,frame_missing
2015213_1857_1911,,,,,,,,,,,,,,,,,,,,,,0.1197,1.0,0.0,4216,2015213.0,frame_missing
2015213_1857_1911,,,,,,,,,,,,,,,,,,,,,,0.1197,1.0,0.0,4217,2015213.0,frame_missing
2015213_1857_1911,,,,,,,,,,,,,,,,,,,,,,0.1197,1.0,0.0,4218,2015213.0,frame_missing
2015213_1857_1911,,,,,,,,,,,,,,,,,,,,,,0.1197,1.0,0.0,4219,2015213.0,frame_missing
2015213_1857_1911,,,,,,,,,,,,,,,,,,,,,,0.1197,1.0,0.0,4220,2015213.0,frame_missing
2015213_1857_1911,,,,,,,,,,,,,,,,,,,,,,0.1197,1.0,0.0,4221,2015213.0,frame_missing
2015213_1857_1911,,,,,,,,,,,,,,,,,,,,,,0.1197,1.0,0.0,4222,2015213.0,frame_missing
2015213_1857_1911,,,,,,,,,,,,,,,,,,,,,,0.1197,1.0,0.0,4223,2015213.0,frame_missing
2015213_1857_1911,,,,,,,,,,,,,,,,,,,,,,0.1197,1.0,0.0,4224,2015213.0,frame_missing
2015213_1857_1911,,,,,,,,,,,,,,,,,,,,,,0.1197,1.0,0.0,4225,2015213.0,frame_missing
2015213_1857_1911,,,,,,,,,,,,,,,,,,,,,,0.1197,1.0,0.0,4226,2015213.0,frame_missing
2015213_1857_1911,,,,,,,,,,,,,,,,,,,,,,0.1197,1.0,0.0,4227,2015213.0,frame_missing
2015213_1857_1911,,,,,,,,,,,,,,,,,,,,,,0.1197,1.0,0.0,4228,2015213.0,frame_missing
2015213_1857_1911,,,,,,,,,,,,,,,,,,,,,,0.1197,1.0,0.0,4229,2015213.0,frame_missing
2015213_1857_1911,,,,,,,,,,,,,,,,,,,,,,0.1197,1.0,0.0,4230,2015213.0,frame_missing
2015213_1857_1921,2015213.0,1857.0,23715.0,23715.0,133498.0,Auckland FC,4177.0,35.22675829536405,79.13295457645948,79.13295457645948,0.0,1.0,8.16921660870857,19.09644735170685,3.0,losing,medium_block,attacking,attacking,pass_interception,pass,0.1197,1.0,0.0,4231,2015213.0,
2015213_1857_1921,,,,,,,,,,,,,,,,,,,,,,0.1197,1.0,0.0,4232,2015213.0,frame_missing
2015213_1857_1921,,,,,,,,,,,,,,,,,,,,,,0.1197,1.0,0.0,4233,2015213.0,frame_missing
2015213_1857_1921,,,,,,,,,,,,,,,,,,,,,,0.1197,1.0,0.0,4234,2015213.0,frame_missing
2015213_1857_1921,,,,,,,,,,,,,,,,,,,,,,0.1197,1.0,0.0,4235,2015213.0,frame_missing
2015213_1857_1921,,,,,,,,,,,,,,,,,,,,,,0.1197,1.0,0.0,4236,2015213.0,frame_missing
2015213_1857_1921,,,,,,,,,,,,,,,,,,,,,,0.1197,1.0,0.0,4237,2015213.0,frame_missing
2015213_1857_1921,,,,,,,,,,,,,,,,,,,,,,0.1197,1.0,0.0,4238,2015213.0,frame_missing
2015213_1857_1921,,,,,,,,,,,,,,,,,,,,,,0.1197,1.0,0.0,4239,2015213.0,frame_missing
2015213_1857_1921,,,,,,,,,,,,,,,,,,,,,,0.1197,1.0,0.0,4240,2015213.0,frame_missing
2015213_1857_1921,,,,,,,,,,,,,,,,,,,,,,0.1197,1.0,0.0,4241,2015213.0,frame_missing
2015213_1857_1921,,,,,,,,,,,,,,,,,,,,,,0.1197,1.0,0.0,4242,2015213.0,frame_missing
2015213_1857_1921,,,,,,,,,,,,,,,,,,,,,,0.1197,1.0,0.0,4243,2015213.0,frame_missing
2015213_1857_1921,,,,,,,,,,,,,,,,,,,,,,0.1197,1.0,0.0,4244,2015213.0,frame_missing
2015213_1857_1921,,,,,,,,,,,,,,,,,,,,,,0.1197,1.0,0.0,4245,2015213.0,frame_missing
2015213_1857_1921,,,,,,,,,,,,,,,,,,,,,,0.1197,1.0,0.0,4246,2015213.0,frame_missing
2015213_1857_1921,,,,,,,,,,,,,,,,,,,,,,0.1197,1.0,0.0,4247,2015213.0,frame_missing
2015213_1857_1921,,,,,,,,,,,,,,,,,,,,,,0.1197,1.0,0.0,4248,2015213.0,frame_missing
2015213_1857_1921,,,,,,,,,,,,,,,,,,,,,,0.1197,1.0,0.0,4249,2015213.0,frame_missing
2015213_1857_1921,,,,,,,,,,,,,,,,,,,,,,0.1197,1.0,0.0,4250,2015213.0,frame_missing
2015213_1857_1921,,,,,,,,,,,,,,,,,,,,,,0.1197,1.0,0.0,4251,2015213.0,frame_missing
2015213_1857_1921,,,,,,,,,,,,,,,,,,,,,,0.1197,1.0,0.0,4252,2015213.0,frame_missing
2015213_1857_1921,,,,,,,,,,,,,,,,,,,,,,0.1197,1.0,0.0,4253,2015213.0,frame_missing
2015213_1857_1921,,,,,,,,,,,,,,,,,,,,,,0.1197,1.0,0.0,4254,2015213.0,frame_missing
2015213_1857_1921,2015213.0,1915.0,24086.0,24086.0,51008.0,Western United,1803.0,22.709427557734696,94.32294577673028,94.32294577673028,9.431887403908085,0.0,3.0730440934031513,21.74520881042188,8.0,losing,medium_block,defensive,defensive,pass_interception,pass,0.1197,1.0,0.0,4255,2015213.0,
2015213_1857_1921,,,,,,,,,,,,,,,,,,,,,,0.1197,1.0,0.0,4256,2015213.0,frame_missing
2015213_1857_1966,2015213.0,1857.0,23715.0,23715.0,133498.0,Auckland FC,4177.0,35.22675829536405,79.13295457645948,79.13295457645948,0.0,1.0,8.16921660870857,19.09644735170685,3.0,losing,medium_block,attacking,attacking,pass_interception,pass,0.1197,1.0,0.0,4257,2015213.0,
2015213_1857_1966,,,,,,,,,,,,,,,,,,,,,,0.1197,1.0,0.0,4258,2015213.0,frame_missing
2015213_1857_1966,,,,,,,,,,,,,,,,,,,,,,0.1197,1.0,0.0,4259,2015213.0,frame_missing
2015213_1857_1966,,,,,,,,,,,,,,,,,,,,,,0.1197,1.0,0.0,4260,2015213.0,frame_missing
2015213_1857_1966,,,,,,,,,,,,,,,,,,,,,,0.1197,1.0,0.0,4261,2015213.0,frame_missing
2015213_1857_1966,,,,,,,,,,,,,,,,,,,,,,0.1197,1.0,0.0,4262,2015213.0,frame_missing
2015213_1857_1966,,,,,,,,,,,,,,,,,,,,,,0.1197,1.0,0.0,4263,2015213.0,frame_missing
2015213_1857_1966,,,,,,,,,,,,,,,,,,,,,,0.1197,1.0,0.0,4264,2015213.0,frame_missing
2015213_1857_1966,,,,,,,,,,,,,,,,,,,,,,0.1197,1.0,0.0,4265,2015213.0,frame_missing
2015213_1857_1966,,,,,,,,,,,,,,,,,,,,,,0.1197,1.0,0.0,4266,2015213.0,frame_missing
2015213_1857_1966,,,,,,,,,,,,,,,,,,,,,,0.1197,1.0,0.0,4267,2015213.0,frame_missing
2015213_1857_1966,,,,,,,,,,,,,,,,,,,,,,0.1197,1.0,0.0,4268,2015213.0,frame_missing
2015213_1857_1966,,,,,,,,,,,,,,,,,,,,,,0.1197,1.0,0.0,4269,2015213.0,frame_missing
2015213_1857_1966,,,,,,,,,,,,,,,,,,,,,,0.1197,1.0,0.0,4270,2015213.0,frame_missing
2015213_1857_1966,,,,,,,,,,,,,,,,,,,,,,0.1197,1.0,0.0,4271,2015213.0,frame_missing
2015213_1857_1966,,,,,,,,,,,,,,,,,,,,,,0.1197,1.0,0.0,4272,2015213.0,frame_missing
2015213_1857_1966,,,,,,,,,,,,,,,,,,,,,,0.1197,1.0,0.0,4273,2015213.0,frame_missing
2015213_1857_1966,,,,,,,,,,,,,,,,,,,,,,0.1197,1.0,0.0,4274,2015213.0,frame_missing
2015213_1857_1966,,,,,,,,,,,,,,,,,,,,,,0.1197,1.0,0.0,4275,2015213.0,frame_missing
2015213_1857_1966,,,,,,,,,,,,,,,,,,,,,,0.1197,1.0,0.0,4276,2015213.0,frame_missing
2015213_1857_1966,,,,,,,,,,,,,,,,,,,,,,0.1197,1.0,0.0,4277,2015213.0,frame_missing
2015213_1857_1966,,,,,,,,,,,,,,,,,,,,,,0.1197,1.0,0.0,4278,2015213.0,frame_missing
2015213_1857_1966,,,,,,,,,,,,,,,,,,,,,,0.1197,1.0,0.0,4279,2015213.0,frame_missing
2015213_1857_1966,,,,,,,,,,,,,,,,,,,,,,0.1197,1.0,0.0,4280,2015213.0,frame_missing
2015213_1857_1966,2015213.0,1915.0,24086.0,24086.0,51008.0,Western United,1803.0,22.709427557734696,94.32294577673028,94.32294577673028,9.431887403908085,0.0,3.0730440934031513,21.74520881042188,8.0,losing,medium_block,defensive,defensive,pass_interception,pass,0.1197,1.0,0.0,4281,2015213.0,
2015213_1857_1966,,,,,,,,,,,,,,,,,,,,,,0.1197,1.0,0.0,4282,2015213.0,frame_missing
2015213_1857_1966,,,,,,,,,,,,,,,,,,,,,,0.1197,1.0,0.0,4283,2015213.0,frame_missing
2015213_1857_1966,2015213.0,1928.0,24105.0,24105.0,14736.0,Auckland FC,4177.0,32.142744126785445,75.63303511032728,32.142744126785445,0.0,1.0,12.537563559160924,19.645137687196197,3.0,losing,medium_block,defensive,defensive,pass_interception,pass,0.1197,1.0,0.0,4284,2015213.0,
2015213_1857_1966,,,,,,,,,,,,,,,,,,,,,,0.1197,1.0,0.0,4285,2015213.0,frame_missing
2015213_1857_1966,,,,,,,,,,,,,,,,,,,,,,0.1197,1.0,0.0,4286,2015213.0,frame_missing
2015213_1857_1966,,,,,,,,,,,,,,,,,,,,,,0.1197,1.0,0.0,4287,2015213.0,frame_missing
2015213_1857_1966,,,,,,,,,,,,,,,,,,,,,,0.1197,1.0,0.0,4288,2015213.0,frame_missing
2015213_1857_1966,,,,,,,,,,,,,,,,,,,,,,0.1197,1.0,0.0,4289,2015213.0,frame_missing
2015213_1857_1966,,,,,,,,,,,,,,,,,,,,,,0.1197,1.0,0.0,4290,2015213.0,frame_missing
2015213_1857_1966,,,,,,,,,,,,,,,,,,,,,,0.1197,1.0,0.0,4291,2015213.0,frame_missing
2015213_1857_1966,,,,,,,,,,,,,,,,,,,,,,0.1197,1.0,0.0,4292,2015213.0,frame_missing
2015213_1857_1966,,,,,,,,,,,,,,,,,,,,,,0.1197,1.0,0.0,4293,2015213.0,frame_missing
2015213_1857_1966,,,,,,,,,,,,,,,,,,,,,,0.1197,1.0,0.0,4294,2015213.0,frame_missing
2015213_1857_1966,,,,,,,,,,,,,,,,,,,,,,0.1197,1.0,0.0,4295,2015213.0,frame_missing
2015213_1857_1966,,,,,,,,,,,,,,,,,,,,,,0.1197,1.0,0.0,4296,2015213.0,frame_missing
2015213_1857_1966,,,,,,,,,,,,,,,,,,,,,,0.1197,1.0,0.0,4297,2015213.0,frame_missing
2015213_1857_1966,,,,,,,,,,,,,,,,,,,,,,0.1197,1.0,0.0,4298,2015213.0,frame_missing
2015213_1857_1966,,,,,,,,,,,,,,,,,,,,,,0.1197,1.0,0.0,4299,2015213.0,frame_missing
2015213_1915_1971,2015213.0,1915.0,24086.0,24086.0,51008.0,Western United,1803.0,22.709427557734696,94.32294577673028,94.32294577673028,9.431887403908085,0.0,3.0730440934031513,21.74520881042188,8.0,winning,disruption,defensive,defensive,pass_interception,pass,0.0247,1.0,0.0,4300,2015213.0,
2015213_1915_1971,,,,,,,,,,,,,,,,,,,,,,0.0247,1.0,0.0,4301,2015213.0,frame_missing
2015213_1915_1971,,,,,,,,,,,,,,,,,,,,,,0.0247,1.0,0.0,4302,2015213.0,frame_missing
2015213_1915_1971,2015213.0,1928.0,24105.0,24105.0,14736.0,Auckland FC,4177.0,32.142744126785445,75.63303511032728,32.142744126785445,0.0,1.0,12.537563559160924,19.645137687196197,3.0,winning,disruption,defensive,defensive,pass_interception,pass,0.0247,1.0,0.0,4303,2015213.0,
2015213_1915_1971,,,,,,,,,,,,,,,,,,,,,,0.0247,1.0,0.0,4304,2015213.0,frame_missing
2015213_1915_1971,,,,,,,,,,,,,,,,,,,,,,0.0247,1.0,0.0,4305,2015213.0,frame_missing
2015213_1915_1971,,,,,,,,,,,,,,,,,,,,,,0.0247,1.0,0.0,4306,2015213.0,frame_missing
2015213_1915_1971,,,,,,,,,,,,,,,,,,,,,,0.0247,1.0,0.0,4307,2015213.0,frame_missing
2015213_1915_1971,,,,,,,,,,,,,,,,,,,,,,0.0247,1.0,0.0,4308,2015213.0,frame_missing
2015213_1915_1971,,,,,,,,,,,,,,,,,,,,,,0.0247,1.0,0.0,4309,2015213.0,frame_missing
2015213_1915_1971,,,,,,,,,,,,,,,,,,,,,,0.0247,1.0,0.0,4310,2015213.0,frame_missing
2015213_1915_1971,,,,,,,,,,,,,,,,,,,,,,0.0247,1.0,0.0,4311,2015213.0,frame_missing
2015213_1915_1971,,,,,,,,,,,,,,,,,,,,,,0.0247,1.0,0.0,4312,2015213.0,frame_missing
2015213_1915_1971,,,,,,,,,,,,,,,,,,,,,,0.0247,1.0,0.0,4313,2015213.0,frame_missing
2015213_1915_1971,,,,,,,,,,,,,,,,,,,,,,0.0247,1.0,0.0,4314,2015213.0,frame_missing
2015213_1915_1971,,,,,,,,,,,,,,,,,,,,,,0.0247,1.0,0.0,4315,2015213.0,frame_missing
2015213_1915_1971,,,,,,,,,,,,,,,,,,,,,,0.0247,1.0,0.0,4316,2015213.0,frame_missing
2015213_1915_1971,,,,,,,,,,,,,,,,,,,,,,0.0247,1.0,0.0,4317,2015213.0,frame_missing
2015213_1915_1971,,,,,,,,,,,,,,,,,,,,,,0.0247,1.0,0.0,4318,2015213.0,frame_missing
2015213_1915_1971,2015213.0,1971.0,24346.0,24346.0,560916.0,Western United,1803.0,33.71269790449883,77.59604371358118,77.59604371358118,1.9293781381574726,1.0,10.08766573593713,23.011927832489995,2.0,winning,disruption,defensive,defensive,recovery,pass,0.0247,1.0,0.0,4319,2015213.0,
2015213_1928_1971,2015213.0,1928.0,24105.0,24105.0,14736.0,Auckland FC,4177.0,32.142744126785445,75.63303511032728,32.142744126785445,0.0,1.0,12.537563559160924,19.645137687196197,3.0,losing,low_block,defensive,defensive,pass_interception,pass,0.0247,1.0,1.0,4320,2015213.0,
2015213_1928_1971,,,,,,,,,,,,,,,,,,,,,,0.0247,1.0,1.0,4321,2015213.0,frame_missing
2015213_1928_1971,,,,,,,,,,,,,,,,,,,,,,0.0247,1.0,1.0,4322,2015213.0,frame_missing
2015213_1928_1971,,,,,,,,,,,,,,,,,,,,,,0.0247,1.0,1.0,4323,2015213.0,frame_missing
2015213_1928_1971,,,,,,,,,,,,,,,,,,,,,,0.0247,1.0,1.0,4324,2015213.0,frame_missing
2015213_1928_1971,,,,,,,,,,,,,,,,,,,,,,0.0247,1.0,1.0,4325,2015213.0,frame_missing
2015213_1928_1971,,,,,,,,,,,,,,,,,,,,,,0.0247,1.0,1.0,4326,2015213.0,frame_missing
2015213_1928_1971,,,,,,,,,,,,,,,,,,,,,,0.0247,1.0,1.0,4327,2015213.0,frame_missing
2015213_1928_1971,,,,,,,,,,,,,,,,,,,,,,0.0247,1.0,1.0,4328,2015213.0,frame_missing
2015213_1928_1971,,,,,,,,,,,,,,,,,,,,,,0.0247,1.0,1.0,4329,2015213.0,frame_missing
2015213_1928_1971,,,,,,,,,,,,,,,,,,,,,,0.0247,1.0,1.0,4330,2015213.0,frame_missing
2015213_1928_1971,,,,,,,,,,,,,,,,,,,,,,0.0247,1.0,1.0,4331,2015213.0,frame_missing
2015213_1928_1971,,,,,,,,,,,,,,,,,,,,,,0.0247,1.0,1.0,4332,2015213.0,frame_missing
2015213_1928_1971,,,,,,,,,,,,,,,,,,,,,,0.0247,1.0,1.0,4333,2015213.0,frame_missing
2015213_1928_1971,,,,,,,,,,,,,,,,,,,,,,0.0247,1.0,1.0,4334,2015213.0,frame_missing
2015213_1928_1971,,,,,,,,,,,,,,,,,,,,,,0.0247,1.0,1.0,4335,2015213.0,frame_missing
2015213_1928_1971,2015213.0,1971.0,24346.0,24346.0,560916.0,Western United,1803.0,33.71269790449883,77.59604371358118,77.59604371358118,1.9293781381574726,1.0,10.08766573593713,23.011927832489995,2.0,losing,low_block,defensive,defensive,recovery,pass,0.0247,1.0,1.0,4336,2015213.0,
2015213_2153_2167,2015213.0,2153.0,26230.0,26270.0,26844.0,Western United,1803.0,33.9448803208967,79.02376161636448,33.9448803208967,14.94649791757253,0.0,4.881085944746314,26.885542983490346,6.0,winning,defending_quick_break,attacking,attacking,pass_interception,pass,0.0099,0.0,0.0,4337,2015213.0,
2015213_2153_2167,,,,,,,,,,,,,,,,,,,,,,0.0099,0.0,0.0,4338,2015213.0,frame_missing
2015213_2153_2167,,,,,,,,,,,,,,,,,,,,,,0.0099,0.0,0.0,4339,2015213.0,frame_missing
2015213_2153_2167,,,,,,,,,,,,,,,,,,,,,,0.0099,0.0,0.0,4340,2015213.0,frame_missing
2015213_2153_2167,,,,,,,,,,,,,,,,,,,,,,0.0099,0.0,0.0,4341,2015213.0,frame_missing
2015213_2153_2167,,,,,,,,,,,,,,,,,,,,,,,,,4342,,no_player_id
2015213_2153_2167,,,,,,,,,,,,,,,,,,,,,,0.0099,0.0,0.0,4343,2015213.0,frame_missing
2015213_2153_2167,,,,,,,,,,,,,,,,,,,,,,0.0099,0.0,0.0,4344,2015213.0,frame_missing
2015213_2153_2167,,,,,,,,,,,,,,,,,,,,,,0.0099,0.0,0.0,4345,2015213.0,frame_missing
2015213_2207_2247,2015213.0,2207.0,27079.0,27087.0,23883.0,Western United,1803.0,38.71245406842609,68.5649626266944,68.5649626266944,18.120684313789038,0.0,14.442174351530314,23.78634655557773,11.0,winning,medium_block,middle,middle,pass_interception,pass,0.0108,0.0,0.0,4346,2015213.0,
2015213_2207_2247,,,,,,,,,,,,,,,,,,,,,,0.0108,0.0,0.0,4347,2015213.0,frame_missing
2015213_2207_2247,,,,,,,,,,,,,,,,,,,,,,0.0108,0.0,0.0,4348,2015213.0,frame_missing
2015213_2207_2247,,,,,,,,,,,,,,,,,,,,,,0.0108,0.0,0.0,4349,2015213.0,frame_missing
2015213_2207_2247,,,,,,,,,,,,,,,,,,,,,,0.0108,0.0,0.0,4350,2015213.0,frame_missing
2015213_2207_2247,,,,,,,,,,,,,,,,,,,,,,0.0108,0.0,0.0,4351,2015213.0,frame_missing
2015213_2207_2247,,,,,,,,,,,,,,,,,,,,,,0.0108,0.0,0.0,4352,2015213.0,frame_missing
2015213_2207_2247,,,,,,,,,,,,,,,,,,,,,,0.0108,0.0,0.0,4353,2015213.0,frame_missing
2015213_2207_2247,,,,,,,,,,,,,,,,,,,,,,0.0108,0.0,0.0,4354,2015213.0,frame_missing
2015213_2207_2247,,,,,,,,,,,,,,,,,,,,,,0.0108,0.0,0.0,4355,2015213.0,frame_missing
2015213_2207_2247,,,,,,,,,,,,,,,,,,,,,,0.0108,0.0,0.0,4356,2015213.0,frame_missing
2015213_2207_2247,,,,,,,,,,,,,,,,,,,,,,0.0108,0.0,0.0,4357,2015213.0,frame_missing
2015213_2207_2247,,,,,,,,,,,,,,,,,,,,,,0.0108,0.0,0.0,4358,2015213.0,frame_missing
2015213_2207_2247,,,,,,,,,,,,,,,,,,,,,,0.0108,0.0,0.0,4359,2015213.0,frame_missing
2015213_2207_2247,,,,,,,,,,,,,,,,,,,,,,0.0108,0.0,0.0,4360,2015213.0,frame_missing
2015213_2207_2247,,,,,,,,,,,,,,,,,,,,,,0.0108,0.0,0.0,4361,2015213.0,frame_missing
2015213_2207_2247,,,,,,,,,,,,,,,,,,,,,,0.0108,0.0,0.0,4362,2015213.0,frame_missing
2015213_2463_2471,2015213.0,2463.0,30428.0,30428.0,38673.0,Auckland FC,4177.0,37.94546876769346,67.20385852017725,67.20385852017725,5.041239926843395,0.0,11.54395512811792,17.669380702479792,7.0,losing,chaotic,middle,middle,recovery,pass,0.004,0.0,0.0,4363,2015213.0,
2015213_2463_2471,,,,,,,,,,,,,,,,,,,,,,0.004,0.0,0.0,4364,2015213.0,frame_missing
2015213_2463_2471,,,,,,,,,,,,,,,,,,,,,,0.004,0.0,0.0,4365,2015213.0,frame_missing
2015213_2463_2471,,,,,,,,,,,,,,,,,,,,,,0.004,0.0,0.0,4366,2015213.0,frame_missing
2015213_2535_2540,2015213.0,2535.0,40896.0,40896.0,809670.0,Western United,1803.0,35.136471080630734,75.8259296019508,75.8259296019508,3.885421470059588,1.0,5.537698077721463,18.434271067639262,4.0,winning,chaotic,attacking,attacking,pass_interception,pass,0.0428,1.0,0.0,4367,2015213.0,
2015213_2535_2540,,,,,,,,,,,,,,,,,,,,,,0.0428,1.0,0.0,4368,2015213.0,frame_missing
2015213_2535_2540,2015213.0,2540.0,40920.0,40920.0,163972.0,Auckland FC,4177.0,30.165311203433657,80.2579964863315,30.165311203433657,3.349701479236621,4.0,5.78262915981995,17.153807078860613,1.0,winning,chaotic,attacking,attacking,pass_interception,pass,0.0428,1.0,0.0,4369,2015213.0,
2015213_2552_2567,2015213.0,2552.0,40973.0,40997.0,163972.0,Auckland FC,4177.0,28.41095035369285,79.97050768877236,28.41095035369285,1.9720294115453754,2.0,8.293328644157302,16.174298575690045,1.0,losing,medium_block,attacking,attacking,recovery,pass,0.0249,1.0,0.0,4370,2015213.0,
2015213_2552_2567,,,,,,,,,,,,,,,,,,,,,,0.0249,1.0,0.0,4371,2015213.0,frame_missing
2015213_2552_2567,,,,,,,,,,,,,,,,,,,,,,0.0249,1.0,0.0,4372,2015213.0,frame_missing
2015213_2552_2567,,,,,,,,,,,,,,,,,,,,,,0.0249,1.0,0.0,4373,2015213.0,frame_missing
2015213_2552_2567,,,,,,,,,,,,,,,,,,,,,,0.0249,1.0,0.0,4374,2015213.0,frame_missing
2015213_2552_2567,,,,,,,,,,,,,,,,,,,,,,0.0249,1.0,0.0,4375,2015213.0,frame_missing
2015213_2552_2567,,,,,,,,,,,,,,,,,,,,,,0.0249,1.0,0.0,4376,2015213.0,frame_missing
2015213_2552_2567,,,,,,,,,,,,,,,,,,,,,,,,,4377,,no_player_id
2015213_2616_2650,2015213.0,2616.0,41732.0,41743.0,4322.0,Auckland FC,4177.0,57.54190212358295,65.35113235438236,57.54190212358295,7.804332130297889,0.0,7.235039737278573,19.839325804260575,6.0,losing,medium_block,middle,middle,pass_interception,pass,0.0048,0.0,1.0,4378,2015213.0,
2015213_2616_2650,,,,,,,,,,,,,,,,,,,,,,0.0048,0.0,1.0,4379,2015213.0,frame_missing
2015213_2616_2650,,,,,,,,,,,,,,,,,,,,,,0.0048,0.0,1.0,4380,2015213.0,frame_missing
2015213_2616_2650,,,,,,,,,,,,,,,,,,,,,,0.0048,0.0,1.0,4381,2015213.0,frame_missing
2015213_2616_2650,,,,,,,,,,,,,,,,,,,,,,0.0048,0.0,1.0,4382,2015213.0,frame_missing
2015213_2616_2650,,,,,,,,,,,,,,,,,,,,,,0.0048,0.0,1.0,4383,2015213.0,frame_missing
2015213_2616_2650,,,,,,,,,,,,,,,,,,,,,,0.0048,0.0,1.0,4384,2015213.0,frame_missing
2015213_2616_2650,,,,,,,,,,,,,,,,,,,,,,0.0048,0.0,1.0,4385,2015213.0,frame_missing
2015213_2616_2650,,,,,,,,,,,,,,,,,,,,,,0.0048,0.0,1.0,4386,2015213.0,frame_missing
2015213_2616_2650,,,,,,,,,,,,,,,,,,,,,,0.0048,0.0,1.0,4387,2015213.0,frame_missing
2015213_2616_2650,,,,,,,,,,,,,,,,,,,,,,,,,4388,,no_player_id
2015213_2616_2650,,,,,,,,,,,,,,,,,,,,,,0.0048,0.0,1.0,4389,2015213.0,frame_missing
2015213_2616_2650,,,,,,,,,,,,,,,,,,,,,,0.0048,0.0,1.0,4390,2015213.0,frame_missing
2015213_2834_2844,2015213.0,2834.0,44206.0,44206.0,26844.0,Western United,1803.0,45.74819449989256,62.22216084322369,62.22216084322369,7.53241661088923,0.0,8.263613011268134,23.421114833048733,7.0,winning,chaotic,middle,middle,pass_interception,pass,0.0029,0.0,0.0,4391,2015213.0,
2015213_2834_2844,,,,,,,,,,,,,,,,,,,,,,0.0029,0.0,0.0,4392,2015213.0,frame_missing
2015213_2834_2844,,,,,,,,,,,,,,,,,,,,,,0.0029,0.0,0.0,4393,2015213.0,frame_missing
2015213_2834_2844,,,,,,,,,,,,,,,,,,,,,,0.0029,0.0,0.0,4394,2015213.0,frame_missing
2015213_2834_2844,,,,,,,,,,,,,,,,,,,,,,0.0029,0.0,0.0,4395,2015213.0,frame_missing
2015213_2834_2844,2015213.0,2844.0,44270.0,44270.0,43829.0,Auckland FC,4177.0,49.66250597785013,63.86833722588995,49.66250597785013,2.1945614596087313,2.0,4.312134042443485,17.634816062189163,3.0,winning,chaotic,middle,middle,recovery,pass,0.0029,0.0,0.0,4396,2015213.0,
2015213_2856_2870,2015213.0,2856.0,44319.0,44327.0,560916.0,Western United,1803.0,50.070595163229285,54.94965423003133,54.94965423003133,6.511175009166932,0.0,7.025894960786134,19.257962644514148,8.0,winning,medium_block,middle,middle,pass_interception,pass,0.0237,1.0,0.0,4397,2015213.0,
2015213_2856_2870,,,,,,,,,,,,,,,,,,,,,,0.0237,1.0,0.0,4398,2015213.0,frame_missing
2015213_2856_2870,,,,,,,,,,,,,,,,,,,,,,0.0237,1.0,0.0,4399,2015213.0,frame_missing
2015213_2856_2870,,,,,,,,,,,,,,,,,,,,,,0.0237,1.0,0.0,4400,2015213.0,frame_missing
2015213_2856_2870,,,,,,,,,,,,,,,,,,,,,,0.0237,1.0,0.0,4401,2015213.0,frame_missing
2015213_2856_2870,,,,,,,,,,,,,,,,,,,,,,,,,4402,,no_player_id
2015213_2918_2919,2015213.0,2918.0,45033.0,45033.0,51675.0,Western United,1803.0,55.049174380729816,59.97842612139802,55.049174380729816,6.713449188010586,0.0,7.8173972650748675,22.2842432126963,6.0,winning,chaotic,middle,middle,pass_interception,pass,0.0329,1.0,0.0,4403,2015213.0,
2015213_2918_2919,,,,,,,,,,,,,,,,,,,,,,0.0329,1.0,0.0,4404,2015213.0,frame_missing
2015213_2925_2957,2015213.0,2925.0,45123.0,45139.0,50951.0,Auckland FC,4177.0,37.39417735423525,69.29952741541605,69.29952741541605,5.284865182764834,0.0,16.3747641204385,21.264771150933647,4.0,losing,high_block,middle,middle,recovery,pass,0.001,0.0,0.0,4405,2015213.0,
2015213_2925_2957,,,,,,,,,,,,,,,,,,,,,,0.001,0.0,0.0,4406,2015213.0,frame_missing
2015213_2925_2957,,,,,,,,,,,,,,,,,,,,,,0.001,0.0,0.0,4407,2015213.0,frame_missing
2015213_2925_2957,,,,,,,,,,,,,,,,,,,,,,0.001,0.0,0.0,4408,2015213.0,frame_missing
2015213_2925_2957,,,,,,,,,,,,,,,,,,,,,,0.001,0.0,0.0,4409,2015213.0,frame_missing
2015213_2925_2957,,,,,,,,,,,,,,,,,,,,,,0.001,0.0,0.0,4410,2015213.0,frame_missing
2015213_2925_2957,,,,,,,,,,,,,,,,,,,,,,0.001,0.0,0.0,4411,2015213.0,frame_missing
2015213_2925_2957,,,,,,,,,,,,,,,,,,,,,,0.001,0.0,0.0,4412,2015213.0,frame_missing
2015213_2925_2957,,,,,,,,,,,,,,,,,,,,,,0.001,0.0,0.0,4413,2015213.0,frame_missing
2015213_2925_2957,,,,,,,,,,,,,,,,,,,,,,0.001,0.0,0.0,4414,2015213.0,frame_missing
2015213_2925_2957,,,,,,,,,,,,,,,,,,,,,,0.001,0.0,0.0,4415,2015213.0,frame_missing
2015213_2925_2957,,,,,,,,,,,,,,,,,,,,,,,,,4416,,no_player_id
2015213_2964_2984,2015213.0,2964.0,45453.0,45453.0,26844.0,Western United,1803.0,53.04306363701101,66.95570625420959,66.95570625420959,3.2323366161339058,1.0,3.0633968074671603,30.265858610688568,7.0,winning,defending_transition,middle,middle,recovery,pass,0.0607,1.0,0.0,4417,2015213.0,
2015213_2964_2984,,,,,,,,,,,,,,,,,,,,,,0.0607,1.0,0.0,4418,2015213.0,frame_missing
2015213_2964_2984,,,,,,,,,,,,,,,,,,,,,,0.0607,1.0,0.0,4419,2015213.0,frame_missing
2015213_2964_2984,,,,,,,,,,,,,,,,,,,,,,0.0607,1.0,0.0,4420,2015213.0,frame_missing
2015213_2964_2984,,,,,,,,,,,,,,,,,,,,,,0.0607,1.0,0.0,4421,2015213.0,frame_missing
2015213_2964_2984,,,,,,,,,,,,,,,,,,,,,,0.0607,1.0,0.0,4422,2015213.0,frame_missing
2015213_2964_2984,,,,,,,,,,,,,,,,,,,,,,0.0607,1.0,0.0,4423,2015213.0,frame_missing
2015213_2964_2984,,,,,,,,,,,,,,,,,,,,,,0.0607,1.0,0.0,4424,2015213.0,frame_missing
2015213_2964_2984,,,,,,,,,,,,,,,,,,,,,,,,,4425,,no_player_id
2015213_3030_3043,2015213.0,3030.0,46644.0,46644.0,163972.0,Auckland FC,4177.0,42.18590878480633,71.6474067918721,42.18590878480633,2.444442676767037,1.0,6.523871549931069,16.312560273047257,0.0,losing,chaotic,middle,middle,pass_interception,pass,0.0191,0.0,0.0,4426,2015213.0,
2015213_3030_3043,,,,,,,,,,,,,,,,,,,,,,0.0191,0.0,0.0,4427,2015213.0,frame_missing
2015213_3030_3043,,,,,,,,,,,,,,,,,,,,,,0.0191,0.0,0.0,4428,2015213.0,frame_missing
2015213_3030_3043,,,,,,,,,,,,,,,,,,,,,,0.0191,0.0,0.0,4429,2015213.0,frame_missing
2015213_3030_3043,2015213.0,3040.0,46678.0,46678.0,795529.0,Western United,1803.0,53.21445292399425,58.72970287682375,53.21445292399425,3.18276609256791,2.0,4.316769625541766,21.689172349070535,11.0,losing,chaotic,middle,middle,pass_interception,pass,0.0191,0.0,0.0,4430,2015213.0,
2015213_3030_3043,,,,,,,,,,,,,,,,,,,,,,0.0191,0.0,0.0,4431,2015213.0,frame_missing
2015213_3030_3043,,,,,,,,,,,,,,,,,,,,,,,,,4432,,no_player_id
2015213_3040_3047,2015213.0,3040.0,46678.0,46678.0,795529.0,Western United,1803.0,53.21445292399425,58.72970287682375,53.21445292399425,3.18276609256791,2.0,4.316769625541766,21.689172349070535,11.0,winning,chaotic,middle,middle,pass_interception,pass,0.0471,1.0,0.0,4433,2015213.0,
2015213_3040_3047,,,,,,,,,,,,,,,,,,,,,,0.0471,1.0,0.0,4434,2015213.0,frame_missing
2015213_3040_3047,,,,,,,,,,,,,,,,,,,,,,,,,4435,,no_player_id
2015213_3040_3047,,,,,,,,,,,,,,,,,,,,,,0.0471,1.0,0.0,4436,2015213.0,frame_missing
2015213_3040_3047,,,,,,,,,,,,,,,,,,,,,,0.0471,1.0,0.0,4437,2015213.0,frame_missing
2015213_3051_3062,2015213.0,3051.0,47330.0,47422.0,23883.0,Western United,1803.0,11.44025349369497,98.02132115004368,98.02132115004368,3.144789341116508,1.0,0.8052328855678899,23.98572808880046,1.0,winning,high_block,attacking,attacking,pass_interception,pass,0.0002,0.0,0.0,4438,2015213.0,
2015213_3051_3062,,,,,,,,,,,,,,,,,,,,,,0.0002,0.0,0.0,4439,2015213.0,frame_missing
2015213_3051_3062,,,,,,,,,,,,,,,,,,,,,,0.0002,0.0,0.0,4440,2015213.0,frame_missing
2015213_3051_3062,,,,,,,,,,,,,,,,,,,,,,0.0002,0.0,0.0,4441,2015213.0,frame_missing
2015213_3051_3062,,,,,,,,,,,,,,,,,,,,,,0.0002,0.0,0.0,4442,2015213.0,frame_missing
2015213_3051_3062,,,,,,,,,,,,,,,,,,,,,,,,,4443,,no_player_id
2015213_3159_3182,2015213.0,3159.0,48606.0,48618.0,133501.0,Auckland FC,4177.0,30.318398704417092,83.38168443968975,83.38168443968975,2.310086578464107,1.0,16.64828219366791,24.583145040185737,3.0,losing,high_block,defensive,defensive,pass_interception,pass,0.0074,0.0,0.0,4444,2015213.0,
2015213_3159_3182,,,,,,,,,,,,,,,,,,,,,,0.0074,0.0,0.0,4445,2015213.0,frame_missing
2015213_3159_3182,,,,,,,,,,,,,,,,,,,,,,0.0074,0.0,0.0,4446,2015213.0,frame_missing
2015213_3159_3182,,,,,,,,,,,,,,,,,,,,,,0.0074,0.0,0.0,4447,2015213.0,frame_missing
2015213_3159_3182,,,,,,,,,,,,,,,,,,,,,,0.0074,0.0,0.0,4448,2015213.0,frame_missing
2015213_3159_3182,,,,,,,,,,,,,,,,,,,,,,0.0074,0.0,0.0,4449,2015213.0,frame_missing
2015213_3159_3182,,,,,,,,,,,,,,,,,,,,,,,,,4450,,no_player_id
2015213_3159_3182,,,,,,,,,,,,,,,,,,,,,,0.0074,0.0,0.0,4451,2015213.0,frame_missing
2015213_3159_3182,,,,,,,,,,,,,,,,,,,,,,0.0074,0.0,0.0,4452,2015213.0,frame_missing
2015213_3159_3182,,,,,,,,,,,,,,,,,,,,,,0.0074,0.0,0.0,4453,2015213.0,frame_missing
2015213_3159_3182,,,,,,,,,,,,,,,,,,,,,,0.0074,0.0,0.0,4454,2015213.0,frame_missing
2015213_3215_3225,,,,,,,,,,,,,,,,,,,,,,,,,4455,,no_player_id
2015213_3215_3225,,,,,,,,,,,,,,,,,,,,,,,,0.0,4456,2015213.0,frame_missing
2015213_3215_3225,,,,,,,,,,,,,,,,,,,,,,,,0.0,4457,2015213.0,frame_missing
2015213_3215_3225,,,,,,,,,,,,,,,,,,,,,,,,0.0,4458,2015213.0,frame_missing
2015213_3215_3225,,,,,,,,,,,,,,,,,,,,,,,,,4459,,no_player_id
2015213_3215_3225,,,,,,,,,,,,,,,,,,,,,,,,,4460,,no_player_id
2015213_3215_3225,,,,,,,,,,,,,,,,,,,,,,,,0.0,4461,2015213.0,frame_missing
2015213_3215_3225,,,,,,,,,,,,,,,,,,,,,,,,,4462,,no_player_id
2015213_3441_3480,,,,,,,,,,,,,,,,,,,,,,,,,4463,,no_player_id
2015213_3441_3480,,,,,,,,,,,,,,,,,,,,,,0.0089,0.0,0.0,4464,2015213.0,frame_missing
2015213_3441_3480,,,,,,,,,,,,,,,,,,,,,,0.0089,0.0,0.0,4465,2015213.0,frame_missing
2015213_3441_3480,,,,,,,,,,,,,,,,,,,,,,0.0089,0.0,0.0,4466,2015213.0,frame_missing
2015213_3441_3480,,,,,,,,,,,,,,,,,,,,,,0.0089,0.0,0.0,4467,2015213.0,frame_missing
2015213_3441_3480,,,,,,,,,,,,,,,,,,,,,,0.0089,0.0,0.0,4468,2015213.0,frame_missing
2015213_3441_3480,,,,,,,,,,,,,,,,,,,,,,0.0089,0.0,0.0,4469,2015213.0,frame_missing
2015213_3441_3480,,,,,,,,,,,,,,,,,,,,,,0.0089,0.0,0.0,4470,2015213.0,frame_missing
2015213_3441_3480,,,,,,,,,,,,,,,,,,,,,,0.0089,0.0,0.0,4471,2015213.0,frame_missing
2015213_3441_3480,,,,,,,,,,,,,,,,,,,,,,0.0089,0.0,0.0,4472,2015213.0,frame_missing
2015213_3441_3480,,,,,,,,,,,,,,,,,,,,,,0.0089,0.0,0.0,4473,2015213.0,frame_missing
2015213_3441_3480,,,,,,,,,,,,,,,,,,,,,,0.0089,0.0,0.0,4474,2015213.0,frame_missing
2015213_3441_3480,,,,,,,,,,,,,,,,,,,,,,0.0089,0.0,0.0,4475,2015213.0,frame_missing
2015213_3441_3480,,,,,,,,,,,,,,,,,,,,,,0.0089,0.0,0.0,4476,2015213.0,frame_missing
2015213_3492_3509,2015213.0,3492.0,54408.0,54415.0,38673.0,Auckland FC,4177.0,42.88849262914238,67.00464759999862,42.88849262914238,2.613350340080719,1.0,6.5157654960871625,12.775841471274653,1.0,losing,medium_block,middle,middle,pass_interception,pass,0.0443,1.0,0.0,4477,2015213.0,
2015213_3492_3509,,,,,,,,,,,,,,,,,,,,,,0.0443,1.0,0.0,4478,2015213.0,frame_missing
2015213_3492_3509,,,,,,,,,,,,,,,,,,,,,,0.0443,1.0,0.0,4479,2015213.0,frame_missing
2015213_3492_3509,,,,,,,,,,,,,,,,,,,,,,0.0443,1.0,0.0,4480,2015213.0,frame_missing
2015213_3492_3509,,,,,,,,,,,,,,,,,,,,,,0.0443,1.0,0.0,4481,2015213.0,frame_missing
2015213_3492_3509,,,,,,,,,,,,,,,,,,,,,,,,,4482,,no_player_id
2015213_3535_3554,2015213.0,3535.0,55023.0,55023.0,43829.0,Auckland FC,4177.0,42.54625717968621,79.16049519804686,42.54625717968621,4.120800893030381,1.0,6.641694061005822,22.624987768002747,5.0,losing,chaotic,attacking,attacking,pass_interception,pass,0.046,1.0,0.0,4483,2015213.0,
2015213_3535_3554,,,,,,,,,,,,,,,,,,,,,,0.046,1.0,0.0,4484,2015213.0,frame_missing
2015213_3535_3554,,,,,,,,,,,,,,,,,,,,,,0.046,1.0,0.0,4485,2015213.0,frame_missing
2015213_3535_3554,,,,,,,,,,,,,,,,,,,,,,0.046,1.0,0.0,4486,2015213.0,frame_missing
2015213_3535_3554,,,,,,,,,,,,,,,,,,,,,,0.046,1.0,0.0,4487,2015213.0,frame_missing
2015213_3535_3554,,,,,,,,,,,,,,,,,,,,,,0.046,1.0,0.0,4488,2015213.0,frame_missing
2015213_3535_3554,,,,,,,,,,,,,,,,,,,,,,0.046,1.0,0.0,4489,2015213.0,frame_missing
2015213_3560_3570,2015213.0,3560.0,55121.0,55121.0,4322.0,Auckland FC,4177.0,51.76962043515482,64.74637904933371,64.74637904933371,5.817740111074057,0.0,14.086624861903577,28.742676951522398,2.0,losing,defending_direct,middle,middle,recovery,pass,0.0665,1.0,0.0,4490,2015213.0,
2015213_3560_3570,,,,,,,,,,,,,,,,,,,,,,0.0665,1.0,0.0,4491,2015213.0,frame_missing
2015213_3560_3570,,,,,,,,,,,,,,,,,,,,,,0.0665,1.0,0.0,4492,2015213.0,frame_missing
2015213_3560_3570,2015213.0,3570.0,55201.0,55201.0,809670.0,Western United,1803.0,29.976153856023625,78.18484379980559,78.18484379980559,7.7440041322303035,0.0,6.1576943737083925,28.709735473849392,4.0,losing,defending_direct,attacking,attacking,pass_interception,pass,0.0665,1.0,0.0,4493,2015213.0,
2015213_3588_3612,2015213.0,3588.0,55316.0,55485.0,957737.0,Western United,1803.0,10.223135526833241,100.16642401523576,100.16642401523576,10.99787706787087,0.0,9.435613387586416,23.231686551146023,3.0,winning,high_block,attacking,attacking,pass_interception,pass,0.0075,0.0,0.0,4494,2015213.0,
2015213_3588_3612,,,,,,,,,,,,,,,,,,,,,,0.0075,0.0,0.0,4495,2015213.0,frame_missing
2015213_3588_3612,,,,,,,,,,,,,,,,,,,,,,0.0075,0.0,0.0,4496,2015213.0,frame_missing
2015213_3588_3612,,,,,,,,,,,,,,,,,,,,,,0.0075,0.0,0.0,4497,2015213.0,frame_missing
2015213_3588_3612,,,,,,,,,,,,,,,,,,,,,,0.0075,0.0,0.0,4498,2015213.0,frame_missing
2015213_3588_3612,,,,,,,,,,,,,,,,,,,,,,,,,4499,,no_player_id
2015213_3649_3674,2015213.0,3649.0,56595.0,56608.0,50951.0,Auckland FC,4177.0,25.17270148394884,81.09663926452193,81.09663926452193,2.7760583567353203,1.0,6.206335472724625,17.5880772018845,5.0,losing,high_block,defensive,defensive,pass_interception,pass,0.0018,0.0,0.0,4500,2015213.0,
2015213_3649_3674,,,,,,,,,,,,,,,,,,,,,,0.0018,0.0,0.0,4501,2015213.0,frame_missing
2015213_3649_3674,,,,,,,,,,,,,,,,,,,,,,0.0018,0.0,0.0,4502,2015213.0,frame_missing
2015213_3649_3674,,,,,,,,,,,,,,,,,,,,,,0.0018,0.0,0.0,4503,2015213.0,frame_missing
2015213_3649_3674,,,,,,,,,,,,,,,,,,,,,,0.0018,0.0,0.0,4504,2015213.0,frame_missing
2015213_3649_3674,,,,,,,,,,,,,,,,,,,,,,0.0018,0.0,0.0,4505,2015213.0,frame_missing
2015213_3649_3674,,,,,,,,,,,,,,,,,,,,,,0.0018,0.0,0.0,4506,2015213.0,frame_missing
2015213_3649_3674,,,,,,,,,,,,,,,,,,,,,,0.0018,0.0,0.0,4507,2015213.0,frame_missing
2015213_3649_3674,,,,,,,,,,,,,,,,,,,,,,0.0018,0.0,0.0,4508,2015213.0,frame_missing
2015213_3649_3674,,,,,,,,,,,,,,,,,,,,,,0.0018,0.0,0.0,4509,2015213.0,frame_missing
2015213_3649_3674,,,,,,,,,,,,,,,,,,,,,,,,,4510,,no_player_id
2015213_3707_3731,2015213.0,3707.0,57010.0,57025.0,33697.0,Auckland FC,4177.0,28.79050537937811,76.41657673567954,76.41657673567954,8.37948089084282,0.0,13.394763902361252,25.7580853134898,7.0,losing,high_block,defensive,defensive,pass_interception,pass,0.0016,0.0,0.0,4511,2015213.0,
2015213_3707_3731,,,,,,,,,,,,,,,,,,,,,,0.0016,0.0,0.0,4512,2015213.0,frame_missing
2015213_3707_3731,,,,,,,,,,,,,,,,,,,,,,0.0016,0.0,0.0,4513,2015213.0,frame_missing
2015213_3707_3731,,,,,,,,,,,,,,,,,,,,,,0.0016,0.0,0.0,4514,2015213.0,frame_missing
2015213_3707_3731,,,,,,,,,,,,,,,,,,,,,,0.0016,0.0,0.0,4515,2015213.0,frame_missing
2015213_3707_3731,,,,,,,,,,,,,,,,,,,,,,0.0016,0.0,0.0,4516,2015213.0,frame_missing
2015213_3707_3731,,,,,,,,,,,,,,,,,,,,,,0.0016,0.0,0.0,4517,2015213.0,frame_missing
2015213_3707_3731,,,,,,,,,,,,,,,,,,,,,,0.0016,0.0,0.0,4518,2015213.0,frame_missing
2015213_3707_3731,,,,,,,,,,,,,,,,,,,,,,0.0016,0.0,0.0,4519,2015213.0,frame_missing
2015213_3755_3777,2015213.0,3755.0,57955.0,57969.0,50951.0,Auckland FC,4177.0,46.805029644259385,64.24103672886982,64.24103672886982,1.8988944151795286,1.0,1.8612361483702164,15.694849749517576,4.0,losing,medium_block,middle,middle,recovery,pass,0.0011,0.0,0.0,4520,2015213.0,
2015213_3755_3777,,,,,,,,,,,,,,,,,,,,,,0.0011,0.0,0.0,4521,2015213.0,frame_missing
2015213_3755_3777,,,,,,,,,,,,,,,,,,,,,,0.0011,0.0,0.0,4522,2015213.0,frame_missing
2015213_3755_3777,,,,,,,,,,,,,,,,,,,,,,0.0011,0.0,0.0,4523,2015213.0,frame_missing
2015213_3755_3777,,,,,,,,,,,,,,,,,,,,,,,,,4524,,no_player_id
2015213_3755_3777,,,,,,,,,,,,,,,,,,,,,,0.0011,0.0,0.0,4525,2015213.0,frame_missing
2015213_3755_3777,,,,,,,,,,,,,,,,,,,,,,0.0011,0.0,0.0,4526,2015213.0,frame_missing
2015213_3755_3777,2015213.0,3777.0,58056.0,58056.0,818284.0,Western United,1803.0,53.61857327456597,61.5162693927387,53.61857327456597,4.7774470169746515,1.0,4.0544543405987445,22.305910961532984,9.0,losing,medium_block,middle,middle,recovery,pass,0.0011,0.0,0.0,4527,2015213.0,
2015213_3861_3875,2015213.0,3861.0,59517.0,59517.0,560916.0,Western United,1803.0,57.90137563132676,61.1299378373641,57.90137563132676,1.9006577808748206,1.0,3.2226231551330984,20.28235131863475,10.0,winning,chaotic,middle,middle,pass_interception,pass,0.0016,0.0,0.0,4528,2015213.0,
2015213_3861_3875,,,,,,,,,,,,,,,,,,,,,,0.0016,0.0,0.0,4529,2015213.0,frame_missing
2015213_3861_3875,,,,,,,,,,,,,,,,,,,,,,,,,4530,,no_player_id
2015213_3861_3875,,,,,,,,,,,,,,,,,,,,,,0.0016,0.0,0.0,4531,2015213.0,frame_missing
2015213_3861_3875,,,,,,,,,,,,,,,,,,,,,,0.0016,0.0,0.0,4532,2015213.0,frame_missing
2015213_3861_3875,,,,,,,,,,,,,,,,,,,,,,0.0016,0.0,0.0,4533,2015213.0,frame_missing
2015213_3861_3875,,,,,,,,,,,,,,,,,,,,,,,,,4534,,no_player_id
2015213_3882_3891,2015213.0,3882.0,60400.0,60400.0,50951.0,Auckland FC,4177.0,42.07454812591575,69.7844366603328,42.07454812591575,2.299565176288767,1.0,6.673537292920448,17.68354691955383,4.0,losing,medium_block,middle,middle,pass_interception,pass,0.0083,0.0,0.0,4535,2015213.0,
2015213_3882_3891,,,,,,,,,,,,,,,,,,,,,,0.0083,0.0,0.0,4536,2015213.0,frame_missing
2015213_3882_3891,,,,,,,,,,,,,,,,,,,,,,0.0083,0.0,0.0,4537,2015213.0,frame_missing
2015213_3882_3891,,,,,,,,,,,,,,,,,,,,,,0.0083,0.0,0.0,4538,2015213.0,frame_missing
2015213_3882_3891,,,,,,,,,,,,,,,,,,,,,,0.0083,0.0,0.0,4539,2015213.0,frame_missing
2015213_3928_3949,2015213.0,3928.0,61137.0,61156.0,4322.0,Auckland FC,4177.0,34.699672909121205,72.90999451378391,34.699672909121205,14.39058720136187,0.0,12.283533693526469,23.72289597317871,6.0,losing,low_block,attacking,attacking,recovery,pass,0.0507,1.0,0.0,4540,2015213.0,
2015213_3928_3949,,,,,,,,,,,,,,,,,,,,,,0.0507,1.0,0.0,4541,2015213.0,frame_missing
2015213_3928_3949,,,,,,,,,,,,,,,,,,,,,,,,,4542,,no_player_id
2015213_3928_3949,,,,,,,,,,,,,,,,,,,,,,0.0507,1.0,0.0,4543,2015213.0,frame_missing
2015213_3928_3949,,,,,,,,,,,,,,,,,,,,,,0.0507,1.0,0.0,4544,2015213.0,frame_missing
2015213_3928_3949,,,,,,,,,,,,,,,,,,,,,,0.0507,1.0,0.0,4545,2015213.0,frame_missing
2015213_3928_3949,2015213.0,3949.0,61235.0,61235.0,560916.0,Western United,1803.0,35.298675612549545,74.42040378820852,74.42040378820852,5.2393129320551175,0.0,6.8655152756366356,19.764197862957097,10.0,losing,low_block,attacking,attacking,pass_interception,pass,0.0507,1.0,0.0,4546,2015213.0,
2017461_11_28,2017461.0,11.0,2591.0,2591.0,11117.0,Melbourne V FC,868.0,35.891138182008106,75.5835550897151,35.891138182008106,3.830248033744029,1.0,8.113722943261003,20.691629314796693,2.0,drawing,low_block,attacking,attacking,pass_interception,pass,0.0317,1.0,0.0,4547,2017461.0,
2017461_11_28,,,,,,,,,,,,,,,,,,,,,,0.0317,1.0,0.0,4548,2017461.0,frame_missing
2017461_11_28,,,,,,,,,,,,,,,,,,,,,,0.0317,1.0,0.0,4549,2017461.0,frame_missing
2017461_11_28,,,,,,,,,,,,,,,,,,,,,,0.0317,1.0,0.0,4550,2017461.0,frame_missing
2017461_11_28,,,,,,,,,,,,,,,,,,,,,,0.0317,1.0,0.0,4551,2017461.0,frame_missing
2017461_11_28,,,,,,,,,,,,,,,,,,,,,,0.0317,1.0,0.0,4552,2017461.0,frame_missing
2017461_11_28,,,,,,,,,,,,,,,,,,,,,,0.0317,1.0,0.0,4553,2017461.0,frame_missing
2017461_11_28,,,,,,,,,,,,,,,,,,,,,,0.0317,1.0,0.0,4554,2017461.0,frame_missing
2017461_11_28,,,,,,,,,,,,,,,,,,,,,,0.0317,1.0,0.0,4555,2017461.0,frame_missing
2017461_11_28,,,,,,,,,,,,,,,,,,,,,,,,,4556,,no_player_id
2017461_30_33,2017461.0,30.0,2934.0,2934.0,51678.0,Melbourne V FC,868.0,19.163616568904732,86.77755585403405,86.77755585403405,25.379464139339113,0.0,20.070488285041794,48.10698073386878,7.0,drawing,chaotic,defensive,defensive,recovery,pass,0.0006,0.0,0.0,4557,2017461.0,
2017461_30_33,,,,,,,,,,,,,,,,,,,,,,0.0006,0.0,0.0,4558,2017461.0,frame_missing
2017461_42_47,2017461.0,42.0,3067.0,3072.0,51685.0,Melbourne V FC,868.0,38.63012943286626,70.97243760784886,70.97243760784886,0.0,1.0,10.90619090241868,25.480860947487653,7.0,drawing,medium_block,middle,middle,pass_interception,pass,0.001,0.0,0.0,4559,2017461.0,
2017461_42_47,,,,,,,,,,,,,,,,,,,,,,0.001,0.0,0.0,4560,2017461.0,frame_missing
2017461_42_47,,,,,,,,,,,,,,,,,,,,,,0.001,0.0,0.0,4561,2017461.0,frame_missing
2017461_55_76,2017461.0,55.0,3170.0,3170.0,133501.0,Auckland FC,4177.0,48.21074569014671,64.07086701458005,64.07086701458005,7.412057743973667,0.0,9.64324115637476,24.35068024003564,7.0,drawing,chaotic,middle,middle,pass_interception,pass,0.003,0.0,0.0,4562,2017461.0,
2017461_55_76,,,,,,,,,,,,,,,,,,,,,,0.003,0.0,0.0,4563,2017461.0,frame_missing
2017461_55_76,,,,,,,,,,,,,,,,,,,,,,0.003,0.0,0.0,4564,2017461.0,frame_missing
2017461_55_76,,,,,,,,,,,,,,,,,,,,,,0.003,0.0,0.0,4565,2017461.0,frame_missing
2017461_55_76,2017461.0,64.0,3204.0,3204.0,811820.0,Melbourne V FC,868.0,47.04714444044399,64.43394912621763,47.04714444044399,3.858458241318673,1.0,5.628943062422998,17.522990565584887,5.0,drawing,chaotic,middle,middle,pass_interception,pass,0.003,0.0,0.0,4566,2017461.0,
2017461_55_76,,,,,,,,,,,,,,,,,,,,,,0.003,0.0,0.0,4567,2017461.0,frame_missing
2017461_55_76,,,,,,,,,,,,,,,,,,,,,,0.003,0.0,0.0,4568,2017461.0,frame_missing
2017461_55_76,,,,,,,,,,,,,,,,,,,,,,0.003,0.0,0.0,4569,2017461.0,frame_missing
2017461_55_76,,,,,,,,,,,,,,,,,,,,,,0.003,0.0,0.0,4570,2017461.0,frame_missing
2017461_55_76,,,,,,,,,,,,,,,,,,,,,,,,,4571,,no_player_id
2017461_64_105,2017461.0,64.0,3204.0,3204.0,811820.0,Melbourne V FC,868.0,47.04714444044399,64.43394912621763,47.04714444044399,3.858458241318673,1.0,5.628943062422998,17.522990565584887,5.0,drawing,chaotic,middle,middle,pass_interception,pass,0.007,0.0,0.0,4572,2017461.0,
2017461_64_105,,,,,,,,,,,,,,,,,,,,,,0.007,0.0,0.0,4573,2017461.0,frame_missing
2017461_64_105,,,,,,,,,,,,,,,,,,,,,,0.007,0.0,0.0,4574,2017461.0,frame_missing
2017461_64_105,,,,,,,,,,,,,,,,,,,,,,0.007,0.0,0.0,4575,2017461.0,frame_missing
2017461_64_105,,,,,,,,,,,,,,,,,,,,,,0.007,0.0,0.0,4576,2017461.0,frame_missing
2017461_64_105,,,,,,,,,,,,,,,,,,,,,,,,,4577,,no_player_id
2017461_64_105,,,,,,,,,,,,,,,,,,,,,,0.007,0.0,0.0,4578,2017461.0,frame_missing
2017461_64_105,,,,,,,,,,,,,,,,,,,,,,0.007,0.0,0.0,4579,2017461.0,frame_missing
2017461_64_105,,,,,,,,,,,,,,,,,,,,,,0.007,0.0,0.0,4580,2017461.0,frame_missing
2017461_64_105,,,,,,,,,,,,,,,,,,,,,,0.007,0.0,0.0,4581,2017461.0,frame_missing
2017461_64_105,,,,,,,,,,,,,,,,,,,,,,0.007,0.0,0.0,4582,2017461.0,frame_missing
2017461_64_105,,,,,,,,,,,,,,,,,,,,,,0.007,0.0,0.0,4583,2017461.0,frame_missing
2017461_64_105,,,,,,,,,,,,,,,,,,,,,,0.007,0.0,0.0,4584,2017461.0,frame_missing
2017461_64_105,,,,,,,,,,,,,,,,,,,,,,0.007,0.0,0.0,4585,2017461.0,frame_missing
2017461_64_105,,,,,,,,,,,,,,,,,,,,,,0.007,0.0,0.0,4586,2017461.0,frame_missing
2017461_64_105,,,,,,,,,,,,,,,,,,,,,,0.007,0.0,0.0,4587,2017461.0,frame_missing
2017461_64_105,,,,,,,,,,,,,,,,,,,,,,,,,4588,,no_player_id
2017461_185_202,2017461.0,185.0,4305.0,4305.0,133498.0,Auckland FC,4177.0,42.94309839776352,78.56341196765833,42.94309839776352,4.203855373344806,3.0,6.43187375497996,19.309381497867804,5.0,drawing,chaotic,defensive,defensive,pass_interception,pass,0.0025,0.0,0.0,4589,2017461.0,
2017461_185_202,,,,,,,,,,,,,,,,,,,,,,0.0025,0.0,0.0,4590,2017461.0,frame_missing
2017461_185_202,,,,,,,,,,,,,,,,,,,,,,0.0025,0.0,0.0,4591,2017461.0,frame_missing
2017461_185_202,,,,,,,,,,,,,,,,,,,,,,0.0025,0.0,0.0,4592,2017461.0,frame_missing
2017461_185_202,,,,,,,,,,,,,,,,,,,,,,0.0025,0.0,0.0,4593,2017461.0,frame_missing
2017461_185_202,,,,,,,,,,,,,,,,,,,,,,,,,4594,,no_player_id
2017461_185_202,,,,,,,,,,,,,,,,,,,,,,0.0025,0.0,0.0,4595,2017461.0,frame_missing
2017461_185_202,,,,,,,,,,,,,,,,,,,,,,0.0025,0.0,0.0,4596,2017461.0,frame_missing
2017461_185_202,,,,,,,,,,,,,,,,,,,,,,,,,4597,,no_player_id
2017461_207_212,2017461.0,207.0,4404.0,4414.0,582974.0,Auckland FC,4177.0,46.276513481462715,73.6180392295258,46.276513481462715,1.8867962264113196,3.0,1.5305554547287725,16.919147021206076,8.0,drawing,chaotic,middle,middle,recovery,pass,0.0048,0.0,0.0,4598,2017461.0,
2017461_207_212,,,,,,,,,,,,,,,,,,,,,,0.0048,0.0,0.0,4599,2017461.0,frame_missing
2017461_207_212,,,,,,,,,,,,,,,,,,,,,,,,,4600,,no_player_id
2017461_217_227,2017461.0,217.0,4664.0,4664.0,285188.0,Auckland FC,4177.0,19.543523223820213,89.96193250481005,89.96193250481005,24.791744593715062,0.0,19.273082265169734,49.90551421493737,0.0,drawing,medium_block,attacking,attacking,recovery,pass,0.0011,0.0,0.0,4601,2017461.0,
2017461_217_227,,,,,,,,,,,,,,,,,,,,,,0.0011,0.0,0.0,4602,2017461.0,frame_missing
2017461_217_227,,,,,,,,,,,,,,,,,,,,,,0.0011,0.0,0.0,4603,2017461.0,frame_missing
2017461_217_227,,,,,,,,,,,,,,,,,,,,,,0.0011,0.0,0.0,4604,2017461.0,frame_missing
2017461_280_282,2017461.0,280.0,5553.0,5570.0,285188.0,Auckland FC,4177.0,12.247093532752986,93.84130913409084,93.84130913409084,21.87795694300544,0.0,19.524272073498665,40.83546783740874,0.0,drawing,high_block,attacking,attacking,recovery,pass,0.0003,0.0,0.0,4605,2017461.0,
2017461_280_282,,,,,,,,,,,,,,,,,,,,,,0.0003,0.0,0.0,4606,2017461.0,frame_missing
2017461_287_304,2017461.0,287.0,5630.0,5630.0,811820.0,Melbourne V FC,868.0,53.42413780305678,56.51847927890488,56.51847927890488,7.105955248944366,0.0,12.28189724757539,30.661957432966798,6.0,drawing,medium_block,middle,middle,recovery,pass,0.0041,0.0,0.0,4607,2017461.0,
2017461_287_304,,,,,,,,,,,,,,,,,,,,,,0.0041,0.0,0.0,4608,2017461.0,frame_missing
2017461_287_304,,,,,,,,,,,,,,,,,,,,,,0.0041,0.0,0.0,4609,2017461.0,frame_missing
2017461_287_304,,,,,,,,,,,,,,,,,,,,,,,,,4610,,no_player_id
2017461_287_304,,,,,,,,,,,,,,,,,,,,,,0.0041,0.0,0.0,4611,2017461.0,frame_missing
2017461_287_304,,,,,,,,,,,,,,,,,,,,,,0.0041,0.0,0.0,4612,2017461.0,frame_missing
2017461_287_304,,,,,,,,,,,,,,,,,,,,,,0.0041,0.0,0.0,4613,2017461.0,frame_missing
2017461_287_304,,,,,,,,,,,,,,,,,,,,,,0.0041,0.0,0.0,4614,2017461.0,frame_missing
2017461_287_304,,,,,,,,,,,,,,,,,,,,,,,,,4615,,no_player_id
2017461_333_388,2017461.0,333.0,5966.0,5966.0,38673.0,Auckland FC,4177.0,43.3160674576998,67.96235502099674,67.96235502099674,19.30833239821606,0.0,3.214793928076884,25.717695038914876,11.0,drawing,disruption,middle,middle,pass_interception,pass,0.01,0.0,0.0,4616,2017461.0,
2017461_333_388,,,,,,,,,,,,,,,,,,,,,,0.01,0.0,0.0,4617,2017461.0,frame_missing
2017461_333_388,,,,,,,,,,,,,,,,,,,,,,0.01,0.0,0.0,4618,2017461.0,frame_missing
2017461_333_388,,,,,,,,,,,,,,,,,,,,,,0.01,0.0,0.0,4619,2017461.0,frame_missing
2017461_333_388,2017461.0,346.0,5995.0,6009.0,157294.0,Melbourne V FC,868.0,32.47833893535813,74.16564231502348,32.47833893535813,7.658700934231601,0.0,7.609428362235892,20.079382758820028,5.0,drawing,disruption,attacking,attacking,pass_interception,pass,0.01,0.0,0.0,4620,2017461.0,
2017461_333_388,,,,,,,,,,,,,,,,,,,,,,0.01,0.0,0.0,4621,2017461.0,frame_missing
2017461_333_388,,,,,,,,,,,,,,,,,,,,,,0.01,0.0,0.0,4622,2017461.0,frame_missing
2017461_333_388,,,,,,,,,,,,,,,,,,,,,,0.01,0.0,0.0,4623,2017461.0,frame_missing
2017461_333_388,,,,,,,,,,,,,,,,,,,,,,0.01,0.0,0.0,4624,2017461.0,frame_missing
2017461_333_388,,,,,,,,,,,,,,,,,,,,,,0.01,0.0,0.0,4625,2017461.0,frame_missing
2017461_333_388,,,,,,,,,,,,,,,,,,,,,,0.01,0.0,0.0,4626,2017461.0,frame_missing
2017461_333_388,,,,,,,,,,,,,,,,,,,,,,0.01,0.0,0.0,4627,2017461.0,frame_missing
2017461_333_388,,,,,,,,,,,,,,,,,,,,,,0.01,0.0,0.0,4628,2017461.0,frame_missing
2017461_333_388,,,,,,,,,,,,,,,,,,,,,,0.01,0.0,0.0,4629,2017461.0,frame_missing
2017461_333_388,,,,,,,,,,,,,,,,,,,,,,0.01,0.0,0.0,4630,2017461.0,frame_missing
2017461_333_388,,,,,,,,,,,,,,,,,,,,,,0.01,0.0,0.0,4631,2017461.0,frame_missing
2017461_333_388,,,,,,,,,,,,,,,,,,,,,,0.01,0.0,0.0,4632,2017461.0,frame_missing
2017461_333_388,,,,,,,,,,,,,,,,,,,,,,0.01,0.0,0.0,4633,2017461.0,frame_missing
2017461_333_388,,,,,,,,,,,,,,,,,,,,,,0.01,0.0,0.0,4634,2017461.0,frame_missing
2017461_333_388,,,,,,,,,,,,,,,,,,,,,,0.01,0.0,0.0,4635,2017461.0,frame_missing
2017461_333_388,,,,,,,,,,,,,,,,,,,,,,0.01,0.0,0.0,4636,2017461.0,frame_missing
2017461_333_388,,,,,,,,,,,,,,,,,,,,,,0.01,0.0,0.0,4637,2017461.0,frame_missing
2017461_333_388,2017461.0,388.0,6198.0,6198.0,38673.0,Auckland FC,4177.0,33.96850894578683,87.11061703374624,87.11061703374624,2.734081198501609,1.0,3.093477008157649,16.656144372770466,9.0,drawing,disruption,attacking,attacking,pass_interception,pass,0.01,0.0,0.0,4638,2017461.0,
2017461_346_388,2017461.0,346.0,5995.0,6009.0,157294.0,Melbourne V FC,868.0,32.47833893535813,74.16564231502348,32.47833893535813,7.658700934231601,0.0,7.609428362235892,20.079382758820028,5.0,drawing,low_block,attacking,attacking,pass_interception,pass,0.01,0.0,0.0,4639,2017461.0,
2017461_346_388,,,,,,,,,,,,,,,,,,,,,,0.01,0.0,0.0,4640,2017461.0,frame_missing
2017461_346_388,,,,,,,,,,,,,,,,,,,,,,0.01,0.0,0.0,4641,2017461.0,frame_missing
2017461_346_388,,,,,,,,,,,,,,,,,,,,,,0.01,0.0,0.0,4642,2017461.0,frame_missing
2017461_346_388,,,,,,,,,,,,,,,,,,,,,,0.01,0.0,0.0,4643,2017461.0,frame_missing
2017461_346_388,,,,,,,,,,,,,,,,,,,,,,0.01,0.0,0.0,4644,2017461.0,frame_missing
2017461_346_388,,,,,,,,,,,,,,,,,,,,,,0.01,0.0,0.0,4645,2017461.0,frame_missing
2017461_346_388,,,,,,,,,,,,,,,,,,,,,,0.01,0.0,0.0,4646,2017461.0,frame_missing
2017461_346_388,,,,,,,,,,,,,,,,,,,,,,0.01,0.0,0.0,4647,2017461.0,frame_missing
2017461_346_388,,,,,,,,,,,,,,,,,,,,,,0.01,0.0,0.0,4648,2017461.0,frame_missing
2017461_346_388,,,,,,,,,,,,,,,,,,,,,,0.01,0.0,0.0,4649,2017461.0,frame_missing
2017461_346_388,,,,,,,,,,,,,,,,,,,,,,0.01,0.0,0.0,4650,2017461.0,frame_missing
2017461_346_388,,,,,,,,,,,,,,,,,,,,,,0.01,0.0,0.0,4651,2017461.0,frame_missing
2017461_346_388,,,,,,,,,,,,,,,,,,,,,,0.01,0.0,0.0,4652,2017461.0,frame_missing
2017461_346_388,,,,,,,,,,,,,,,,,,,,,,0.01,0.0,0.0,4653,2017461.0,frame_missing
2017461_346_388,,,,,,,,,,,,,,,,,,,,,,0.01,0.0,0.0,4654,2017461.0,frame_missing
2017461_346_388,,,,,,,,,,,,,,,,,,,,,,0.01,0.0,0.0,4655,2017461.0,frame_missing
2017461_346_388,,,,,,,,,,,,,,,,,,,,,,0.01,0.0,0.0,4656,2017461.0,frame_missing
2017461_346_388,2017461.0,388.0,6198.0,6198.0,38673.0,Auckland FC,4177.0,33.96850894578683,87.11061703374624,87.11061703374624,2.734081198501609,1.0,3.093477008157649,16.656144372770466,9.0,drawing,low_block,attacking,attacking,pass_interception,pass,0.01,0.0,0.0,4657,2017461.0,
2017461_477_511,2017461.0,477.0,6824.0,6824.0,159688.0,Melbourne V FC,868.0,41.51175737065344,70.13861988947316,41.51175737065344,5.192003466870954,0.0,10.101529587146693,21.58471601429878,5.0,drawing,low_block,middle,middle,pass_interception,pass,0.0139,0.0,0.0,4658,2017461.0,
2017461_477_511,,,,,,,,,,,,,,,,,,,,,,0.0139,0.0,0.0,4659,2017461.0,frame_missing
2017461_477_511,,,,,,,,,,,,,,,,,,,,,,0.0139,0.0,0.0,4660,2017461.0,frame_missing
2017461_477_511,,,,,,,,,,,,,,,,,,,,,,0.0139,0.0,0.0,4661,2017461.0,frame_missing
2017461_477_511,,,,,,,,,,,,,,,,,,,,,,0.0139,0.0,0.0,4662,2017461.0,frame_missing
2017461_477_511,,,,,,,,,,,,,,,,,,,,,,0.0139,0.0,0.0,4663,2017461.0,frame_missing
2017461_477_511,,,,,,,,,,,,,,,,,,,,,,0.0139,0.0,0.0,4664,2017461.0,frame_missing
2017461_477_511,,,,,,,,,,,,,,,,,,,,,,0.0139,0.0,0.0,4665,2017461.0,frame_missing
2017461_477_511,,,,,,,,,,,,,,,,,,,,,,0.0139,0.0,0.0,4666,2017461.0,frame_missing
2017461_477_511,,,,,,,,,,,,,,,,,,,,,,0.0139,0.0,0.0,4667,2017461.0,frame_missing
2017461_477_511,,,,,,,,,,,,,,,,,,,,,,0.0139,0.0,0.0,4668,2017461.0,frame_missing
2017461_477_511,,,,,,,,,,,,,,,,,,,,,,,,,4669,,no_player_id
2017461_477_511,,,,,,,,,,,,,,,,,,,,,,0.0139,0.0,0.0,4670,2017461.0,frame_missing
2017461_477_511,,,,,,,,,,,,,,,,,,,,,,0.0139,0.0,0.0,4671,2017461.0,frame_missing
2017461_477_511,,,,,,,,,,,,,,,,,,,,,,0.0139,0.0,0.0,4672,2017461.0,frame_missing
2017461_477_511,,,,,,,,,,,,,,,,,,,,,,0.0139,0.0,0.0,4673,2017461.0,frame_missing
2017461_477_511,2017461.0,511.0,6960.0,6972.0,4322.0,Auckland FC,4177.0,16.523586172498998,102.8787096536499,102.8787096536499,4.53601146383031,1.0,0.8605230967266357,18.10243795351229,3.0,drawing,low_block,attacking,attacking,recovery,pass,0.0139,0.0,0.0,4674,2017461.0,
2017461_545_581,2017461.0,545.0,7445.0,7477.0,38673.0,Auckland FC,4177.0,18.85706764054263,100.27706118549744,100.27706118549744,2.271783440383345,2.0,0.6243396511515225,18.158042417262678,4.0,drawing,defending_transition,attacking,attacking,recovery,pass,0.0149,0.0,0.0,4675,2017461.0,
2017461_545_581,,,,,,,,,,,,,,,,,,,,,,0.0149,0.0,0.0,4676,2017461.0,frame_missing
2017461_545_581,,,,,,,,,,,,,,,,,,,,,,0.0149,0.0,0.0,4677,2017461.0,frame_missing
2017461_545_581,,,,,,,,,,,,,,,,,,,,,,0.0149,0.0,0.0,4678,2017461.0,frame_missing
2017461_545_581,,,,,,,,,,,,,,,,,,,,,,0.0149,0.0,0.0,4679,2017461.0,frame_missing
2017461_545_581,,,,,,,,,,,,,,,,,,,,,,0.0149,0.0,0.0,4680,2017461.0,frame_missing
2017461_545_581,,,,,,,,,,,,,,,,,,,,,,0.0149,0.0,0.0,4681,2017461.0,frame_missing
2017461_545_581,,,,,,,,,,,,,,,,,,,,,,0.0149,0.0,0.0,4682,2017461.0,frame_missing
2017461_545_581,,,,,,,,,,,,,,,,,,,,,,0.0149,0.0,0.0,4683,2017461.0,frame_missing
2017461_545_581,,,,,,,,,,,,,,,,,,,,,,0.0149,0.0,0.0,4684,2017461.0,frame_missing
2017461_545_581,,,,,,,,,,,,,,,,,,,,,,0.0149,0.0,0.0,4685,2017461.0,frame_missing
2017461_545_581,,,,,,,,,,,,,,,,,,,,,,0.0149,0.0,0.0,4686,2017461.0,frame_missing
2017461_545_581,,,,,,,,,,,,,,,,,,,,,,0.0149,0.0,0.0,4687,2017461.0,frame_missing
2017461_762_772,2017461.0,762.0,10646.0,10673.0,133501.0,Auckland FC,4177.0,45.725748763688934,59.3021424570816,59.3021424570816,5.062114182829147,0.0,13.656064586841994,22.231194015697668,11.0,drawing,medium_block,middle,middle,recovery,pass,0.003,0.0,0.0,4688,2017461.0,
2017461_762_772,,,,,,,,,,,,,,,,,,,,,,0.003,0.0,0.0,4689,2017461.0,frame_missing
2017461_762_772,,,,,,,,,,,,,,,,,,,,,,,,,4690,,no_player_id
2017461_762_772,,,,,,,,,,,,,,,,,,,,,,0.003,0.0,0.0,4691,2017461.0,frame_missing
2017461_775_799,2017461.0,775.0,10819.0,10846.0,50955.0,Melbourne V FC,868.0,52.00056922765365,57.995337743649706,57.995337743649706,0.0,2.0,13.787022883857123,23.216412914008618,2.0,drawing,defending_transition,middle,middle,recovery,pass,0.084,1.0,0.0,4692,2017461.0,
2017461_775_799,,,,,,,,,,,,,,,,,,,,,,0.084,1.0,0.0,4693,2017461.0,frame_missing
2017461_775_799,,,,,,,,,,,,,,,,,,,,,,0.084,1.0,0.0,4694,2017461.0,frame_missing
2017461_775_799,,,,,,,,,,,,,,,,,,,,,,0.084,1.0,0.0,4695,2017461.0,frame_missing
2017461_775_799,,,,,,,,,,,,,,,,,,,,,,0.084,1.0,0.0,4696,2017461.0,frame_missing
2017461_775_799,,,,,,,,,,,,,,,,,,,,,,0.084,1.0,0.0,4697,2017461.0,frame_missing
2017461_775_799,,,,,,,,,,,,,,,,,,,,,,0.084,1.0,0.0,4698,2017461.0,frame_missing
2017461_775_799,,,,,,,,,,,,,,,,,,,,,,0.084,1.0,0.0,4699,2017461.0,frame_missing
2017461_775_799,2017461.0,799.0,10939.0,10950.0,4322.0,Auckland FC,4177.0,29.23598467642231,86.40337261936018,86.40337261936018,6.214257799608897,0.0,7.921679114935166,20.8426864057731,7.0,drawing,defending_transition,attacking,attacking,pass_interception,pass,0.084,1.0,0.0,4700,2017461.0,
2017461_863_870,2017461.0,863.0,11263.0,11263.0,11117.0,Melbourne V FC,868.0,42.352267943995635,72.58935596903997,42.352267943995635,4.808409300381986,1.0,8.633290218682564,22.66965198430452,4.0,drawing,medium_block,middle,middle,recovery,pass,0.0075,0.0,0.0,4701,2017461.0,
2017461_863_870,,,,,,,,,,,,,,,,,,,,,,0.0075,0.0,0.0,4702,2017461.0,frame_missing
2017461_863_870,,,,,,,,,,,,,,,,,,,,,,0.0075,0.0,0.0,4703,2017461.0,frame_missing
2017461_863_870,,,,,,,,,,,,,,,,,,,,,,0.0075,0.0,0.0,4704,2017461.0,frame_missing
2017461_863_870,,,,,,,,,,,,,,,,,,,,,,0.0075,0.0,0.0,4705,2017461.0,frame_missing
2017461_879_896,2017461.0,879.0,11352.0,11417.0,51685.0,Melbourne V FC,868.0,43.40779307912348,63.32011133913142,63.32011133913142,0.0,1.0,17.610542297158254,32.32931290087035,7.0,drawing,medium_block,middle,middle,pass_interception,pass,0.005,0.0,0.0,4706,2017461.0,
2017461_879_896,,,,,,,,,,,,,,,,,,,,,,0.005,0.0,0.0,4707,2017461.0,frame_missing
2017461_879_896,,,,,,,,,,,,,,,,,,,,,,0.005,0.0,0.0,4708,2017461.0,frame_missing
2017461_879_896,,,,,,,,,,,,,,,,,,,,,,0.005,0.0,0.0,4709,2017461.0,frame_missing
2017461_879_896,,,,,,,,,,,,,,,,,,,,,,0.005,0.0,0.0,4710,2017461.0,frame_missing
2017461_879_896,,,,,,,,,,,,,,,,,,,,,,0.005,0.0,0.0,4711,2017461.0,frame_missing
2017461_879_896,,,,,,,,,,,,,,,,,,,,,,0.005,0.0,0.0,4712,2017461.0,frame_missing
2017461_879_896,2017461.0,896.0,11576.0,11576.0,582974.0,Auckland FC,4177.0,39.67623470038456,73.25847118251923,73.25847118251923,6.722930908465445,0.0,2.8007141946296477,24.988508516466823,6.0,drawing,medium_block,attacking,attacking,pass_interception,pass,0.005,0.0,0.0,4713,2017461.0,
2017461_898_918,2017461.0,898.0,11599.0,11635.0,51013.0,Melbourne V FC,868.0,48.86974626494391,61.178036091394766,61.178036091394766,0.0,1.0,16.09422256587748,29.743638072185938,7.0,drawing,medium_block,middle,middle,pass_interception,pass,0.0064,0.0,0.0,4714,2017461.0,
2017461_898_918,,,,,,,,,,,,,,,,,,,,,,0.0064,0.0,0.0,4715,2017461.0,frame_missing
2017461_898_918,,,,,,,,,,,,,,,,,,,,,,0.0064,0.0,0.0,4716,2017461.0,frame_missing
2017461_898_918,,,,,,,,,,,,,,,,,,,,,,0.0064,0.0,0.0,4717,2017461.0,frame_missing
2017461_898_918,,,,,,,,,,,,,,,,,,,,,,0.0064,0.0,0.0,4718,2017461.0,frame_missing
2017461_898_918,,,,,,,,,,,,,,,,,,,,,,0.0064,0.0,0.0,4719,2017461.0,frame_missing
2017461_898_918,,,,,,,,,,,,,,,,,,,,,,0.0064,0.0,0.0,4720,2017461.0,frame_missing
2017461_898_918,2017461.0,918.0,11789.0,11789.0,133501.0,Auckland FC,4177.0,53.907922423332174,58.64694450693915,58.64694450693915,6.007803259095624,0.0,6.37377439199098,22.513312736208924,6.0,drawing,medium_block,middle,middle,recovery,pass,0.0064,0.0,0.0,4721,2017461.0,
2017461_920_963,2017461.0,920.0,11811.0,11853.0,159688.0,Melbourne V FC,868.0,48.09511097814413,61.31916258397533,61.31916258397533,4.401477024817919,1.0,10.020004990018716,19.102412433153727,6.0,drawing,medium_block,middle,middle,pass_interception,pass,0.0122,0.0,0.0,4722,2017461.0,
2017461_920_963,,,,,,,,,,,,,,,,,,,,,,0.0122,0.0,0.0,4723,2017461.0,frame_missing
2017461_920_963,,,,,,,,,,,,,,,,,,,,,,0.0122,0.0,0.0,4724,2017461.0,frame_missing
2017461_920_963,,,,,,,,,,,,,,,,,,,,,,0.0122,0.0,0.0,4725,2017461.0,frame_missing
2017461_920_963,,,,,,,,,,,,,,,,,,,,,,0.0122,0.0,0.0,4726,2017461.0,frame_missing
2017461_920_963,,,,,,,,,,,,,,,,,,,,,,0.0122,0.0,0.0,4727,2017461.0,frame_missing
2017461_920_963,,,,,,,,,,,,,,,,,,,,,,0.0122,0.0,0.0,4728,2017461.0,frame_missing
2017461_920_963,,,,,,,,,,,,,,,,,,,,,,0.0122,0.0,0.0,4729,2017461.0,frame_missing
2017461_920_963,,,,,,,,,,,,,,,,,,,,,,0.0122,0.0,0.0,4730,2017461.0,frame_missing
2017461_920_963,,,,,,,,,,,,,,,,,,,,,,0.0122,0.0,0.0,4731,2017461.0,frame_missing
2017461_920_963,,,,,,,,,,,,,,,,,,,,,,0.0122,0.0,0.0,4732,2017461.0,frame_missing
2017461_920_963,,,,,,,,,,,,,,,,,,,,,,0.0122,0.0,0.0,4733,2017461.0,frame_missing
2017461_920_969,2017461.0,920.0,11811.0,11853.0,159688.0,Melbourne V FC,868.0,48.09511097814413,61.31916258397533,61.31916258397533,4.401477024817919,1.0,10.020004990018716,19.102412433153727,6.0,drawing,medium_block,middle,middle,pass_interception,pass,0.0122,0.0,0.0,4734,2017461.0,
2017461_920_969,,,,,,,,,,,,,,,,,,,,,,0.0122,0.0,0.0,4735,2017461.0,frame_missing
2017461_920_969,,,,,,,,,,,,,,,,,,,,,,0.0122,0.0,0.0,4736,2017461.0,frame_missing
2017461_920_969,,,,,,,,,,,,,,,,,,,,,,0.0122,0.0,0.0,4737,2017461.0,frame_missing
2017461_920_969,,,,,,,,,,,,,,,,,,,,,,0.0122,0.0,0.0,4738,2017461.0,frame_missing
2017461_920_969,,,,,,,,,,,,,,,,,,,,,,0.0122,0.0,0.0,4739,2017461.0,frame_missing
2017461_920_969,,,,,,,,,,,,,,,,,,,,,,0.0122,0.0,0.0,4740,2017461.0,frame_missing
2017461_920_969,,,,,,,,,,,,,,,,,,,,,,0.0122,0.0,0.0,4741,2017461.0,frame_missing
2017461_920_969,,,,,,,,,,,,,,,,,,,,,,0.0122,0.0,0.0,4742,2017461.0,frame_missing
2017461_920_969,,,,,,,,,,,,,,,,,,,,,,0.0122,0.0,0.0,4743,2017461.0,frame_missing
2017461_920_969,,,,,,,,,,,,,,,,,,,,,,0.0122,0.0,0.0,4744,2017461.0,frame_missing
2017461_920_969,,,,,,,,,,,,,,,,,,,,,,0.0122,0.0,0.0,4745,2017461.0,frame_missing
2017461_920_969,,,,,,,,,,,,,,,,,,,,,,0.0122,0.0,0.0,4746,2017461.0,frame_missing
2017461_920_969,,,,,,,,,,,,,,,,,,,,,,0.0122,0.0,0.0,4747,2017461.0,frame_missing
2017461_920_969,2017461.0,969.0,12125.0,12125.0,38673.0,Auckland FC,4177.0,37.660171268861745,71.86576723308532,71.86576723308532,0.9144397191723456,1.0,9.575019582225407,18.30205402330727,11.0,drawing,medium_block,attacking,attacking,pass_interception,pass,0.0122,0.0,0.0,4748,2017461.0,
2017461_1019_1020,,,,,,,,,,,,,,,,,,,,,,,,,4749,,no_player_id
2017461_1019_1020,,,,,,,,,,,,,,,,,,,,,,,,0.0,4750,2017461.0,frame_missing
2017461_1019_1041,,,,,,,,,,,,,,,,,,,,,,,,,4751,,no_player_id
2017461_1019_1041,,,,,,,,,,,,,,,,,,,,,,0.0128,0.0,0.0,4752,2017461.0,frame_missing
2017461_1019_1041,2017461.0,1021.0,12803.0,12816.0,11885.0,Melbourne V FC,868.0,37.03892007065001,96.59648854901508,37.03892007065001,16.084240734333715,0.0,24.783337144137793,35.83218376195192,1.0,drawing,chaotic,attacking,attacking,recovery,pass,0.0128,0.0,0.0,4753,2017461.0,
2017461_1019_1041,,,,,,,,,,,,,,,,,,,,,,0.0128,0.0,0.0,4754,2017461.0,frame_missing
2017461_1019_1041,,,,,,,,,,,,,,,,,,,,,,,,,4755,,no_player_id
2017461_1019_1041,,,,,,,,,,,,,,,,,,,,,,0.0128,0.0,0.0,4756,2017461.0,frame_missing
2017461_1019_1041,,,,,,,,,,,,,,,,,,,,,,0.0128,0.0,0.0,4757,2017461.0,frame_missing
2017461_1019_1041,,,,,,,,,,,,,,,,,,,,,,0.0128,0.0,0.0,4758,2017461.0,frame_missing
2017461_1019_1041,,,,,,,,,,,,,,,,,,,,,,,,,4759,,no_player_id
2017461_1019_1041,,,,,,,,,,,,,,,,,,,,,,0.0128,0.0,0.0,4760,2017461.0,frame_missing
2017461_1019_1041,,,,,,,,,,,,,,,,,,,,,,,,,4761,,no_player_id
2017461_1021_1052,2017461.0,1021.0,12803.0,12816.0,11885.0,Melbourne V FC,868.0,37.03892007065001,96.59648854901508,37.03892007065001,16.084240734333715,0.0,24.783337144137793,35.83218376195192,1.0,drawing,defending_set_play,attacking,attacking,recovery,pass,0.0128,0.0,0.0,4762,2017461.0,
2017461_1021_1052,,,,,,,,,,,,,,,,,,,,,,0.0128,0.0,0.0,4763,2017461.0,frame_missing
2017461_1021_1052,,,,,,,,,,,,,,,,,,,,,,,,,4764,,no_player_id
2017461_1021_1052,,,,,,,,,,,,,,,,,,,,,,0.0128,0.0,0.0,4765,2017461.0,frame_missing
2017461_1021_1052,,,,,,,,,,,,,,,,,,,,,,0.0128,0.0,0.0,4766,2017461.0,frame_missing
2017461_1021_1052,,,,,,,,,,,,,,,,,,,,,,0.0128,0.0,0.0,4767,2017461.0,frame_missing
2017461_1021_1052,,,,,,,,,,,,,,,,,,,,,,,,,4768,,no_player_id
2017461_1021_1052,,,,,,,,,,,,,,,,,,,,,,0.0128,0.0,0.0,4769,2017461.0,frame_missing
2017461_1021_1052,,,,,,,,,,,,,,,,,,,,,,,,,4770,,no_player_id
2017461_1021_1052,2017461.0,1044.0,12947.0,12987.0,624628.0,Auckland FC,4177.0,32.14817724226368,73.2516573191351,73.2516573191351,6.270247204058226,0.0,3.8268655581297857,15.77763931595888,11.0,drawing,defending_set_play,attacking,attacking,recovery,pass,0.0128,0.0,0.0,4771,2017461.0,
2017461_1021_1052,,,,,,,,,,,,,,,,,,,,,,0.0128,0.0,0.0,4772,2017461.0,frame_missing
2017461_1021_1052,,,,,,,,,,,,,,,,,,,,,,,,,4773,,no_player_id
2017461_1044_1060,2017461.0,1044.0,12947.0,12987.0,624628.0,Auckland FC,4177.0,32.14817724226368,73.2516573191351,73.2516573191351,6.270247204058226,0.0,3.8268655581297857,15.77763931595888,11.0,drawing,defending_transition,attacking,attacking,recovery,pass,0.0133,0.0,0.0,4774,2017461.0,
2017461_1044_1060,,,,,,,,,,,,,,,,,,,,,,0.0133,0.0,0.0,4775,2017461.0,frame_missing
2017461_1044_1060,,,,,,,,,,,,,,,,,,,,,,,,,4776,,no_player_id
2017461_1044_1060,,,,,,,,,,,,,,,,,,,,,,0.0133,0.0,0.0,4777,2017461.0,frame_missing
2017461_1044_1060,,,,,,,,,,,,,,,,,,,,,,0.0133,0.0,0.0,4778,2017461.0,frame_missing
2017461_1044_1060,,,,,,,,,,,,,,,,,,,,,,0.0133,0.0,0.0,4779,2017461.0,frame_missing
2017461_1044_1060,,,,,,,,,,,,,,,,,,,,,,0.0133,0.0,0.0,4780,2017461.0,frame_missing
2017461_1926_1958,2017461.0,1926.0,27294.0,27312.0,157294.0,Melbourne V FC,868.0,39.31481273006397,67.76986424658088,39.31481273006397,13.880911353365816,0.0,19.057937978700636,25.254702257604695,5.0,drawing,low_block,middle,middle,pass_interception,pass,0.0068,0.0,0.0,4781,2017461.0,
2017461_1926_1958,,,,,,,,,,,,,,,,,,,,,,0.0068,0.0,0.0,4782,2017461.0,frame_missing
2017461_1926_1958,,,,,,,,,,,,,,,,,,,,,,0.0068,0.0,0.0,4783,2017461.0,frame_missing
2017461_1926_1958,,,,,,,,,,,,,,,,,,,,,,0.0068,0.0,0.0,4784,2017461.0,frame_missing
2017461_1926_1958,,,,,,,,,,,,,,,,,,,,,,0.0068,0.0,0.0,4785,2017461.0,frame_missing
2017461_1926_1958,,,,,,,,,,,,,,,,,,,,,,0.0068,0.0,0.0,4786,2017461.0,frame_missing
2017461_1926_1958,,,,,,,,,,,,,,,,,,,,,,0.0068,0.0,0.0,4787,2017461.0,frame_missing
2017461_1926_1958,,,,,,,,,,,,,,,,,,,,,,0.0068,0.0,0.0,4788,2017461.0,frame_missing
2017461_1926_1958,,,,,,,,,,,,,,,,,,,,,,0.0068,0.0,0.0,4789,2017461.0,frame_missing
2017461_1926_1958,,,,,,,,,,,,,,,,,,,,,,0.0068,0.0,0.0,4790,2017461.0,frame_missing
2017461_1926_1958,,,,,,,,,,,,,,,,,,,,,,0.0068,0.0,0.0,4791,2017461.0,frame_missing
2017461_1926_1958,,,,,,,,,,,,,,,,,,,,,,0.0068,0.0,0.0,4792,2017461.0,frame_missing
2017461_1926_1958,,,,,,,,,,,,,,,,,,,,,,0.0068,0.0,0.0,4793,2017461.0,frame_missing
2017461_1926_1958,,,,,,,,,,,,,,,,,,,,,,0.0068,0.0,0.0,4794,2017461.0,frame_missing
2017461_1926_1958,,,,,,,,,,,,,,,,,,,,,,0.0068,0.0,0.0,4795,2017461.0,frame_missing
2017461_2121_2134,2017461.0,2121.0,39900.0,39915.0,51685.0,Melbourne V FC,868.0,32.75454930234883,74.31527770250206,74.31527770250206,0.0,1.0,14.006887591467278,23.96467829769613,1.0,drawing,medium_block,attacking,attacking,pass_interception,pass,0.0043,0.0,0.0,4796,2017461.0,
2017461_2121_2134,,,,,,,,,,,,,,,,,,,,,,0.0043,0.0,0.0,4797,2017461.0,frame_missing
2017461_2121_2134,,,,,,,,,,,,,,,,,,,,,,0.0043,0.0,0.0,4798,2017461.0,frame_missing
2017461_2121_2134,,,,,,,,,,,,,,,,,,,,,,0.0043,0.0,0.0,4799,2017461.0,frame_missing
2017461_2121_2134,,,,,,,,,,,,,,,,,,,,,,0.0043,0.0,0.0,4800,2017461.0,frame_missing
2017461_2121_2137,2017461.0,2121.0,39900.0,39915.0,51685.0,Melbourne V FC,868.0,32.75454930234883,74.31527770250206,74.31527770250206,0.0,1.0,14.006887591467278,23.96467829769613,1.0,drawing,medium_block,attacking,attacking,pass_interception,pass,0.0043,0.0,0.0,4801,2017461.0,
2017461_2121_2137,,,,,,,,,,,,,,,,,,,,,,0.0043,0.0,0.0,4802,2017461.0,frame_missing
2017461_2121_2137,,,,,,,,,,,,,,,,,,,,,,0.0043,0.0,0.0,4803,2017461.0,frame_missing
2017461_2121_2137,,,,,,,,,,,,,,,,,,,,,,0.0043,0.0,0.0,4804,2017461.0,frame_missing
2017461_2121_2137,,,,,,,,,,,,,,,,,,,,,,0.0043,0.0,0.0,4805,2017461.0,frame_missing
2017461_2121_2137,,,,,,,,,,,,,,,,,,,,,,0.0043,0.0,0.0,4806,2017461.0,frame_missing
2017461_2121_2137,2017461.0,2137.0,40018.0,40031.0,38673.0,Auckland FC,4177.0,42.612122688267945,69.06875559904057,69.06875559904057,1.5297058540778345,1.0,11.638023887241339,21.33599617977151,4.0,drawing,medium_block,middle,middle,pass_interception,pass,0.0043,0.0,0.0,4807,2017461.0,
2017461_2142_2167,2017461.0,2142.0,40053.0,40064.0,51013.0,Melbourne V FC,868.0,50.00006899995239,56.17122840031184,56.17122840031184,0.0,1.0,14.770517932692815,30.105274801369163,1.0,drawing,medium_block,middle,middle,pass_interception,pass,0.0007,0.0,0.0,4808,2017461.0,
2017461_2142_2167,,,,,,,,,,,,,,,,,,,,,,0.0007,0.0,0.0,4809,2017461.0,frame_missing
2017461_2142_2167,,,,,,,,,,,,,,,,,,,,,,0.0007,0.0,0.0,4810,2017461.0,frame_missing
2017461_2142_2167,,,,,,,,,,,,,,,,,,,,,,0.0007,0.0,0.0,4811,2017461.0,frame_missing
2017461_2142_2167,,,,,,,,,,,,,,,,,,,,,,0.0007,0.0,0.0,4812,2017461.0,frame_missing
2017461_2142_2167,,,,,,,,,,,,,,,,,,,,,,0.0007,0.0,0.0,4813,2017461.0,frame_missing
2017461_2142_2167,,,,,,,,,,,,,,,,,,,,,,0.0007,0.0,0.0,4814,2017461.0,frame_missing
2017461_2180_2209,2017461.0,2180.0,40421.0,40425.0,285188.0,Auckland FC,4177.0,15.317522645649982,96.17653819929266,96.17653819929266,19.077497215305783,0.0,22.995532174750817,45.232915354579504,11.0,drawing,chaotic,defensive,defensive,pass_interception,pass,0.0489,1.0,0.0,4815,2017461.0,
2017461_2180_2209,,,,,,,,,,,,,,,,,,,,,,,,,4816,,no_player_id
2017461_2180_2209,,,,,,,,,,,,,,,,,,,,,,0.0489,1.0,0.0,4817,2017461.0,frame_missing
2017461_2180_2209,,,,,,,,,,,,,,,,,,,,,,0.0489,1.0,0.0,4818,2017461.0,frame_missing
2017461_2180_2209,,,,,,,,,,,,,,,,,,,,,,0.0489,1.0,0.0,4819,2017461.0,frame_missing
2017461_2180_2209,,,,,,,,,,,,,,,,,,,,,,0.0489,1.0,0.0,4820,2017461.0,frame_missing
2017461_2180_2209,,,,,,,,,,,,,,,,,,,,,,0.0489,1.0,0.0,4821,2017461.0,frame_missing
2017461_2180_2209,,,,,,,,,,,,,,,,,,,,,,0.0489,1.0,0.0,4822,2017461.0,frame_missing
2017461_2180_2209,,,,,,,,,,,,,,,,,,,,,,0.0489,1.0,0.0,4823,2017461.0,frame_missing
2017461_2180_2209,,,,,,,,,,,,,,,,,,,,,,0.0489,1.0,0.0,4824,2017461.0,frame_missing
2017461_2180_2209,,,,,,,,,,,,,,,,,,,,,,0.0489,1.0,0.0,4825,2017461.0,frame_missing
2017461_2180_2209,,,,,,,,,,,,,,,,,,,,,,0.0489,1.0,0.0,4826,2017461.0,frame_missing
2017461_2180_2212,2017461.0,2180.0,40421.0,40425.0,285188.0,Auckland FC,4177.0,15.317522645649982,96.17653819929266,96.17653819929266,19.077497215305783,0.0,22.995532174750817,45.232915354579504,11.0,drawing,chaotic,defensive,defensive,pass_interception,pass,0.0489,1.0,0.0,4827,2017461.0,
2017461_2180_2212,,,,,,,,,,,,,,,,,,,,,,,,,4828,,no_player_id
2017461_2180_2212,,,,,,,,,,,,,,,,,,,,,,0.0489,1.0,0.0,4829,2017461.0,frame_missing
2017461_2180_2212,,,,,,,,,,,,,,,,,,,,,,0.0489,1.0,0.0,4830,2017461.0,frame_missing
2017461_2180_2212,,,,,,,,,,,,,,,,,,,,,,0.0489,1.0,0.0,4831,2017461.0,frame_missing
2017461_2180_2212,,,,,,,,,,,,,,,,,,,,,,0.0489,1.0,0.0,4832,2017461.0,frame_missing
2017461_2180_2212,,,,,,,,,,,,,,,,,,,,,,0.0489,1.0,0.0,4833,2017461.0,frame_missing
2017461_2180_2212,,,,,,,,,,,,,,,,,,,,,,0.0489,1.0,0.0,4834,2017461.0,frame_missing
2017461_2180_2212,,,,,,,,,,,,,,,,,,,,,,0.0489,1.0,0.0,4835,2017461.0,frame_missing
2017461_2180_2212,,,,,,,,,,,,,,,,,,,,,,0.0489,1.0,0.0,4836,2017461.0,frame_missing
2017461_2180_2212,,,,,,,,,,,,,,,,,,,,,,0.0489,1.0,0.0,4837,2017461.0,frame_missing
2017461_2180_2212,,,,,,,,,,,,,,,,,,,,,,0.0489,1.0,0.0,4838,2017461.0,frame_missing
2017461_2180_2212,,,,,,,,,,,,,,,,,,,,,,,,,4839,,no_player_id
2017461_2364_2366,,,,,,,,,,,,,,,,,,,,,,,,,4840,,no_player_id
2017461_2364_2366,,,,,,,,,,,,,,,,,,,,,,,,0.0,4841,2017461.0,frame_missing
2017461_2364_2366,,,,,,,,,,,,,,,,,,,,,,,,0.0,4842,2017461.0,frame_missing
2017461_2367_2379,2017461.0,2367.0,43440.0,43450.0,582974.0,Auckland FC,4177.0,30.30642341154759,75.56903664861687,30.30642341154759,7.685655469769639,0.0,4.009438863482021,18.25451250870596,10.0,drawing,defending_set_play,attacking,attacking,recovery,pass,0.1859,1.0,0.0,4843,2017461.0,
2017461_2367_2379,,,,,,,,,,,,,,,,,,,,,,0.1859,1.0,0.0,4844,2017461.0,frame_missing
2017461_2367_2379,,,,,,,,,,,,,,,,,,,,,,0.1859,1.0,0.0,4845,2017461.0,frame_missing
2017461_2367_2379,,,,,,,,,,,,,,,,,,,,,,0.1859,1.0,0.0,4846,2017461.0,frame_missing
2017461_2367_2379,,,,,,,,,,,,,,,,,,,,,,,,,4847,,no_player_id
2017461_2419_2442,2017461.0,2419.0,44434.0,44434.0,29075.0,Melbourne V FC,868.0,39.549576483193846,85.14029010991212,39.549576483193846,11.322159687974725,0.0,15.715778695311279,36.93941897182737,4.0,drawing,low_block,defensive,defensive,pass_interception,pass,0.0532,1.0,0.0,4848,2017461.0,
2017461_2419_2442,,,,,,,,,,,,,,,,,,,,,,0.0532,1.0,0.0,4849,2017461.0,frame_missing
2017461_2419_2442,,,,,,,,,,,,,,,,,,,,,,0.0532,1.0,0.0,4850,2017461.0,frame_missing
2017461_2419_2442,,,,,,,,,,,,,,,,,,,,,,0.0532,1.0,0.0,4851,2017461.0,frame_missing
2017461_2419_2442,,,,,,,,,,,,,,,,,,,,,,0.0532,1.0,0.0,4852,2017461.0,frame_missing
2017461_2419_2442,,,,,,,,,,,,,,,,,,,,,,0.0532,1.0,0.0,4853,2017461.0,frame_missing
2017461_2419_2442,,,,,,,,,,,,,,,,,,,,,,0.0532,1.0,0.0,4854,2017461.0,frame_missing
2017461_2419_2442,,,,,,,,,,,,,,,,,,,,,,0.0532,1.0,0.0,4855,2017461.0,frame_missing
2017461_2419_2442,,,,,,,,,,,,,,,,,,,,,,,,,4856,,no_player_id
2017461_2522_2536,2017461.0,2522.0,45818.0,45839.0,23418.0,Auckland FC,4177.0,50.656968918402534,62.547809713850086,50.656968918402534,2.061674077054857,1.0,8.43564461081665,27.818610844444816,7.0,drawing,medium_block,middle,middle,pass_interception,pass,0.0305,1.0,0.0,4857,2017461.0,
2017461_2522_2536,,,,,,,,,,,,,,,,,,,,,,0.0305,1.0,0.0,4858,2017461.0,frame_missing
2017461_2522_2536,,,,,,,,,,,,,,,,,,,,,,0.0305,1.0,0.0,4859,2017461.0,frame_missing
2017461_2522_2536,2017461.0,2536.0,45878.0,45878.0,29075.0,Melbourne V FC,868.0,45.91925522044102,60.727077980090556,60.727077980090556,3.9151117480858706,1.0,14.012137595670405,22.21149675001372,5.0,drawing,medium_block,middle,middle,pass_interception,pass,0.0305,1.0,0.0,4860,2017461.0,
2017461_2577_2601,2017461.0,2577.0,47713.0,47713.0,157294.0,Melbourne V FC,868.0,56.67952893241086,56.88294120384423,56.67952893241086,4.487694285487816,1.0,4.494374261229254,15.082066593766887,4.0,drawing,medium_block,middle,middle,recovery,pass,0.0438,1.0,0.0,4861,2017461.0,
2017461_2577_2601,,,,,,,,,,,,,,,,,,,,,,0.0438,1.0,0.0,4862,2017461.0,frame_missing
2017461_2577_2601,,,,,,,,,,,,,,,,,,,,,,0.0438,1.0,0.0,4863,2017461.0,frame_missing
2017461_2577_2601,,,,,,,,,,,,,,,,,,,,,,0.0438,1.0,0.0,4864,2017461.0,frame_missing
2017461_2577_2601,,,,,,,,,,,,,,,,,,,,,,0.0438,1.0,0.0,4865,2017461.0,frame_missing
2017461_2577_2601,,,,,,,,,,,,,,,,,,,,,,0.0438,1.0,0.0,4866,2017461.0,frame_missing
2017461_2577_2601,,,,,,,,,,,,,,,,,,,,,,0.0438,1.0,0.0,4867,2017461.0,frame_missing
2017461_2577_2601,,,,,,,,,,,,,,,,,,,,,,,,,4868,,no_player_id
2017461_2577_2605,2017461.0,2577.0,47713.0,47713.0,157294.0,Melbourne V FC,868.0,56.67952893241086,56.88294120384423,56.67952893241086,4.487694285487816,1.0,4.494374261229254,15.082066593766887,4.0,drawing,medium_block,middle,middle,recovery,pass,0.0438,1.0,0.0,4869,2017461.0,
2017461_2577_2605,,,,,,,,,,,,,,,,,,,,,,0.0438,1.0,0.0,4870,2017461.0,frame_missing
2017461_2577_2605,,,,,,,,,,,,,,,,,,,,,,0.0438,1.0,0.0,4871,2017461.0,frame_missing
2017461_2577_2605,,,,,,,,,,,,,,,,,,,,,,0.0438,1.0,0.0,4872,2017461.0,frame_missing
2017461_2577_2605,,,,,,,,,,,,,,,,,,,,,,0.0438,1.0,0.0,4873,2017461.0,frame_missing
2017461_2577_2605,,,,,,,,,,,,,,,,,,,,,,0.0438,1.0,0.0,4874,2017461.0,frame_missing
2017461_2577_2605,,,,,,,,,,,,,,,,,,,,,,0.0438,1.0,0.0,4875,2017461.0,frame_missing
2017461_2577_2605,,,,,,,,,,,,,,,,,,,,,,,,,4876,,no_player_id
2017461_2577_2605,,,,,,,,,,,,,,,,,,,,,,0.0438,1.0,0.0,4877,2017461.0,frame_missing
2017461_2577_2605,2017461.0,2605.0,47803.0,47811.0,38673.0,Auckland FC,4177.0,47.302898431280084,58.801906431679576,58.801906431679576,0.680147042925278,1.0,7.036568766096157,27.489152185627955,1.0,drawing,medium_block,middle,middle,recovery,pass,0.0438,1.0,0.0,4878,2017461.0,
2017461_2630_2641,2017461.0,2630.0,48781.0,48796.0,11885.0,Melbourne V FC,868.0,39.35653058896325,68.99156832541205,39.35653058896325,12.991643468014352,0.0,19.240023388759177,27.574530923669204,2.0,drawing,chaotic,middle,middle,recovery,pass,0.0267,1.0,0.0,4879,2017461.0,
2017461_2630_2641,,,,,,,,,,,,,,,,,,,,,,0.0267,1.0,0.0,4880,2017461.0,frame_missing
2017461_2630_2641,,,,,,,,,,,,,,,,,,,,,,0.0267,1.0,0.0,4881,2017461.0,frame_missing
2017461_2630_2641,2017461.0,2641.0,48860.0,48870.0,14736.0,Auckland FC,4177.0,22.10401094824195,82.92639688301911,82.92639688301911,4.997299270606074,1.0,6.674975655386317,18.474115080225623,6.0,drawing,chaotic,defensive,defensive,recovery,pass,0.0267,1.0,0.0,4882,2017461.0,
2017461_2647_2662,2017461.0,2647.0,48904.0,48917.0,159688.0,Melbourne V FC,868.0,42.003362960601144,69.39439818890283,42.003362960601144,11.990817319932782,0.0,9.209842561086482,27.90055582578291,2.0,drawing,low_block,middle,middle,pass_interception,pass,0.0073,0.0,0.0,4883,2017461.0,
2017461_2647_2662,,,,,,,,,,,,,,,,,,,,,,0.0073,0.0,0.0,4884,2017461.0,frame_missing
2017461_2647_2662,,,,,,,,,,,,,,,,,,,,,,0.0073,0.0,0.0,4885,2017461.0,frame_missing
2017461_2647_2662,,,,,,,,,,,,,,,,,,,,,,0.0073,0.0,0.0,4886,2017461.0,frame_missing
2017461_2647_2662,,,,,,,,,,,,,,,,,,,,,,0.0073,0.0,0.0,4887,2017461.0,frame_missing
2017461_2647_2662,,,,,,,,,,,,,,,,,,,,,,0.0073,0.0,0.0,4888,2017461.0,frame_missing
2017461_2686_2713,2017461.0,2686.0,49516.0,49516.0,11885.0,Melbourne V FC,868.0,38.93326726592568,66.48382735673391,38.93326726592568,5.3916973208814305,0.0,6.016518927087324,19.405132625478814,4.0,drawing,low_block,middle,middle,pass_interception,pass,0.0155,0.0,0.0,4889,2017461.0,
2017461_2686_2713,,,,,,,,,,,,,,,,,,,,,,0.0155,0.0,0.0,4890,2017461.0,frame_missing
2017461_2686_2713,,,,,,,,,,,,,,,,,,,,,,0.0155,0.0,0.0,4891,2017461.0,frame_missing
2017461_2686_2713,,,,,,,,,,,,,,,,,,,,,,0.0155,0.0,0.0,4892,2017461.0,frame_missing
2017461_2686_2713,,,,,,,,,,,,,,,,,,,,,,0.0155,0.0,0.0,4893,2017461.0,frame_missing
2017461_2686_2713,,,,,,,,,,,,,,,,,,,,,,0.0155,0.0,0.0,4894,2017461.0,frame_missing
2017461_2686_2713,,,,,,,,,,,,,,,,,,,,,,0.0155,0.0,0.0,4895,2017461.0,frame_missing
2017461_2686_2713,,,,,,,,,,,,,,,,,,,,,,0.0155,0.0,0.0,4896,2017461.0,frame_missing
2017461_2686_2713,,,,,,,,,,,,,,,,,,,,,,0.0155,0.0,0.0,4897,2017461.0,frame_missing
2017461_2686_2713,,,,,,,,,,,,,,,,,,,,,,0.0155,0.0,0.0,4898,2017461.0,frame_missing
2017461_2787_2817,2017461.0,2787.0,52215.0,52241.0,43829.0,Auckland FC,4177.0,47.37420817280222,57.68808889190211,47.37420817280222,3.473686802231888,1.0,9.1368320549302,29.35839284713387,1.0,winning,medium_block,middle,middle,recovery,pass,0.0098,0.0,0.0,4899,2017461.0,
2017461_2787_2817,,,,,,,,,,,,,,,,,,,,,,0.0098,0.0,0.0,4900,2017461.0,frame_missing
2017461_2787_2817,,,,,,,,,,,,,,,,,,,,,,0.0098,0.0,0.0,4901,2017461.0,frame_missing
2017461_2787_2817,,,,,,,,,,,,,,,,,,,,,,0.0098,0.0,0.0,4902,2017461.0,frame_missing
2017461_2787_2817,,,,,,,,,,,,,,,,,,,,,,0.0098,0.0,0.0,4903,2017461.0,frame_missing
2017461_2787_2817,,,,,,,,,,,,,,,,,,,,,,0.0098,0.0,0.0,4904,2017461.0,frame_missing
2017461_2787_2817,,,,,,,,,,,,,,,,,,,,,,0.0098,0.0,0.0,4905,2017461.0,frame_missing
2017461_2787_2817,,,,,,,,,,,,,,,,,,,,,,0.0098,0.0,0.0,4906,2017461.0,frame_missing
2017461_2787_2817,,,,,,,,,,,,,,,,,,,,,,0.0098,0.0,0.0,4907,2017461.0,frame_missing
2017461_2787_2817,,,,,,,,,,,,,,,,,,,,,,0.0098,0.0,0.0,4908,2017461.0,frame_missing
2017461_2787_2817,,,,,,,,,,,,,,,,,,,,,,0.0098,0.0,0.0,4909,2017461.0,frame_missing
2017461_2787_2817,,,,,,,,,,,,,,,,,,,,,,0.0098,0.0,0.0,4910,2017461.0,frame_missing
2017461_2787_2817,,,,,,,,,,,,,,,,,,,,,,,,,4911,,no_player_id
2017461_2823_2857,2017461.0,2823.0,52337.0,52352.0,38673.0,Auckland FC,4177.0,53.61919525692269,54.877300407363336,54.877300407363336,5.429963167462557,0.0,9.447761639668943,20.452590233469596,1.0,winning,medium_block,middle,middle,recovery,pass,0.0869,1.0,0.0,4912,2017461.0,
2017461_2823_2857,,,,,,,,,,,,,,,,,,,,,,0.0869,1.0,0.0,4913,2017461.0,frame_missing
2017461_2823_2857,,,,,,,,,,,,,,,,,,,,,,0.0869,1.0,0.0,4914,2017461.0,frame_missing
2017461_2823_2857,,,,,,,,,,,,,,,,,,,,,,0.0869,1.0,0.0,4915,2017461.0,frame_missing
2017461_2823_2857,,,,,,,,,,,,,,,,,,,,,,0.0869,1.0,0.0,4916,2017461.0,frame_missing
2017461_2823_2857,,,,,,,,,,,,,,,,,,,,,,0.0869,1.0,0.0,4917,2017461.0,frame_missing
2017461_2823_2857,,,,,,,,,,,,,,,,,,,,,,0.0869,1.0,0.0,4918,2017461.0,frame_missing
2017461_2823_2857,,,,,,,,,,,,,,,,,,,,,,0.0869,1.0,0.0,4919,2017461.0,frame_missing
2017461_2823_2857,,,,,,,,,,,,,,,,,,,,,,0.0869,1.0,0.0,4920,2017461.0,frame_missing
2017461_2823_2857,,,,,,,,,,,,,,,,,,,,,,0.0869,1.0,0.0,4921,2017461.0,frame_missing
2017461_2823_2857,,,,,,,,,,,,,,,,,,,,,,0.0869,1.0,0.0,4922,2017461.0,frame_missing
2017461_2823_2857,,,,,,,,,,,,,,,,,,,,,,0.0869,1.0,0.0,4923,2017461.0,frame_missing
2017461_2823_2857,,,,,,,,,,,,,,,,,,,,,,0.0869,1.0,0.0,4924,2017461.0,frame_missing
2017461_2823_2857,,,,,,,,,,,,,,,,,,,,,,0.0869,1.0,0.0,4925,2017461.0,frame_missing
2017461_2823_2857,,,,,,,,,,,,,,,,,,,,,,0.0869,1.0,0.0,4926,2017461.0,frame_missing
2017461_2823_2871,2017461.0,2823.0,52337.0,52352.0,38673.0,Auckland FC,4177.0,53.61919525692269,54.877300407363336,54.877300407363336,5.429963167462557,0.0,9.447761639668943,20.452590233469596,1.0,winning,medium_block,middle,middle,recovery,pass,0.0869,1.0,0.0,4927,2017461.0,
2017461_2823_2871,,,,,,,,,,,,,,,,,,,,,,0.0869,1.0,0.0,4928,2017461.0,frame_missing
2017461_2823_2871,,,,,,,,,,,,,,,,,,,,,,0.0869,1.0,0.0,4929,2017461.0,frame_missing
2017461_2823_2871,,,,,,,,,,,,,,,,,,,,,,0.0869,1.0,0.0,4930,2017461.0,frame_missing
2017461_2823_2871,,,,,,,,,,,,,,,,,,,,,,0.0869,1.0,0.0,4931,2017461.0,frame_missing
2017461_2823_2871,,,,,,,,,,,,,,,,,,,,,,0.0869,1.0,0.0,4932,2017461.0,frame_missing
2017461_2823_2871,,,,,,,,,,,,,,,,,,,,,,0.0869,1.0,0.0,4933,2017461.0,frame_missing
2017461_2823_2871,,,,,,,,,,,,,,,,,,,,,,0.0869,1.0,0.0,4934,2017461.0,frame_missing
2017461_2823_2871,,,,,,,,,,,,,,,,,,,,,,0.0869,1.0,0.0,4935,2017461.0,frame_missing
2017461_2823_2871,,,,,,,,,,,,,,,,,,,,,,0.0869,1.0,0.0,4936,2017461.0,frame_missing
2017461_2823_2871,,,,,,,,,,,,,,,,,,,,,,0.0869,1.0,0.0,4937,2017461.0,frame_missing
2017461_2823_2871,,,,,,,,,,,,,,,,,,,,,,0.0869,1.0,0.0,4938,2017461.0,frame_missing
2017461_2823_2871,,,,,,,,,,,,,,,,,,,,,,0.0869,1.0,0.0,4939,2017461.0,frame_missing
2017461_2823_2871,,,,,,,,,,,,,,,,,,,,,,0.0869,1.0,0.0,4940,2017461.0,frame_missing
2017461_2823_2871,,,,,,,,,,,,,,,,,,,,,,0.0869,1.0,0.0,4941,2017461.0,frame_missing
2017461_2823_2871,,,,,,,,,,,,,,,,,,,,,,0.0869,1.0,0.0,4942,2017461.0,frame_missing
2017461_2823_2871,,,,,,,,,,,,,,,,,,,,,,0.0869,1.0,0.0,4943,2017461.0,frame_missing
2017461_2823_2871,,,,,,,,,,,,,,,,,,,,,,0.0869,1.0,0.0,4944,2017461.0,frame_missing
2017461_2823_2871,,,,,,,,,,,,,,,,,,,,,,0.0869,1.0,0.0,4945,2017461.0,frame_missing
2017461_2823_2871,,,,,,,,,,,,,,,,,,,,,,0.0869,1.0,0.0,4946,2017461.0,frame_missing
2017461_2904_2957,2017461.0,2904.0,52995.0,53002.0,11117.0,Melbourne V FC,868.0,37.758025636942406,78.1848354861734,78.1848354861734,5.730095985234451,0.0,7.151894853813219,20.771309245489988,5.0,losing,high_block,attacking,attacking,pass_interception,pass,0.0058,0.0,0.0,4947,2017461.0,
2017461_2904_2957,,,,,,,,,,,,,,,,,,,,,,0.0058,0.0,0.0,4948,2017461.0,frame_missing
2017461_2904_2957,,,,,,,,,,,,,,,,,,,,,,0.0058,0.0,0.0,4949,2017461.0,frame_missing
2017461_2904_2957,,,,,,,,,,,,,,,,,,,,,,0.0058,0.0,0.0,4950,2017461.0,frame_missing
2017461_2904_2957,,,,,,,,,,,,,,,,,,,,,,0.0058,0.0,0.0,4951,2017461.0,frame_missing
2017461_2904_2957,,,,,,,,,,,,,,,,,,,,,,0.0058,0.0,0.0,4952,2017461.0,frame_missing
2017461_2904_2957,,,,,,,,,,,,,,,,,,,,,,0.0058,0.0,0.0,4953,2017461.0,frame_missing
2017461_2904_2957,,,,,,,,,,,,,,,,,,,,,,0.0058,0.0,0.0,4954,2017461.0,frame_missing
2017461_2904_2957,,,,,,,,,,,,,,,,,,,,,,0.0058,0.0,0.0,4955,2017461.0,frame_missing
2017461_2904_2957,,,,,,,,,,,,,,,,,,,,,,0.0058,0.0,0.0,4956,2017461.0,frame_missing
2017461_2904_2957,,,,,,,,,,,,,,,,,,,,,,0.0058,0.0,0.0,4957,2017461.0,frame_missing
2017461_2904_2957,,,,,,,,,,,,,,,,,,,,,,0.0058,0.0,0.0,4958,2017461.0,frame_missing
2017461_2904_2957,,,,,,,,,,,,,,,,,,,,,,0.0058,0.0,0.0,4959,2017461.0,frame_missing
2017461_2904_2957,,,,,,,,,,,,,,,,,,,,,,0.0058,0.0,0.0,4960,2017461.0,frame_missing
2017461_2904_2957,,,,,,,,,,,,,,,,,,,,,,0.0058,0.0,0.0,4961,2017461.0,frame_missing
2017461_2904_2957,,,,,,,,,,,,,,,,,,,,,,0.0058,0.0,0.0,4962,2017461.0,frame_missing
2017461_2904_2957,,,,,,,,,,,,,,,,,,,,,,0.0058,0.0,0.0,4963,2017461.0,frame_missing
2017461_2904_2957,,,,,,,,,,,,,,,,,,,,,,0.0058,0.0,0.0,4964,2017461.0,frame_missing
2017461_2904_2957,,,,,,,,,,,,,,,,,,,,,,0.0058,0.0,0.0,4965,2017461.0,frame_missing
2017461_2904_2957,,,,,,,,,,,,,,,,,,,,,,0.0058,0.0,0.0,4966,2017461.0,frame_missing
2017461_2904_2957,,,,,,,,,,,,,,,,,,,,,,0.0058,0.0,0.0,4967,2017461.0,frame_missing
2017461_2904_2957,,,,,,,,,,,,,,,,,,,,,,0.0058,0.0,0.0,4968,2017461.0,frame_missing
2017461_2964_2982,2017461.0,2964.0,53320.0,53337.0,23418.0,Auckland FC,4177.0,48.91190141468638,56.20386196695028,56.20386196695028,8.643807031626746,0.0,11.001981639686552,22.1431565187608,7.0,winning,defending_transition,middle,middle,recovery,pass,0.0406,1.0,0.0,4969,2017461.0,
2017461_2964_2982,,,,,,,,,,,,,,,,,,,,,,0.0406,1.0,0.0,4970,2017461.0,frame_missing
2017461_2964_2982,,,,,,,,,,,,,,,,,,,,,,0.0406,1.0,0.0,4971,2017461.0,frame_missing
2017461_2964_2982,,,,,,,,,,,,,,,,,,,,,,0.0406,1.0,0.0,4972,2017461.0,frame_missing
2017461_2964_2982,,,,,,,,,,,,,,,,,,,,,,,,,4973,,no_player_id
2017461_2964_2982,,,,,,,,,,,,,,,,,,,,,,0.0406,1.0,0.0,4974,2017461.0,frame_missing
2017461_2964_2982,2017461.0,2982.0,53419.0,53438.0,11885.0,Melbourne V FC,868.0,50.33878524557382,57.577715307226285,50.33878524557382,5.405423202673405,0.0,12.750156861780173,28.98285486663938,5.0,winning,defending_transition,middle,middle,recovery,pass,0.0406,1.0,0.0,4975,2017461.0,
2017461_3009_3059,2017461.0,3009.0,53555.0,53555.0,159688.0,Melbourne V FC,868.0,21.705798764385523,85.9566268533148,85.9566268533148,8.170238674604306,0.0,5.42948432173812,18.640391522842553,4.0,losing,defending_transition,attacking,attacking,pass_interception,pass,0.0102,0.0,0.0,4976,2017461.0,
2017461_3009_3059,,,,,,,,,,,,,,,,,,,,,,0.0102,0.0,0.0,4977,2017461.0,frame_missing
2017461_3009_3059,,,,,,,,,,,,,,,,,,,,,,0.0102,0.0,0.0,4978,2017461.0,frame_missing
2017461_3009_3059,,,,,,,,,,,,,,,,,,,,,,0.0102,0.0,0.0,4979,2017461.0,frame_missing
2017461_3009_3059,,,,,,,,,,,,,,,,,,,,,,0.0102,0.0,0.0,4980,2017461.0,frame_missing
2017461_3009_3059,,,,,,,,,,,,,,,,,,,,,,0.0102,0.0,0.0,4981,2017461.0,frame_missing
2017461_3009_3059,,,,,,,,,,,,,,,,,,,,,,0.0102,0.0,0.0,4982,2017461.0,frame_missing
2017461_3009_3059,,,,,,,,,,,,,,,,,,,,,,0.0102,0.0,0.0,4983,2017461.0,frame_missing
2017461_3009_3059,,,,,,,,,,,,,,,,,,,,,,0.0102,0.0,0.0,4984,2017461.0,frame_missing
2017461_3009_3059,,,,,,,,,,,,,,,,,,,,,,0.0102,0.0,0.0,4985,2017461.0,frame_missing
2017461_3009_3059,,,,,,,,,,,,,,,,,,,,,,0.0102,0.0,0.0,4986,2017461.0,frame_missing
2017461_3009_3059,,,,,,,,,,,,,,,,,,,,,,0.0102,0.0,0.0,4987,2017461.0,frame_missing
2017461_3009_3059,,,,,,,,,,,,,,,,,,,,,,0.0102,0.0,0.0,4988,2017461.0,frame_missing
2017461_3009_3059,,,,,,,,,,,,,,,,,,,,,,0.0102,0.0,0.0,4989,2017461.0,frame_missing
2017461_3009_3059,,,,,,,,,,,,,,,,,,,,,,0.0102,0.0,0.0,4990,2017461.0,frame_missing
2017461_3009_3059,,,,,,,,,,,,,,,,,,,,,,0.0102,0.0,0.0,4991,2017461.0,frame_missing
2017461_3009_3059,,,,,,,,,,,,,,,,,,,,,,0.0102,0.0,0.0,4992,2017461.0,frame_missing
2017461_3009_3059,,,,,,,,,,,,,,,,,,,,,,0.0102,0.0,0.0,4993,2017461.0,frame_missing
2017461_3009_3059,,,,,,,,,,,,,,,,,,,,,,0.0102,0.0,0.0,4994,2017461.0,frame_missing
2017461_3009_3059,,,,,,,,,,,,,,,,,,,,,,,,,4995,,no_player_id
2017461_3128_3142,2017461.0,3128.0,55094.0,55104.0,745320.0,Melbourne V FC,868.0,45.85813341164248,74.47797258250255,74.47797258250255,3.934488530927495,1.0,7.130252449948741,17.241185936630966,5.0,losing,chaotic,middle,middle,pass_interception,pass,0.0196,0.0,0.0,4996,2017461.0,
2017461_3128_3142,,,,,,,,,,,,,,,,,,,,,,0.0196,0.0,0.0,4997,2017461.0,frame_missing
2017461_3128_3142,,,,,,,,,,,,,,,,,,,,,,0.0196,0.0,0.0,4998,2017461.0,frame_missing
2017461_3128_3142,,,,,,,,,,,,,,,,,,,,,,,,,4999,,no_player_id
2017461_3128_3142,,,,,,,,,,,,,,,,,,,,,,0.0196,0.0,0.0,5000,2017461.0,frame_missing
2017461_3128_3142,2017461.0,3142.0,55163.0,55185.0,133498.0,Auckland FC,4177.0,46.59062673972094,58.82249994687407,46.59062673972094,11.636099002672674,0.0,7.117871872968775,22.823945291384202,10.0,losing,chaotic,middle,middle,recovery,pass,0.0196,0.0,0.0,5001,2017461.0,
2017461_3150_3165,2017461.0,3150.0,55193.0,55193.0,51678.0,Melbourne V FC,868.0,4.645912181692631,100.3811959482452,100.3811959482452,21.956805323179417,0.0,20.251706100968384,34.44350855883394,0.0,losing,high_block,attacking,attacking,pass_interception,pass,0.0021,0.0,0.0,5002,2017461.0,
2017461_3150_3165,,,,,,,,,,,,,,,,,,,,,,0.0021,0.0,0.0,5003,2017461.0,frame_missing
2017461_3150_3165,,,,,,,,,,,,,,,,,,,,,,0.0021,0.0,0.0,5004,2017461.0,frame_missing
2017461_3150_3165,,,,,,,,,,,,,,,,,,,,,,0.0021,0.0,0.0,5005,2017461.0,frame_missing
2017461_3150_3165,,,,,,,,,,,,,,,,,,,,,,0.0021,0.0,0.0,5006,2017461.0,frame_missing
2017461_3150_3165,,,,,,,,,,,,,,,,,,,,,,0.0021,0.0,0.0,5007,2017461.0,frame_missing
2017461_3150_3165,,,,,,,,,,,,,,,,,,,,,,0.0021,0.0,0.0,5008,2017461.0,frame_missing
2017461_3171_3190,2017461.0,3171.0,55444.0,55464.0,811820.0,Melbourne V FC,868.0,53.53349792419696,57.9597739816159,53.53349792419696,11.772994521361166,0.0,10.677715111389702,27.516922059822754,4.0,losing,medium_block,middle,middle,recovery,pass,0.006,0.0,0.0,5009,2017461.0,
2017461_3171_3190,,,,,,,,,,,,,,,,,,,,,,0.006,0.0,0.0,5010,2017461.0,frame_missing
2017461_3171_3190,,,,,,,,,,,,,,,,,,,,,,0.006,0.0,0.0,5011,2017461.0,frame_missing
2017461_3171_3190,,,,,,,,,,,,,,,,,,,,,,0.006,0.0,0.0,5012,2017461.0,frame_missing
2017461_3171_3190,,,,,,,,,,,,,,,,,,,,,,0.006,0.0,0.0,5013,2017461.0,frame_missing
2017461_3171_3190,,,,,,,,,,,,,,,,,,,,,,0.006,0.0,0.0,5014,2017461.0,frame_missing
2017461_3171_3190,2017461.0,3186.0,55526.0,55526.0,4322.0,Auckland FC,4177.0,56.0830473494442,66.19824922156174,66.19824922156174,2.9165219011692676,1.0,6.941649659843112,28.882586054440722,5.0,losing,medium_block,middle,middle,pass_interception,pass,0.006,0.0,0.0,5015,2017461.0,
2017461_3171_3190,,,,,,,,,,,,,,,,,,,,,,0.006,0.0,0.0,5016,2017461.0,frame_missing
2017461_3171_3190,,,,,,,,,,,,,,,,,,,,,,0.006,0.0,0.0,5017,2017461.0,frame_missing
2017461_3186_3199,2017461.0,3186.0,55526.0,55526.0,4322.0,Auckland FC,4177.0,56.0830473494442,66.19824922156174,66.19824922156174,2.9165219011692676,1.0,6.941649659843112,28.882586054440722,5.0,winning,chaotic,middle,middle,pass_interception,pass,0.0102,0.0,0.0,5018,2017461.0,
2017461_3186_3199,,,,,,,,,,,,,,,,,,,,,,0.0102,0.0,0.0,5019,2017461.0,frame_missing
2017461_3186_3199,,,,,,,,,,,,,,,,,,,,,,0.0102,0.0,0.0,5020,2017461.0,frame_missing
2017461_3186_3199,,,,,,,,,,,,,,,,,,,,,,0.0102,0.0,0.0,5021,2017461.0,frame_missing
2017461_3186_3199,,,,,,,,,,,,,,,,,,,,,,0.0102,0.0,0.0,5022,2017461.0,frame_missing
2017461_3186_3199,,,,,,,,,,,,,,,,,,,,,,0.0102,0.0,0.0,5023,2017461.0,frame_missing
2017461_3186_3199,,,,,,,,,,,,,,,,,,,,,,0.0102,0.0,0.0,5024,2017461.0,frame_missing
2017461_3186_3199,,,,,,,,,,,,,,,,,,,,,,0.0102,0.0,0.0,5025,2017461.0,frame_missing
2017461_3285_3323,2017461.0,3285.0,58115.0,58125.0,50977.0,Melbourne V FC,868.0,54.51418622707304,62.48356984039884,62.48356984039884,7.540324926685852,0.0,19.783755962910583,33.81921643407745,1.0,losing,medium_block,middle,middle,pass_interception,pass,0.0122,0.0,0.0,5026,2017461.0,
2017461_3285_3323,,,,,,,,,,,,,,,,,,,,,,0.0122,0.0,0.0,5027,2017461.0,frame_missing
2017461_3285_3323,,,,,,,,,,,,,,,,,,,,,,0.0122,0.0,0.0,5028,2017461.0,frame_missing
2017461_3285_3323,,,,,,,,,,,,,,,,,,,,,,0.0122,0.0,0.0,5029,2017461.0,frame_missing
2017461_3285_3323,,,,,,,,,,,,,,,,,,,,,,0.0122,0.0,0.0,5030,2017461.0,frame_missing
2017461_3285_3323,2017461.0,3297.0,58232.0,58232.0,43829.0,Auckland FC,4177.0,47.1986885411025,69.5256513813427,69.5256513813427,10.767887443691079,0.0,8.670098038661386,28.151114506132505,3.0,losing,medium_block,middle,middle,pass_interception,pass,0.0122,0.0,0.0,5031,2017461.0,
2017461_3285_3323,,,,,,,,,,,,,,,,,,,,,,0.0122,0.0,0.0,5032,2017461.0,frame_missing
2017461_3285_3323,,,,,,,,,,,,,,,,,,,,,,0.0122,0.0,0.0,5033,2017461.0,frame_missing
2017461_3285_3323,,,,,,,,,,,,,,,,,,,,,,0.0122,0.0,0.0,5034,2017461.0,frame_missing
2017461_3285_3323,,,,,,,,,,,,,,,,,,,,,,0.0122,0.0,0.0,5035,2017461.0,frame_missing
2017461_3285_3323,,,,,,,,,,,,,,,,,,,,,,0.0122,0.0,0.0,5036,2017461.0,frame_missing
2017461_3285_3323,,,,,,,,,,,,,,,,,,,,,,0.0122,0.0,0.0,5037,2017461.0,frame_missing
2017461_3285_3323,,,,,,,,,,,,,,,,,,,,,,0.0122,0.0,0.0,5038,2017461.0,frame_missing
2017461_3285_3323,,,,,,,,,,,,,,,,,,,,,,0.0122,0.0,0.0,5039,2017461.0,frame_missing
2017461_3285_3323,,,,,,,,,,,,,,,,,,,,,,0.0122,0.0,0.0,5040,2017461.0,frame_missing
2017461_3297_3337,2017461.0,3297.0,58232.0,58232.0,43829.0,Auckland FC,4177.0,47.1986885411025,69.5256513813427,69.5256513813427,10.767887443691079,0.0,8.670098038661386,28.151114506132505,3.0,winning,medium_block,middle,middle,pass_interception,pass,0.0147,0.0,0.0,5041,2017461.0,
2017461_3297_3337,,,,,,,,,,,,,,,,,,,,,,0.0147,0.0,0.0,5042,2017461.0,frame_missing
2017461_3297_3337,,,,,,,,,,,,,,,,,,,,,,0.0147,0.0,0.0,5043,2017461.0,frame_missing
2017461_3297_3337,,,,,,,,,,,,,,,,,,,,,,0.0147,0.0,0.0,5044,2017461.0,frame_missing
2017461_3297_3337,,,,,,,,,,,,,,,,,,,,,,0.0147,0.0,0.0,5045,2017461.0,frame_missing
2017461_3297_3337,,,,,,,,,,,,,,,,,,,,,,0.0147,0.0,0.0,5046,2017461.0,frame_missing
2017461_3297_3337,,,,,,,,,,,,,,,,,,,,,,0.0147,0.0,0.0,5047,2017461.0,frame_missing
2017461_3297_3337,,,,,,,,,,,,,,,,,,,,,,0.0147,0.0,0.0,5048,2017461.0,frame_missing
2017461_3297_3337,,,,,,,,,,,,,,,,,,,,,,0.0147,0.0,0.0,5049,2017461.0,frame_missing
2017461_3297_3337,,,,,,,,,,,,,,,,,,,,,,0.0147,0.0,0.0,5050,2017461.0,frame_missing
2017461_3297_3337,,,,,,,,,,,,,,,,,,,,,,0.0147,0.0,0.0,5051,2017461.0,frame_missing
2017461_3297_3337,2017461.0,3328.0,58373.0,58373.0,11117.0,Melbourne V FC,868.0,43.356596960554924,63.698465444624325,43.356596960554924,5.690421776986306,0.0,4.98389405986925,19.67981301269476,4.0,winning,medium_block,middle,middle,recovery,pass,0.0147,0.0,0.0,5052,2017461.0,
2017461_3297_3337,,,,,,,,,,,,,,,,,,,,,,0.0147,0.0,0.0,5053,2017461.0,frame_missing
2017461_3297_3337,,,,,,,,,,,,,,,,,,,,,,0.0147,0.0,0.0,5054,2017461.0,frame_missing
2017461_3297_3337,,,,,,,,,,,,,,,,,,,,,,,,,5055,,no_player_id
2017461_3328_3340,2017461.0,3328.0,58373.0,58373.0,11117.0,Melbourne V FC,868.0,43.356596960554924,63.698465444624325,43.356596960554924,5.690421776986306,0.0,4.98389405986925,19.67981301269476,4.0,losing,defending_transition,middle,middle,recovery,pass,0.0147,0.0,0.0,5056,2017461.0,
2017461_3328_3340,,,,,,,,,,,,,,,,,,,,,,0.0147,0.0,0.0,5057,2017461.0,frame_missing
2017461_3328_3340,,,,,,,,,,,,,,,,,,,,,,0.0147,0.0,0.0,5058,2017461.0,frame_missing
2017461_3328_3340,,,,,,,,,,,,,,,,,,,,,,,,,5059,,no_player_id
2017461_3328_3340,,,,,,,,,,,,,,,,,,,,,,,,,5060,,no_player_id
2017461_3342_3376,2017461.0,3342.0,58817.0,58817.0,50955.0,Melbourne V FC,868.0,47.39127873353915,66.05099015154883,66.05099015154883,0.0,1.0,13.25745073534124,29.670388231039606,2.0,losing,medium_block,middle,middle,recovery,pass,0.041,1.0,0.0,5061,2017461.0,
2017461_3342_3376,,,,,,,,,,,,,,,,,,,,,,0.041,1.0,0.0,5062,2017461.0,frame_missing
2017461_3342_3376,,,,,,,,,,,,,,,,,,,,,,0.041,1.0,0.0,5063,2017461.0,frame_missing
2017461_3342_3376,,,,,,,,,,,,,,,,,,,,,,0.041,1.0,0.0,5064,2017461.0,frame_missing
2017461_3342_3376,,,,,,,,,,,,,,,,,,,,,,0.041,1.0,0.0,5065,2017461.0,frame_missing
2017461_3342_3376,,,,,,,,,,,,,,,,,,,,,,0.041,1.0,0.0,5066,2017461.0,frame_missing
2017461_3342_3376,,,,,,,,,,,,,,,,,,,,,,0.041,1.0,0.0,5067,2017461.0,frame_missing
2017461_3342_3376,,,,,,,,,,,,,,,,,,,,,,0.041,1.0,0.0,5068,2017461.0,frame_missing
2017461_3342_3376,,,,,,,,,,,,,,,,,,,,,,0.041,1.0,0.0,5069,2017461.0,frame_missing
2017461_3342_3376,,,,,,,,,,,,,,,,,,,,,,0.041,1.0,0.0,5070,2017461.0,frame_missing
2017461_3342_3376,,,,,,,,,,,,,,,,,,,,,,0.041,1.0,0.0,5071,2017461.0,frame_missing
2017461_3342_3376,,,,,,,,,,,,,,,,,,,,,,0.041,1.0,0.0,5072,2017461.0,frame_missing
2017461_3342_3376,,,,,,,,,,,,,,,,,,,,,,0.041,1.0,0.0,5073,2017461.0,frame_missing
2017461_3342_3376,,,,,,,,,,,,,,,,,,,,,,0.041,1.0,0.0,5074,2017461.0,frame_missing
2017461_3382_3415,2017461.0,3382.0,59116.0,59116.0,23418.0,Auckland FC,4177.0,27.43832720848704,84.76533371608939,84.76533371608939,10.926820214499731,0.0,2.660244349679178,15.454405340797136,5.0,winning,chaotic,defensive,defensive,recovery,pass,0.0255,1.0,0.0,5075,2017461.0,
2017461_3382_3415,,,,,,,,,,,,,,,,,,,,,,0.0255,1.0,0.0,5076,2017461.0,frame_missing
2017461_3382_3415,,,,,,,,,,,,,,,,,,,,,,0.0255,1.0,0.0,5077,2017461.0,frame_missing
2017461_3382_3415,,,,,,,,,,,,,,,,,,,,,,0.0255,1.0,0.0,5078,2017461.0,frame_missing
2017461_3382_3415,,,,,,,,,,,,,,,,,,,,,,0.0255,1.0,0.0,5079,2017461.0,frame_missing
2017461_3382_3415,,,,,,,,,,,,,,,,,,,,,,0.0255,1.0,0.0,5080,2017461.0,frame_missing
2017461_3382_3415,,,,,,,,,,,,,,,,,,,,,,0.0255,1.0,0.0,5081,2017461.0,frame_missing
2017461_3382_3415,,,,,,,,,,,,,,,,,,,,,,0.0255,1.0,0.0,5082,2017461.0,frame_missing
2017461_3382_3415,,,,,,,,,,,,,,,,,,,,,,0.0255,1.0,0.0,5083,2017461.0,frame_missing
2017461_3382_3415,,,,,,,,,,,,,,,,,,,,,,0.0255,1.0,0.0,5084,2017461.0,frame_missing
2017461_3382_3415,,,,,,,,,,,,,,,,,,,,,,0.0255,1.0,0.0,5085,2017461.0,frame_missing
2017461_3382_3415,,,,,,,,,,,,,,,,,,,,,,0.0255,1.0,0.0,5086,2017461.0,frame_missing
2017461_3382_3415,,,,,,,,,,,,,,,,,,,,,,0.0255,1.0,0.0,5087,2017461.0,frame_missing
2017461_3382_3415,,,,,,,,,,,,,,,,,,,,,,0.0255,1.0,0.0,5088,2017461.0,frame_missing
2017461_3382_3415,,,,,,,,,,,,,,,,,,,,,,0.0255,1.0,0.0,5089,2017461.0,frame_missing
2017461_3382_3415,,,,,,,,,,,,,,,,,,,,,,0.0255,1.0,0.0,5090,2017461.0,frame_missing
2017461_3382_3415,,,,,,,,,,,,,,,,,,,,,,0.0255,1.0,0.0,5091,2017461.0,frame_missing
2017461_3382_3419,2017461.0,3382.0,59116.0,59116.0,23418.0,Auckland FC,4177.0,27.43832720848704,84.76533371608939,84.76533371608939,10.926820214499731,0.0,2.660244349679178,15.454405340797136,5.0,winning,chaotic,defensive,defensive,recovery,pass,0.0255,1.0,0.0,5092,2017461.0,
2017461_3382_3419,,,,,,,,,,,,,,,,,,,,,,0.0255,1.0,0.0,5093,2017461.0,frame_missing
2017461_3382_3419,,,,,,,,,,,,,,,,,,,,,,0.0255,1.0,0.0,5094,2017461.0,frame_missing
2017461_3382_3419,,,,,,,,,,,,,,,,,,,,,,0.0255,1.0,0.0,5095,2017461.0,frame_missing
2017461_3382_3419,,,,,,,,,,,,,,,,,,,,,,0.0255,1.0,0.0,5096,2017461.0,frame_missing
2017461_3382_3419,,,,,,,,,,,,,,,,,,,,,,0.0255,1.0,0.0,5097,2017461.0,frame_missing
2017461_3382_3419,,,,,,,,,,,,,,,,,,,,,,0.0255,1.0,0.0,5098,2017461.0,frame_missing
2017461_3382_3419,,,,,,,,,,,,,,,,,,,,,,0.0255,1.0,0.0,5099,2017461.0,frame_missing
2017461_3382_3419,,,,,,,,,,,,,,,,,,,,,,0.0255,1.0,0.0,5100,2017461.0,frame_missing
2017461_3382_3419,,,,,,,,,,,,,,,,,,,,,,0.0255,1.0,0.0,5101,2017461.0,frame_missing
2017461_3382_3419,,,,,,,,,,,,,,,,,,,,,,0.0255,1.0,0.0,5102,2017461.0,frame_missing
2017461_3382_3419,,,,,,,,,,,,,,,,,,,,,,0.0255,1.0,0.0,5103,2017461.0,frame_missing
2017461_3382_3419,,,,,,,,,,,,,,,,,,,,,,0.0255,1.0,0.0,5104,2017461.0,frame_missing
2017461_3382_3419,,,,,,,,,,,,,,,,,,,,,,0.0255,1.0,0.0,5105,2017461.0,frame_missing
2017461_3382_3419,,,,,,,,,,,,,,,,,,,,,,0.0255,1.0,0.0,5106,2017461.0,frame_missing
2017461_3382_3419,,,,,,,,,,,,,,,,,,,,,,0.0255,1.0,0.0,5107,2017461.0,frame_missing
2017461_3382_3419,,,,,,,,,,,,,,,,,,,,,,0.0255,1.0,0.0,5108,2017461.0,frame_missing
2017461_3382_3419,,,,,,,,,,,,,,,,,,,,,,0.0255,1.0,0.0,5109,2017461.0,frame_missing
2017461_3382_3419,2017461.0,3419.0,59275.0,59280.0,38673.0,Auckland FC,4177.0,38.24052823902934,71.88002504173187,71.88002504173187,12.178973684182095,0.0,4.323343613454753,20.330755955254432,2.0,winning,chaotic,defensive,defensive,pass_interception,pass,0.0255,1.0,0.0,5110,2017461.0,
2017461_3578_3589,2017461.0,3578.0,62029.0,62041.0,965685.0,Auckland FC,4177.0,23.331442304324007,81.7218220550668,81.7218220550668,6.710625902253828,0.0,10.349980676310464,21.572128532127337,4.0,winning,high_block,defensive,defensive,recovery,pass,0.0699,1.0,0.0,5111,2017461.0,
2017461_3578_3589,,,,,,,,,,,,,,,,,,,,,,0.0699,1.0,0.0,5112,2017461.0,frame_missing
2017461_3578_3589,,,,,,,,,,,,,,,,,,,,,,0.0699,1.0,0.0,5113,2017461.0,frame_missing
2017461_3578_3589,,,,,,,,,,,,,,,,,,,,,,0.0699,1.0,0.0,5114,2017461.0,frame_missing
2017461_3578_3589,,,,,,,,,,,,,,,,,,,,,,0.0699,1.0,0.0,5115,2017461.0,frame_missing
2017461_3578_3589,,,,,,,,,,,,,,,,,,,,,,0.0699,1.0,0.0,5116,2017461.0,frame_missing
2017461_3595_3601,2017461.0,3595.0,62116.0,62116.0,159688.0,Melbourne V FC,868.0,50.37289846733062,62.88822544801213,62.88822544801213,3.124099870362662,1.0,4.312644200487677,23.675058397671187,2.0,losing,medium_block,middle,middle,pass_interception,pass,0.0043,0.0,0.0,5117,2017461.0,
2017461_3595_3601,,,,,,,,,,,,,,,,,,,,,,0.0043,0.0,0.0,5118,2017461.0,frame_missing
2017461_3595_3601,,,,,,,,,,,,,,,,,,,,,,0.0043,0.0,0.0,5119,2017461.0,frame_missing
2017461_3595_3601,,,,,,,,,,,,,,,,,,,,,,,,,5120,,no_player_id
2017461_3595_3609,2017461.0,3595.0,62116.0,62116.0,159688.0,Melbourne V FC,868.0,50.37289846733062,62.88822544801213,62.88822544801213,3.124099870362662,1.0,4.312644200487677,23.675058397671187,2.0,losing,medium_block,middle,middle,pass_interception,pass,0.0043,0.0,0.0,5121,2017461.0,
2017461_3595_3609,,,,,,,,,,,,,,,,,,,,,,0.0043,0.0,0.0,5122,2017461.0,frame_missing
2017461_3595_3609,,,,,,,,,,,,,,,,,,,,,,0.0043,0.0,0.0,5123,2017461.0,frame_missing
2017461_3595_3609,,,,,,,,,,,,,,,,,,,,,,,,,5124,,no_player_id
2017461_3595_3609,,,,,,,,,,,,,,,,,,,,,,0.0043,0.0,0.0,5125,2017461.0,frame_missing
2017461_3595_3609,,,,,,,,,,,,,,,,,,,,,,0.0043,0.0,0.0,5126,2017461.0,frame_missing
2017461_3595_3609,2017461.0,3609.0,62225.0,62247.0,43829.0,Auckland FC,4177.0,56.4294754538796,60.01821140287338,60.01821140287338,3.381035344387869,1.0,6.104629390880334,27.814378216513877,4.0,losing,medium_block,middle,middle,recovery,pass,0.0043,0.0,0.0,5127,2017461.0,
2017461_3624_3657,2017461.0,3624.0,63302.0,63316.0,159688.0,Melbourne V FC,868.0,51.33552084083691,58.07267601893338,51.33552084083691,8.120221671851084,0.0,10.861500817106263,27.108399811488674,1.0,losing,medium_block,middle,middle,recovery,pass,0.0657,1.0,0.0,5128,2017461.0,
2017461_3624_3657,,,,,,,,,,,,,,,,,,,,,,0.0657,1.0,0.0,5129,2017461.0,frame_missing
2017461_3624_3657,,,,,,,,,,,,,,,,,,,,,,0.0657,1.0,0.0,5130,2017461.0,frame_missing
2017461_3624_3657,,,,,,,,,,,,,,,,,,,,,,0.0657,1.0,0.0,5131,2017461.0,frame_missing
2017461_3624_3657,,,,,,,,,,,,,,,,,,,,,,0.0657,1.0,0.0,5132,2017461.0,frame_missing
2017461_3624_3657,,,,,,,,,,,,,,,,,,,,,,0.0657,1.0,0.0,5133,2017461.0,frame_missing
2017461_3624_3657,,,,,,,,,,,,,,,,,,,,,,0.0657,1.0,0.0,5134,2017461.0,frame_missing
2017461_3624_3657,,,,,,,,,,,,,,,,,,,,,,0.0657,1.0,0.0,5135,2017461.0,frame_missing
2017461_3624_3657,,,,,,,,,,,,,,,,,,,,,,0.0657,1.0,0.0,5136,2017461.0,frame_missing
2017461_3624_3657,,,,,,,,,,,,,,,,,,,,,,0.0657,1.0,0.0,5137,2017461.0,frame_missing
2017461_3624_3657,,,,,,,,,,,,,,,,,,,,,,0.0657,1.0,0.0,5138,2017461.0,frame_missing
2017461_3624_3657,,,,,,,,,,,,,,,,,,,,,,0.0657,1.0,0.0,5139,2017461.0,frame_missing
2017461_3624_3657,,,,,,,,,,,,,,,,,,,,,,0.0657,1.0,0.0,5140,2017461.0,frame_missing
2017461_3749_3774,2017461.0,3749.0,65579.0,65579.0,51714.0,Melbourne V FC,868.0,38.20677688578297,73.06475073522115,38.20677688578297,0.0,1.0,4.8935978584268645,19.641593834386825,3.0,losing,low_block,defensive,defensive,pass_interception,pass,0.0883,1.0,0.0,5141,2017461.0,
2017461_3749_3774,,,,,,,,,,,,,,,,,,,,,,0.0883,1.0,0.0,5142,2017461.0,frame_missing
2017461_3749_3774,,,,,,,,,,,,,,,,,,,,,,0.0883,1.0,0.0,5143,2017461.0,frame_missing
2017461_3749_3774,,,,,,,,,,,,,,,,,,,,,,0.0883,1.0,0.0,5144,2017461.0,frame_missing
2017461_3749_3774,,,,,,,,,,,,,,,,,,,,,,0.0883,1.0,0.0,5145,2017461.0,frame_missing
2017461_3749_3774,,,,,,,,,,,,,,,,,,,,,,0.0883,1.0,0.0,5146,2017461.0,frame_missing
2017461_3749_3774,,,,,,,,,,,,,,,,,,,,,,0.0883,1.0,0.0,5147,2017461.0,frame_missing
2017461_3749_3774,,,,,,,,,,,,,,,,,,,,,,0.0883,1.0,0.0,5148,2017461.0,frame_missing
2017461_3749_3774,,,,,,,,,,,,,,,,,,,,,,0.0883,1.0,0.0,5149,2017461.0,frame_missing
2017461_3749_3774,,,,,,,,,,,,,,,,,,,,,,0.0883,1.0,0.0,5150,2017461.0,frame_missing
2017461_3749_3774,,,,,,,,,,,,,,,,,,,,,,0.0883,1.0,0.0,5151,2017461.0,frame_missing
2017461_3749_3774,,,,,,,,,,,,,,,,,,,,,,0.0883,1.0,0.0,5152,2017461.0,frame_missing
2017461_3816_3828,2017461.0,3816.0,66422.0,66433.0,38673.0,Auckland FC,4177.0,39.30360924902445,77.79057590736812,39.30360924902445,1.6016241756417136,1.0,6.0530735994203795,19.432088774667164,1.0,winning,chaotic,attacking,attacking,recovery,pass,0.0096,0.0,0.0,5153,2017461.0,
2017461_3816_3828,,,,,,,,,,,,,,,,,,,,,,0.0096,0.0,0.0,5154,2017461.0,frame_missing
2017461_3816_3828,,,,,,,,,,,,,,,,,,,,,,0.0096,0.0,0.0,5155,2017461.0,frame_missing
2017461_3816_3828,,,,,,,,,,,,,,,,,,,,,,,,,5156,,no_player_id
2017461_3816_3828,,,,,,,,,,,,,,,,,,,,,,0.0096,0.0,0.0,5157,2017461.0,frame_missing
2017461_3816_3828,,,,,,,,,,,,,,,,,,,,,,0.0096,0.0,0.0,5158,2017461.0,frame_missing
2017461_3816_3828,,,,,,,,,,,,,,,,,,,,,,0.0096,0.0,0.0,5159,2017461.0,frame_missing
2017461_3816_3828,,,,,,,,,,,,,,,,,,,,,,,,,5160,,no_player_id
2017461_3859_3910,2017461.0,3859.0,66971.0,66986.0,31147.0,Auckland FC,4177.0,47.84230450135111,65.35507707898446,65.35507707898446,0.0,1.0,10.971326264403952,31.589225274172875,10.0,winning,medium_block,middle,middle,pass_interception,pass,0.0604,1.0,0.0,5161,2017461.0,
2017461_3859_3910,,,,,,,,,,,,,,,,,,,,,,0.0604,1.0,0.0,5162,2017461.0,frame_missing
2017461_3859_3910,,,,,,,,,,,,,,,,,,,,,,0.0604,1.0,0.0,5163,2017461.0,frame_missing
2017461_3859_3910,,,,,,,,,,,,,,,,,,,,,,0.0604,1.0,0.0,5164,2017461.0,frame_missing
2017461_3859_3910,,,,,,,,,,,,,,,,,,,,,,0.0604,1.0,0.0,5165,2017461.0,frame_missing
2017461_3859_3910,,,,,,,,,,,,,,,,,,,,,,0.0604,1.0,0.0,5166,2017461.0,frame_missing
2017461_3859_3910,,,,,,,,,,,,,,,,,,,,,,0.0604,1.0,0.0,5167,2017461.0,frame_missing
2017461_3859_3910,,,,,,,,,,,,,,,,,,,,,,0.0604,1.0,0.0,5168,2017461.0,frame_missing
2017461_3859_3910,,,,,,,,,,,,,,,,,,,,,,0.0604,1.0,0.0,5169,2017461.0,frame_missing
2017461_3859_3910,,,,,,,,,,,,,,,,,,,,,,0.0604,1.0,0.0,5170,2017461.0,frame_missing
2017461_3859_3910,,,,,,,,,,,,,,,,,,,,,,,,,5171,,no_player_id
2017461_3859_3910,,,,,,,,,,,,,,,,,,,,,,0.0604,1.0,0.0,5172,2017461.0,frame_missing
2017461_3859_3910,,,,,,,,,,,,,,,,,,,,,,0.0604,1.0,0.0,5173,2017461.0,frame_missing
2017461_3859_3910,,,,,,,,,,,,,,,,,,,,,,0.0604,1.0,0.0,5174,2017461.0,frame_missing
2017461_3859_3910,,,,,,,,,,,,,,,,,,,,,,0.0604,1.0,0.0,5175,2017461.0,frame_missing
2017461_3859_3910,,,,,,,,,,,,,,,,,,,,,,0.0604,1.0,0.0,5176,2017461.0,frame_missing
2017461_3859_3910,,,,,,,,,,,,,,,,,,,,,,0.0604,1.0,0.0,5177,2017461.0,frame_missing
2017461_3859_3910,,,,,,,,,,,,,,,,,,,,,,0.0604,1.0,0.0,5178,2017461.0,frame_missing
2017461_3918_3919,,,,,,,,,,,,,,,,,,,,,,,,,5179,,no_player_id
2017461_3918_3919,,,,,,,,,,,,,,,,,,,,,,,,0.0,5180,2017461.0,frame_missing
2017461_3918_3924,,,,,,,,,,,,,,,,,,,,,,,,,5181,,no_player_id
2017461_3918_3924,,,,,,,,,,,,,,,,,,,,,,0.033,1.0,0.0,5182,2017461.0,frame_missing
2017461_3918_3924,,,,,,,,,,,,,,,,,,,,,,0.033,1.0,0.0,5183,2017461.0,frame_missing
2017461_3918_3924,2017461.0,3921.0,67654.0,67654.0,43829.0,Auckland FC,4177.0,34.23766493205984,97.34278452972258,34.23766493205984,10.405368806534444,0.0,10.10497402272762,34.18644970174408,4.0,losing,chaotic,attacking,attacking,recovery,pass,0.033,1.0,0.0,5184,2017461.0,
2017461_3918_3924,,,,,,,,,,,,,,,,,,,,,,0.033,1.0,0.0,5185,2017461.0,frame_missing
2017461_3918_3924,,,,,,,,,,,,,,,,,,,,,,0.033,1.0,0.0,5186,2017461.0,frame_missing
2017461_3918_3932,,,,,,,,,,,,,,,,,,,,,,,,,5187,,no_player_id
2017461_3918_3932,,,,,,,,,,,,,,,,,,,,,,0.033,1.0,0.0,5188,2017461.0,frame_missing
2017461_3918_3932,,,,,,,,,,,,,,,,,,,,,,0.033,1.0,0.0,5189,2017461.0,frame_missing
2017461_3918_3932,2017461.0,3921.0,67654.0,67654.0,43829.0,Auckland FC,4177.0,34.23766493205984,97.34278452972258,34.23766493205984,10.405368806534444,0.0,10.10497402272762,34.18644970174408,4.0,losing,chaotic,attacking,attacking,recovery,pass,0.033,1.0,0.0,5190,2017461.0,
2017461_3918_3932,,,,,,,,,,,,,,,,,,,,,,0.033,1.0,0.0,5191,2017461.0,frame_missing
2017461_3918_3932,,,,,,,,,,,,,,,,,,,,,,0.033,1.0,0.0,5192,2017461.0,frame_missing
2017461_3918_3932,,,,,,,,,,,,,,,,,,,,,,0.033,1.0,0.0,5193,2017461.0,frame_missing
2017461_3918_3932,2017461.0,3932.0,67716.0,67716.0,745320.0,Melbourne V FC,868.0,20.692561465415537,87.7643555209061,87.7643555209061,6.528713502674167,0.0,5.67973590935353,14.118092416211056,8.0,losing,chaotic,attacking,attacking,pass_interception,pass,0.033,1.0,0.0,5194,2017461.0,
2017461_3918_3941,,,,,,,,,,,,,,,,,,,,,,,,,5195,,no_player_id
2017461_3918_3941,,,,,,,,,,,,,,,,,,,,,,0.033,1.0,0.0,5196,2017461.0,frame_missing
2017461_3918_3941,,,,,,,,,,,,,,,,,,,,,,0.033,1.0,0.0,5197,2017461.0,frame_missing
2017461_3918_3941,2017461.0,3921.0,67654.0,67654.0,43829.0,Auckland FC,4177.0,34.23766493205984,97.34278452972258,34.23766493205984,10.405368806534444,0.0,10.10497402272762,34.18644970174408,4.0,losing,chaotic,attacking,attacking,recovery,pass,0.033,1.0,0.0,5198,2017461.0,
2017461_3918_3941,,,,,,,,,,,,,,,,,,,,,,0.033,1.0,0.0,5199,2017461.0,frame_missing
2017461_3918_3941,,,,,,,,,,,,,,,,,,,,,,0.033,1.0,0.0,5200,2017461.0,frame_missing
2017461_3918_3941,,,,,,,,,,,,,,,,,,,,,,0.033,1.0,0.0,5201,2017461.0,frame_missing
2017461_3918_3941,2017461.0,3932.0,67716.0,67716.0,745320.0,Melbourne V FC,868.0,20.692561465415537,87.7643555209061,87.7643555209061,6.528713502674167,0.0,5.67973590935353,14.118092416211056,8.0,losing,chaotic,attacking,attacking,pass_interception,pass,0.033,1.0,0.0,5202,2017461.0,
2017461_3918_3941,2017461.0,3933.0,67742.0,67742.0,50951.0,Auckland FC,4177.0,36.81183641167607,82.51552157018702,36.81183641167607,4.627882885294313,1.0,9.697241875915031,26.28201478757283,6.0,losing,chaotic,attacking,attacking,recovery,pass,0.033,1.0,0.0,5203,2017461.0,
2017461_3918_3941,,,,,,,,,,,,,,,,,,,,,,0.033,1.0,0.0,5204,2017461.0,frame_missing
2017461_3918_3941,,,,,,,,,,,,,,,,,,,,,,0.033,1.0,0.0,5205,2017461.0,frame_missing
2017461_3918_3941,,,,,,,,,,,,,,,,,,,,,,0.033,1.0,0.0,5206,2017461.0,frame_missing
2017461_3918_3941,,,,,,,,,,,,,,,,,,,,,,0.033,1.0,0.0,5207,2017461.0,frame_missing
2017461_3921_3947,2017461.0,3921.0,67654.0,67654.0,43829.0,Auckland FC,4177.0,34.23766493205984,97.34278452972258,34.23766493205984,10.405368806534444,0.0,10.10497402272762,34.18644970174408,4.0,winning,defending_set_play,attacking,attacking,recovery,pass,0.033,1.0,0.0,5208,2017461.0,
2017461_3921_3947,,,,,,,,,,,,,,,,,,,,,,0.033,1.0,0.0,5209,2017461.0,frame_missing
2017461_3921_3947,,,,,,,,,,,,,,,,,,,,,,0.033,1.0,0.0,5210,2017461.0,frame_missing
2017461_3921_3947,,,,,,,,,,,,,,,,,,,,,,0.033,1.0,0.0,5211,2017461.0,frame_missing
2017461_3921_3947,2017461.0,3932.0,67716.0,67716.0,745320.0,Melbourne V FC,868.0,20.692561465415537,87.7643555209061,87.7643555209061,6.528713502674167,0.0,5.67973590935353,14.118092416211056,8.0,winning,defending_set_play,attacking,attacking,pass_interception,pass,0.033,1.0,0.0,5212,2017461.0,
2017461_3921_3947,2017461.0,3933.0,67742.0,67742.0,50951.0,Auckland FC,4177.0,36.81183641167607,82.51552157018702,36.81183641167607,4.627882885294313,1.0,9.697241875915031,26.28201478757283,6.0,winning,defending_set_play,attacking,attacking,recovery,pass,0.033,1.0,0.0,5213,2017461.0,
2017461_3921_3947,,,,,,,,,,,,,,,,,,,,,,0.033,1.0,0.0,5214,2017461.0,frame_missing
2017461_3921_3947,,,,,,,,,,,,,,,,,,,,,,0.033,1.0,0.0,5215,2017461.0,frame_missing
2017461_3921_3947,,,,,,,,,,,,,,,,,,,,,,0.033,1.0,0.0,5216,2017461.0,frame_missing
2017461_3921_3947,,,,,,,,,,,,,,,,,,,,,,0.033,1.0,0.0,5217,2017461.0,frame_missing
2017461_3921_3947,,,,,,,,,,,,,,,,,,,,,,0.033,1.0,0.0,5218,2017461.0,frame_missing
2017461_3933_3947,2017461.0,3933.0,67742.0,67742.0,50951.0,Auckland FC,4177.0,36.81183641167607,82.51552157018702,36.81183641167607,4.627882885294313,1.0,9.697241875915031,26.28201478757283,6.0,winning,defending_set_play,attacking,attacking,recovery,pass,0.0126,0.0,0.0,5219,2017461.0,
2017461_3933_3947,,,,,,,,,,,,,,,,,,,,,,0.0126,0.0,0.0,5220,2017461.0,frame_missing
2017461_3933_3947,,,,,,,,,,,,,,,,,,,,,,0.0126,0.0,0.0,5221,2017461.0,frame_missing
2017461_3933_3947,,,,,,,,,,,,,,,,,,,,,,0.0126,0.0,0.0,5222,2017461.0,frame_missing
2017461_3933_3947,,,,,,,,,,,,,,,,,,,,,,0.0126,0.0,0.0,5223,2017461.0,frame_missing
2017461_3933_3947,,,,,,,,,,,,,,,,,,,,,,0.0126,0.0,0.0,5224,2017461.0,frame_missing
2017461_3967_3969,2017461.0,3967.0,68074.0,68134.0,51685.0,Melbourne V FC,868.0,47.382513652190305,65.19664561923412,65.19664561923412,0.0,1.0,14.497951579447355,29.244429300926285,1.0,losing,medium_block,middle,middle,pass_interception,pass,0.0173,0.0,0.0,5225,2017461.0,
2017461_3967_3969,,,,,,,,,,,,,,,,,,,,,,0.0173,0.0,0.0,5226,2017461.0,frame_missing
2017461_3973_3992,2017461.0,3973.0,68203.0,68203.0,43829.0,Auckland FC,4177.0,58.277804522819835,58.29581888952243,58.277804522819835,3.154060874491804,1.0,9.26305025356119,27.21029693939463,2.0,winning,chaotic,middle,middle,pass_interception,pass,0.008,0.0,0.0,5227,2017461.0,
2017461_3973_3992,,,,,,,,,,,,,,,,,,,,,,,,,5228,,no_player_id
2017461_3973_3992,,,,,,,,,,,,,,,,,,,,,,0.008,0.0,0.0,5229,2017461.0,frame_missing
2017461_3973_3992,,,,,,,,,,,,,,,,,,,,,,0.008,0.0,0.0,5230,2017461.0,frame_missing
2017461_3973_3992,,,,,,,,,,,,,,,,,,,,,,0.008,0.0,0.0,5231,2017461.0,frame_missing
2017461_3973_3992,,,,,,,,,,,,,,,,,,,,,,0.008,0.0,0.0,5232,2017461.0,frame_missing
2017461_3973_3992,,,,,,,,,,,,,,,,,,,,,,0.008,0.0,0.0,5233,2017461.0,frame_missing
2017461_3973_3992,,,,,,,,,,,,,,,,,,,,,,0.008,0.0,0.0,5234,2017461.0,frame_missing
2017461_3973_3992,,,,,,,,,,,,,,,,,,,,,,0.008,0.0,0.0,5235,2017461.0,frame_missing
2017461_4097_4130,2017461.0,4097.0,69341.0,69349.0,51714.0,Melbourne V FC,868.0,39.05326234772199,87.64905761045009,39.05326234772199,0.0,1.0,13.947587605030483,28.31847907206669,4.0,losing,low_block,defensive,defensive,recovery,pass,0.0682,1.0,0.0,5236,2017461.0,
2017461_4097_4130,,,,,,,,,,,,,,,,,,,,,,0.0682,1.0,0.0,5237,2017461.0,frame_missing
2017461_4097_4130,,,,,,,,,,,,,,,,,,,,,,0.0682,1.0,0.0,5238,2017461.0,frame_missing
2017461_4097_4130,,,,,,,,,,,,,,,,,,,,,,0.0682,1.0,0.0,5239,2017461.0,frame_missing
2017461_4097_4130,,,,,,,,,,,,,,,,,,,,,,0.0682,1.0,0.0,5240,2017461.0,frame_missing
2017461_4097_4130,,,,,,,,,,,,,,,,,,,,,,0.0682,1.0,0.0,5241,2017461.0,frame_missing
2017461_4097_4130,,,,,,,,,,,,,,,,,,,,,,0.0682,1.0,0.0,5242,2017461.0,frame_missing
2017461_4097_4130,,,,,,,,,,,,,,,,,,,,,,0.0682,1.0,0.0,5243,2017461.0,frame_missing
2017461_4097_4130,,,,,,,,,,,,,,,,,,,,,,0.0682,1.0,0.0,5244,2017461.0,frame_missing
2017461_4097_4130,,,,,,,,,,,,,,,,,,,,,,0.0682,1.0,0.0,5245,2017461.0,frame_missing
2017461_4097_4130,,,,,,,,,,,,,,,,,,,,,,0.0682,1.0,0.0,5246,2017461.0,frame_missing
2017461_4097_4130,,,,,,,,,,,,,,,,,,,,,,0.0682,1.0,0.0,5247,2017461.0,frame_missing
2017461_4097_4130,,,,,,,,,,,,,,,,,,,,,,0.0682,1.0,0.0,5248,2017461.0,frame_missing
2017461_4097_4130,,,,,,,,,,,,,,,,,,,,,,0.0682,1.0,0.0,5249,2017461.0,frame_missing
2017461_4097_4130,,,,,,,,,,,,,,,,,,,,,,,,,5250,,no_player_id
1886347_24_24,1886347.0,24.0,283.0,299.0,50978.0,Newcastle,1805.0,36.58488485700071,72.17169666843091,72.17169666843091,2.094612135933525,1.0,7.886608903705065,25.719933192617216,7.0,drawing,chaotic,defensive,defensive,pass_interception,pass,0.0001,0.0,0.0,5251,1886347.0,
1886347_168_168,1886347.0,168.0,1463.0,1463.0,133501.0,Auckland FC,4177.0,25.357612269296965,85.75901410347487,85.75901410347487,11.064474682514305,0.0,11.990450366854448,23.079270906121565,4.0,drawing,disruption,attacking,attacking,recovery,pass,,,0.0,5252,1886347.0,
1886347_196_196,1886347.0,196.0,1631.0,1648.0,795507.0,Newcastle,1805.0,27.12227313482408,83.199865985469,27.12227313482408,3.8782728114458402,2.0,1.196035116541316,22.26493808092384,2.0,drawing,chaotic,attacking,attacking,recovery,pass,0.0153,0.0,0.0,5253,1886347.0,
1886347_203_203,1886347.0,203.0,1667.0,1715.0,50951.0,Auckland FC,4177.0,37.549169098663164,74.53415391617456,74.53415391617456,6.743656278310753,0.0,4.9880256615218,14.470375818642303,5.0,drawing,high_block,attacking,attacking,recovery,pass,0.0002,0.0,0.0,5254,1886347.0,
1886347_466_466,1886347.0,466.0,3854.0,3866.0,38673.0,Auckland FC,4177.0,47.054797842515484,57.97201048782076,47.054797842515484,0.982700361249552,1.0,11.608070468428421,23.278395009025537,8.0,drawing,chaotic,middle,middle,recovery,pass,0.017,0.0,0.0,5255,1886347.0,
1886347_486_486,1886347.0,486.0,3988.0,3988.0,14736.0,Auckland FC,4177.0,51.99316301207304,60.34889394181139,51.99316301207304,5.258298203791793,0.0,12.950880278961735,20.98890553919322,2.0,drawing,chaotic,middle,middle,pass_interception,pass,,,0.0,5256,1886347.0,
1886347_489_489,1886347.0,489.0,4009.0,4009.0,735573.0,Newcastle,1805.0,58.86902835957121,59.982184855171795,58.86902835957121,3.282499047981583,1.0,6.038410386848512,29.86409403353315,5.0,drawing,chaotic,middle,middle,pass_interception,pass,0.0041,0.0,0.0,5257,1886347.0,
1886347_531_531,1886347.0,531.0,4437.0,4437.0,51713.0,Auckland FC,4177.0,40.19002985816258,82.27173572983615,40.19002985816258,4.574035417440492,1.0,6.415995635908742,17.788988215920636,3.0,drawing,chaotic,defensive,defensive,pass_interception,pass,0.0029,0.0,0.0,5258,1886347.0,
1886347_877_877,1886347.0,877.0,7447.0,7456.0,38673.0,Auckland FC,4177.0,49.53839823813442,65.47788099808973,49.53839823813442,4.987684833667822,1.0,11.81881973802799,19.738352606133216,7.0,drawing,chaotic,middle,middle,recovery,pass,0.0059,0.0,0.0,5259,1886347.0,
1886347_896_896,1886347.0,896.0,8011.0,8011.0,51649.0,Newcastle,1805.0,18.5818083081276,88.5566688623731,18.5818083081276,6.292217415188388,0.0,10.984611964015839,17.69128734564365,7.0,drawing,defending_set_play,attacking,attacking,recovery,pass,,,0.0,5260,1886347.0,
1886347_982_982,1886347.0,982.0,8800.0,8808.0,795505.0,Newcastle,1805.0,53.71153041945463,57.780000865351326,53.71153041945463,2.7930270317345656,2.0,8.467880490417894,25.273547920711703,3.0,drawing,chaotic,middle,middle,pass_interception,pass,0.0059,0.0,0.0,5261,1886347.0,
1886347_989_989,1886347.0,989.0,8825.0,8825.0,965685.0,Auckland FC,4177.0,52.36115544943599,59.05243940769932,52.36115544943599,3.542005081871001,2.0,4.303591523367429,16.803811396468156,4.0,drawing,chaotic,middle,middle,pass_interception,pass,,,0.0,5262,1886347.0,
1886347_1065_1065,,,,,,,,,,,,,,,,,,,,,,,,,5263,,no_player_id
1886347_1426_1426,1886347.0,1426.0,13146.0,13146.0,795507.0,Newcastle,1805.0,50.201423286596174,62.364917221142846,50.201423286596174,5.2835026260994695,0.0,5.760451371203475,25.815781888131326,5.0,drawing,chaotic,middle,middle,recovery,pass,,,0.0,5264,1886347.0,
1886347_1476_1476,1886347.0,1476.0,14406.0,14406.0,795507.0,Newcastle,1805.0,31.935951528019327,76.99094102555183,76.99094102555183,0.3863935817272357,1.0,12.759047770112002,23.261566138007954,2.0,drawing,disruption,defensive,defensive,pass_interception,pass,,,0.0,5265,1886347.0,
1886347_1539_1539,1886347.0,1539.0,14859.0,14859.0,795505.0,Newcastle,1805.0,17.563111911048107,93.05999623898553,93.05999623898553,8.596307346762332,0.0,6.780597318820813,25.912243903405198,4.0,drawing,disruption,defensive,defensive,pass_interception,pass,,,0.0,5266,1886347.0,
1886347_1541_1541,1886347.0,1541.0,14881.0,14881.0,23418.0,Auckland FC,4177.0,25.33009672306839,88.1777398213404,25.33009672306839,8.48958185071562,0.0,12.977865772152215,23.32245057121151,3.0,drawing,chaotic,defensive,defensive,pass_interception,pass,,,0.0,5267,1886347.0,
1886347_1827_1827,1886347.0,1827.0,18059.0,18059.0,795507.0,Newcastle,1805.0,42.70360406335746,63.022994216396924,63.022994216396924,3.9280020366593504,1.0,10.15780488097699,21.663735259565225,3.0,drawing,chaotic,middle,middle,pass_interception,pass,,,0.0,5268,1886347.0,
1886347_1839_1839,1886347.0,1839.0,18141.0,18141.0,795507.0,Newcastle,1805.0,37.10853540629164,70.4098245985601,70.4098245985601,3.9696473395000718,1.0,6.762839640269462,20.384342223979328,3.0,drawing,disruption,middle,middle,recovery,pass,,,0.0,5269,1886347.0,
1886347_2047_2047,1886347.0,2047.0,19970.0,19970.0,795507.0,Newcastle,1805.0,27.988749525478983,77.40394111413191,27.988749525478983,13.471098693128189,0.0,5.311544031635245,26.319001524542063,2.0,drawing,chaotic,attacking,attacking,recovery,pass,,,0.0,5270,1886347.0,
1886347_2087_2087,,,,,,,,,,,,,,,,,,,,,,,,,5271,,no_player_id
1886347_2279_2279,1886347.0,2279.0,22907.0,22917.0,795507.0,Newcastle,1805.0,26.683166978452913,78.36128763617913,78.36128763617913,1.4623952953972477,1.0,7.276709421160088,15.566308135212246,1.0,drawing,disruption,defensive,defensive,pass_interception,pass,0.002,0.0,0.0,5272,1886347.0,
1886347_2477_2477,1886347.0,2477.0,24947.0,24947.0,38673.0,Auckland FC,4177.0,49.09063963730764,64.92989219150144,49.09063963730764,7.675135177962667,0.0,7.93202370142702,17.548549739563796,8.0,drawing,chaotic,middle,middle,pass_interception,pass,,,0.0,5273,1886347.0,
1886347_2479_2479,1886347.0,2479.0,24955.0,24955.0,795507.0,Newcastle,1805.0,51.204867932648746,59.08754944994757,51.204867932648746,2.862044723619814,1.0,8.53965455975826,19.952731465616854,6.0,drawing,chaotic,middle,middle,pass_interception,pass,0.0027,0.0,0.0,5274,1886347.0,
1886347_2748_2748,1886347.0,2748.0,27584.0,27598.0,38673.0,Auckland FC,4177.0,47.623565595196666,69.01307122567434,69.01307122567434,4.114911906711979,1.0,16.102974880437465,19.925609048011147,8.0,drawing,disruption,middle,middle,recovery,pass,0.0009,0.0,0.0,5275,1886347.0,
1886347_2757_2757,1886347.0,2757.0,27601.0,27617.0,176224.0,Newcastle,1805.0,48.9928729510732,65.50039389194541,48.9928729510732,3.4436318037792604,1.0,7.036831673416667,24.41558702189212,11.0,drawing,chaotic,middle,middle,pass_interception,pass,0.0075,0.0,0.0,5276,1886347.0,
1886347_2769_2769,,,,,,,,,,,,,,,,,,,,,,,,,5277,,no_player_id
1886347_2770_2770,,,,,,,,,,,,,,,,,,,,,,,,,5278,,no_player_id
1886347_2869_2869,1886347.0,2869.0,29047.0,29047.0,735573.0,Newcastle,1805.0,16.653999519634915,94.15017631422684,94.15017631422684,3.239645042284725,1.0,5.113531069623024,22.445982389982575,8.0,drawing,disruption,attacking,attacking,recovery,pass,,,0.0,5279,1886347.0,
1886347_2951_2951,1886347.0,2951.0,29473.0,29477.0,965685.0,Auckland FC,4177.0,46.43554780553364,72.85849367095096,46.43554780553364,7.266828744369858,0.0,3.3828538248053235,16.780265878796612,2.0,drawing,chaotic,middle,middle,recovery,pass,0.003,0.0,0.0,5280,1886347.0,
1886347_3005_3005,1886347.0,3005.0,29831.0,29831.0,50951.0,Auckland FC,4177.0,30.599297377554276,80.19985660835061,80.19985660835061,11.33321666606617,0.0,4.391673940537937,19.34146788872299,2.0,drawing,chaotic,defensive,defensive,pass_interception,pass,,,0.0,5281,1886347.0,
1886347_3086_3086,1886347.0,3086.0,30418.0,30418.0,133501.0,Auckland FC,4177.0,58.10253006539388,58.856639387583115,58.856639387583115,3.5198011307458836,1.0,11.689298524719097,19.493978552036392,6.0,drawing,chaotic,middle,middle,pass_interception,pass,,,0.0,5282,1886347.0,
1886347_3214_3214,1886347.0,3214.0,32103.0,32103.0,50951.0,Auckland FC,4177.0,28.234342563622764,81.50814744551614,81.50814744551614,4.075929341880204,1.0,7.288964261127914,14.815152746855249,0.0,drawing,chaotic,defensive,defensive,recovery,pass,,,0.0,5283,1886347.0,
1886347_3215_3215,1886347.0,3215.0,32129.0,32129.0,51649.0,Newcastle,1805.0,23.65072937564506,87.97304700872876,23.65072937564506,5.239895037116675,0.0,4.8039254781896865,21.10295404503669,7.0,drawing,chaotic,defensive,defensive,recovery,pass,,,0.0,5284,1886347.0,
1886347_3216_3216,,,,,,,,,,,,,,,,,,,,,,,,,5285,,no_player_id
1886347_3373_3373,,,,,,,,,,,,,,,,,,,,,,,,,5286,,no_player_id
1886347_3768_3768,,,,,,,,,,,,,,,,,,,,,,,,,5287,,no_player_id
1886347_3849_3849,1886347.0,3849.0,41626.0,41626.0,50951.0,Auckland FC,4177.0,35.12808135950496,91.95587039444518,35.12808135950496,3.09058246937369,2.0,7.379457974675376,19.941013188497266,0.0,drawing,chaotic,attacking,attacking,pass_interception,pass,0.006,0.0,0.0,5288,1886347.0,
1886347_3852_3852,1886347.0,3852.0,41653.0,41653.0,735573.0,Newcastle,1805.0,37.329837931606406,68.97620459259845,68.97620459259845,3.478304184512907,1.0,12.368290100090634,23.06644001489792,6.0,drawing,chaotic,middle,middle,pass_interception,pass,,,0.0,5289,1886347.0,
1886347_3853_3853,,,,,,,,,,,,,,,,,,,,,,,,,5290,,no_player_id
1886347_4135_4135,,,,,,,,,,,,,,,,,,,,,,,,,5291,,no_player_id
1886347_4294_4294,1886347.0,4294.0,47570.0,47570.0,795506.0,Newcastle,1805.0,24.338138794903774,81.2948030319282,81.2948030319282,2.1170262161815554,1.0,8.983479281436567,19.726979854077637,9.0,drawing,disruption,attacking,attacking,pass_interception,pass,,,0.0,5292,1886347.0,
1886347_4364_4364,,,,,,,,,,,,,,,,,,,,,,,,,5293,,no_player_id
1886347_4401_4401,1886347.0,4401.0,48523.0,48531.0,163972.0,Auckland FC,4177.0,58.67017641016601,59.31095682924024,58.67017641016601,7.140252096389874,0.0,7.110696168449331,23.652126121122993,1.0,drawing,chaotic,middle,middle,recovery,pass,0.0073,0.0,0.0,5294,1886347.0,
1886347_4490_4490,1886347.0,4490.0,49208.0,49208.0,795506.0,Newcastle,1805.0,45.60743908618418,61.881649137688626,61.881649137688626,6.475191116870605,0.0,10.766178523505916,22.06867638178778,8.0,drawing,chaotic,middle,middle,recovery,pass,,,0.0,5295,1886347.0,
1886347_4885_4885,,,,,,,,,,,,,,,,,,,,,,,,,5296,,no_player_id
1886347_4896_4896,1886347.0,4896.0,57138.0,57138.0,43829.0,Auckland FC,4177.0,38.683966963071406,76.20859072309368,38.683966963071406,8.329465769183521,0.0,3.0930244098616497,12.213863617019667,2.0,winning,chaotic,attacking,attacking,pass_interception,pass,,,0.0,5297,1886347.0,
1899585_50_50,1899585.0,50.0,277.0,277.0,50951.0,Auckland FC,4177.0,24.05029105852983,88.911846792202,24.05029105852983,12.040386206430425,0.0,7.818388580775453,27.717931999089476,7.0,drawing,chaotic,defensive,defensive,pass_interception,pass,,,0.0,5298,1899585.0,
1899585_144_144,1899585.0,144.0,1540.0,1573.0,23909.0,Wellington P FC,867.0,45.62590601840143,68.17567968124703,68.17567968124703,7.607167672662409,0.0,7.822135258354971,15.955715027459007,1.0,drawing,defending_direct,middle,middle,pass_interception,pass,0.001,0.0,0.0,5299,1899585.0,
1899585_174_174,,,,,,,,,,,,,,,,,,,,,,,,,5300,,no_player_id
1899585_259_259,1899585.0,259.0,3195.0,3195.0,50951.0,Auckland FC,4177.0,52.624960807586355,67.61055021222649,52.624960807586355,2.9187154708878342,2.0,6.14121323518407,22.166659724642894,7.0,drawing,chaotic,middle,middle,pass_interception,pass,,,0.0,5301,1899585.0,
1899585_275_275,1899585.0,275.0,3262.0,3262.0,4322.0,Auckland FC,4177.0,49.13553194990362,71.66519727175807,71.66519727175807,2.535271188650243,1.0,7.761320763890642,24.5423588858895,2.0,drawing,chaotic,middle,middle,recovery,pass,,,0.0,5302,1899585.0,
1899585_300_300,1899585.0,300.0,3488.0,3504.0,38673.0,Auckland FC,4177.0,44.34470430615138,65.42669791453638,44.34470430615138,4.297731959999366,1.0,8.718990767284938,25.37633448606078,9.0,drawing,defending_direct,middle,middle,pass_interception,pass,0.0055,0.0,0.0,5303,1899585.0,
1899585_306_306,1899585.0,306.0,3536.0,3536.0,51046.0,Wellington P FC,867.0,55.32505038407105,64.70286856082967,55.32505038407105,5.819699304946949,0.0,11.737572151002949,22.269011379480837,7.0,drawing,chaotic,middle,middle,pass_interception,pass,,,0.0,5304,1899585.0,
1899585_355_355,1899585.0,355.0,3844.0,3859.0,38673.0,Auckland FC,4177.0,45.67850260242776,59.35423826484509,59.35423826484509,2.401020616321318,1.0,3.877692612882047,35.25567457784991,10.0,drawing,defending_direct,middle,middle,pass_interception,pass,0.0026,0.0,0.0,5305,1899585.0,
1899585_387_387,1899585.0,387.0,4098.0,4098.0,965685.0,Auckland FC,4177.0,46.88170645358379,64.55768273412546,64.55768273412546,9.736087509877876,0.0,7.473988225840336,30.13927099091396,3.0,drawing,chaotic,middle,middle,pass_interception,pass,,,0.0,5306,1899585.0,
1899585_389_389,1899585.0,389.0,4115.0,4115.0,23909.0,Wellington P FC,867.0,36.964757540121916,71.25372481491758,36.964757540121916,4.8333528735237214,1.0,5.410702357365446,17.986912987128164,2.0,drawing,chaotic,attacking,attacking,pass_interception,pass,,,0.0,5307,1899585.0,
1899585_405_405,,,,,,,,,,,,,,,,,,,,,,,,,5308,,no_player_id
1899585_452_452,1899585.0,452.0,4638.0,4648.0,51017.0,Wellington P FC,867.0,32.7950194389331,90.1399650543531,90.1399650543531,8.013020653910733,0.0,4.0021619157650274,15.391935483512324,5.0,drawing,disruption,defensive,defensive,pass_interception,pass,0.0002,0.0,0.0,5309,1899585.0,
1899585_521_521,,,,,,,,,,,,,,,,,,,,,,,,,5310,,no_player_id
1899585_604_604,1899585.0,604.0,6410.0,6417.0,4322.0,Auckland FC,4177.0,34.73359900730127,91.1286063758247,91.1286063758247,11.85854122563142,0.0,20.363737377996213,37.70386276822128,2.0,drawing,chaotic,attacking,attacking,recovery,pass,0.0002,0.0,0.0,5311,1899585.0,
1899585_637_637,1899585.0,637.0,6988.0,7025.0,50951.0,Auckland FC,4177.0,40.336128966473716,66.6093334300832,66.6093334300832,4.832028559518248,1.0,7.076793059006318,25.497007292311114,7.0,drawing,defending_transition,middle,middle,recovery,pass,0.0017,0.0,0.0,5312,1899585.0,
1899585_644_644,1899585.0,644.0,7051.0,7051.0,23909.0,Wellington P FC,867.0,32.825668310028355,72.2988554542878,32.825668310028355,5.244358874066495,0.0,6.743367111465903,15.361414327906708,6.0,drawing,chaotic,attacking,attacking,pass_interception,pass,,,0.0,5313,1899585.0,
1899585_645_645,1899585.0,645.0,7081.0,7081.0,23418.0,Auckland FC,4177.0,35.932599404997134,70.0075117398126,70.0075117398126,3.427608495729929,2.0,8.54948536462868,24.11839475451726,3.0,drawing,chaotic,middle,middle,pass_interception,pass,,,0.0,5314,1899585.0,
1899585_682_682,1899585.0,682.0,7384.0,7392.0,38673.0,Auckland FC,4177.0,47.204966899681224,58.52613860490029,58.52613860490029,5.816330458287252,0.0,7.517978451685001,30.22543065750551,9.0,drawing,defending_direct,middle,middle,pass_interception,pass,0.0014,0.0,0.0,5315,1899585.0,
1899585_688_688,1899585.0,688.0,7444.0,7444.0,27003.0,Wellington P FC,867.0,28.170914078176448,83.3462680628233,28.170914078176448,2.7089665926326965,1.0,2.210090495884728,16.917297622723257,4.0,drawing,chaotic,attacking,attacking,recovery,pass,,,0.0,5316,1899585.0,
1899585_896_896,,,,,,,,,,,,,,,,,,,,,,,,,5317,,no_player_id
1899585_933_933,,,,,,,,,,,,,,,,,,,,,,,,,5318,,no_player_id
1899585_949_949,1899585.0,949.0,9499.0,9504.0,23909.0,Wellington P FC,867.0,33.482260975029746,71.59442576066938,71.59442576066938,3.0186917696247164,1.0,11.87152054287908,21.45535307658205,1.0,drawing,defending_direct,defensive,defensive,recovery,pass,0.0021,0.0,0.0,5319,1899585.0,
1899585_1001_1001,,,,,,,,,,,,,,,,,,,,,,,,,5320,,no_player_id
1899585_1122_1122,1899585.0,1122.0,11412.0,11412.0,51015.0,Wellington P FC,867.0,13.039789108724115,94.7493329791825,94.7493329791825,2.700074073057995,2.0,5.20854106252413,19.648460873657303,9.0,drawing,disruption,defensive,defensive,recovery,pass,,,0.0,5321,1899585.0,
1899585_1124_1124,,,,,,,,,,,,,,,,,,,,,,,,,5322,,no_player_id
1899585_1126_1126,1899585.0,1126.0,11469.0,11487.0,23909.0,Wellington P FC,867.0,28.00154460025375,81.7495351668742,81.7495351668742,10.455969586795863,0.0,7.811997183819255,15.575114250292792,4.0,drawing,high_block,defensive,defensive,recovery,pass,0.0013,0.0,0.0,5323,1899585.0,
1899585_1190_1190,1899585.0,1190.0,13373.0,13391.0,51017.0,Wellington P FC,867.0,38.631496217464836,81.97129070595388,81.97129070595388,4.27299660659823,1.0,4.648881585930104,13.421890652962343,6.0,drawing,chaotic,defensive,defensive,pass_interception,pass,0.0002,0.0,0.0,5324,1899585.0,
1899585_1292_1292,1899585.0,1292.0,14707.0,14718.0,38673.0,Auckland FC,4177.0,46.40974251167528,61.93516125756031,61.93516125756031,2.919794513317676,1.0,4.995137635741381,22.57859892392185,8.0,drawing,disruption,middle,middle,pass_interception,pass,0.003,0.0,0.0,5325,1899585.0,
1899585_1562_1562,1899585.0,1562.0,19688.0,19697.0,965685.0,Auckland FC,4177.0,43.061846221452235,75.8275846905333,75.8275846905333,8.247551151705576,0.0,11.422258970974173,31.795598373284005,3.0,winning,disruption,attacking,attacking,pass_interception,pass,0.0003,0.0,0.0,5326,1899585.0,
1899585_1645_1645,1899585.0,1645.0,20580.0,20580.0,51017.0,Wellington P FC,867.0,54.90453624246361,60.95824882655341,60.95824882655341,6.379067329947223,0.0,9.043898495670991,19.873957398238357,2.0,losing,chaotic,middle,middle,recovery,pass,,,0.0,5327,1899585.0,
1899585_1670_1670,1899585.0,1670.0,20681.0,20697.0,23909.0,Wellington P FC,867.0,42.5951135695164,62.413489727782405,62.413489727782405,11.286390034018849,0.0,0.44283179650969007,26.612696938539628,1.0,losing,disruption,middle,middle,pass_interception,pass,0.0035,0.0,0.0,5328,1899585.0,
1899585_1871_1871,,,,,,,,,,,,,,,,,,,,,,,,,5329,,no_player_id
1899585_1956_1956,1899585.0,1956.0,22923.0,22943.0,23909.0,Wellington P FC,867.0,47.15082714014676,64.7209432873162,64.7209432873162,14.311271781361713,0.0,8.495298699869242,19.80855426345766,5.0,losing,chaotic,middle,middle,pass_interception,pass,0.0003,0.0,0.0,5330,1899585.0,
1899585_2061_2061,1899585.0,2061.0,24072.0,24072.0,4322.0,Auckland FC,4177.0,23.477702187394744,99.6483943673956,99.6483943673956,3.422864297631439,1.0,2.504495957273639,30.151294967489477,1.0,winning,chaotic,attacking,attacking,recovery,pass,,,0.0,5331,1899585.0,
1899585_2336_2336,1899585.0,2336.0,27692.0,27692.0,51046.0,Wellington P FC,867.0,39.24184628684028,73.92443777263375,73.92443777263375,2.864000698323937,1.0,11.456146821684856,17.558576346776533,7.0,losing,chaotic,defensive,defensive,recovery,pass,,,0.0,5332,1899585.0,
1899585_2420_2420,,,,,,,,,,,,,,,,,,,,,,,,,5333,,no_player_id
1899585_2476_2476,,,,,,,,,,,,,,,,,,,,,,,,,5334,,no_player_id
1899585_2478_2478,1899585.0,2478.0,30165.0,30175.0,133501.0,Auckland FC,4177.0,38.778058228848955,66.29809801193394,38.778058228848955,12.932938567858427,0.0,9.771642645942391,26.658453433613545,6.0,winning,chaotic,middle,middle,pass_interception,pass,0.0068,0.0,0.0,5335,1899585.0,
1899585_2645_2645,1899585.0,2645.0,31723.0,31723.0,27003.0,Wellington P FC,867.0,26.076798116333222,85.86442453076828,26.076798116333222,6.814161723939344,0.0,1.894228074968798,17.071665477929564,6.0,losing,chaotic,defensive,defensive,pass_interception,pass,,,0.0,5336,1899585.0,
1899585_2785_2785,1899585.0,2785.0,33937.0,33954.0,23418.0,Auckland FC,4177.0,33.82085155639935,80.35452694154823,33.82085155639935,3.3294594155808555,1.0,9.479013661768821,25.191026256587143,8.0,winning,chaotic,attacking,attacking,recovery,pass,0.0037,0.0,0.0,5337,1899585.0,
1899585_2794_2794,1899585.0,2794.0,33971.0,33980.0,698137.0,Wellington P FC,867.0,25.41571954519486,84.69214131193047,84.69214131193047,4.487282028132396,1.0,10.985663384611781,22.53115326227698,0.0,losing,chaotic,attacking,attacking,recovery,pass,0.0003,0.0,0.0,5338,1899585.0,
1899585_2814_2814,1899585.0,2814.0,34124.0,34147.0,26969.0,Wellington P FC,867.0,37.728839102204034,75.38080193258759,75.38080193258759,7.1975690340558725,0.0,3.3687534786623985,21.442128574886915,4.0,losing,chaotic,attacking,attacking,recovery,pass,0.0009,0.0,1.0,5339,1899585.0,
1899585_2820_2820,,,,,,,,,,,,,,,,,,,,,,,,,5340,,no_player_id
1899585_2839_2839,1899585.0,2839.0,35219.0,35219.0,23909.0,Wellington P FC,867.0,26.170810075349216,83.85172210515417,83.85172210515417,7.372408019093896,0.0,8.184552522893355,15.390430864724319,7.0,losing,disruption,attacking,attacking,pass_interception,pass,,,0.0,5341,1899585.0,
1899585_2854_2854,,,,,,,,,,,,,,,,,,,,,,,,,5342,,no_player_id
1899585_2870_2870,1899585.0,2870.0,36132.0,36132.0,965685.0,Auckland FC,4177.0,42.0057519870791,63.07046218318049,42.0057519870791,10.492535441922511,0.0,8.074280153673145,20.654152151042553,8.0,winning,chaotic,middle,middle,pass_interception,pass,,,0.0,5343,1899585.0,
1899585_3008_3008,1899585.0,3008.0,37203.0,37217.0,27003.0,Wellington P FC,867.0,27.03591130330176,87.63469917789415,87.63469917789415,5.078474180302584,0.0,6.968457505072405,15.158045161071698,6.0,losing,chaotic,attacking,attacking,recovery,pass,0.0003,0.0,0.0,5344,1899585.0,
1899585_3016_3016,1899585.0,3016.0,38046.0,38046.0,51046.0,Wellington P FC,867.0,52.69663366857507,59.36779598401814,52.69663366857507,1.2442668524074738,2.0,1.6538742394752999,17.18825432072824,3.0,losing,chaotic,middle,middle,recovery,pass,0.0014,0.0,0.0,5345,1899585.0,
1899585_3154_3154,,,,,,,,,,,,,,,,,,,,,,,,,5346,,no_player_id
1899585_3294_3294,1899585.0,3294.0,41294.0,41294.0,38673.0,Auckland FC,4177.0,52.07385524425861,60.33147105781526,52.07385524425861,7.428923205956566,0.0,12.672399141441215,29.107044732681974,3.0,winning,chaotic,middle,middle,pass_interception,pass,,,0.0,5347,1899585.0,
1899585_3383_3383,,,,,,,,,,,,,,,,,,,,,,,,,5348,,no_player_id
1899585_3417_3417,1899585.0,3417.0,42772.0,42778.0,23418.0,Auckland FC,4177.0,49.005016069786166,56.07933309161228,49.005016069786166,5.037072562510887,0.0,11.57939981173463,21.284136498170348,9.0,winning,chaotic,middle,middle,recovery,pass,0.0038,0.0,0.0,5349,1899585.0,
1899585_3490_3490,,,,,,,,,,,,,,,,,,,,,,,,,5350,,no_player_id
1899585_3626_3626,1899585.0,3626.0,45947.0,45970.0,33697.0,Auckland FC,4177.0,34.208982738456285,81.64529686393455,81.64529686393455,5.2218770571510005,0.0,24.861080024809866,44.41035677697671,9.0,winning,chaotic,defensive,defensive,pass_interception,pass,0.0006,0.0,0.0,5351,1899585.0,
1899585_3631_3631,,,,,,,,,,,,,,,,,,,,,,,,,5352,,no_player_id
1899585_3632_3632,,,,,,,,,,,,,,,,,,,,,,,,,5353,,no_player_id
1899585_3874_3874,1899585.0,3874.0,48979.0,48979.0,965684.0,Auckland FC,4177.0,50.595068929689184,66.09055151835246,66.09055151835246,10.568561869999156,0.0,10.056023070777035,24.778025124290377,5.0,winning,chaotic,middle,middle,pass_interception,pass,,,0.0,5354,1899585.0,
1899585_3876_3876,,,,,,,,,,,,,,,,,,,,,,,,,5355,,no_player_id
1899585_3932_3932,,,,,,,,,,,,,,,,,,,,,,,,,5356,,no_player_id
1899585_3944_3944,1899585.0,3944.0,51294.0,51308.0,23909.0,Wellington P FC,867.0,38.66101395462877,73.37488671200794,73.37488671200794,11.54322745162721,0.0,7.683189441891952,18.032731445111324,8.0,losing,disruption,attacking,attacking,recovery,pass,0.0062,0.0,0.0,5357,1899585.0,
1899585_4020_4020,1899585.0,4020.0,51796.0,51796.0,6799.0,Wellington P FC,867.0,45.336665073646515,80.61645737689048,80.61645737689048,0.9704638066409317,3.0,4.5127042890045415,26.341366907351244,5.0,losing,disruption,attacking,attacking,pass_interception,pass,,,0.0,5358,1899585.0,
1899585_4022_4022,1899585.0,4022.0,51826.0,51837.0,23418.0,Auckland FC,4177.0,46.164589243271735,72.26596225056441,46.164589243271735,3.2160223879817735,3.0,6.010407640085653,23.849520946747724,8.0,winning,chaotic,middle,middle,pass_interception,pass,0.0023,0.0,0.0,5359,1899585.0,
1899585_4059_4059,,,,,,,,,,,,,,,,,,,,,,,,,5360,,no_player_id
1899585_4063_4063,1899585.0,4063.0,52766.0,52766.0,26969.0,Wellington P FC,867.0,43.58430107274866,74.98594068223723,74.98594068223723,1.6502727047370065,1.0,2.5271525478292736,14.228399072247388,6.0,losing,chaotic,attacking,attacking,recovery,pass,,,0.0,5361,1899585.0,
1899585_4066_4066,1899585.0,4066.0,52781.0,52781.0,23418.0,Auckland FC,4177.0,39.10126596416029,78.96207317440442,39.10126596416029,2.6469794105734943,2.0,9.300193546373109,25.630172122467865,6.0,winning,chaotic,attacking,attacking,pass_interception,pass,0.0124,0.0,0.0,5362,1899585.0,
1899585_4157_4157,,,,,,,,,,,,,,,,,,,,,,,,,5363,,no_player_id
1899585_4232_4232,,,,,,,,,,,,,,,,,,,,,,,,,5364,,no_player_id
1899585_4235_4235,1899585.0,4235.0,54418.0,54426.0,799091.0,Wellington P FC,867.0,31.801253119963683,82.26432823526854,82.26432823526854,10.217695434881586,0.0,7.82213525835497,19.93103330722182,4.0,losing,chaotic,attacking,attacking,recovery,pass,0.0025,0.0,0.0,5365,1899585.0,
1899585_4263_4263,1899585.0,4263.0,54542.0,54554.0,6799.0,Wellington P FC,867.0,45.358097402779144,62.7109001689499,62.7109001689499,18.331756598864168,0.0,10.04984079475889,32.350064830234366,8.0,losing,disruption,middle,middle,pass_interception,pass,0.0022,0.0,0.0,5366,1899585.0,
1899585_4266_4266,,,,,,,,,,,,,,,,,,,,,,,,,5367,,no_player_id
1899585_4372_4372,,,,,,,,,,,,,,,,,,,,,,,,,5368,,no_player_id
1899585_4658_4658,1899585.0,4658.0,59193.0,59193.0,965684.0,Auckland FC,4177.0,42.001534495777655,63.08429994856089,42.001534495777655,2.489437687510976,2.0,9.304111994166881,20.947294730632912,4.0,winning,chaotic,middle,middle,recovery,pass,,,0.0,5369,1899585.0,
1925299_131_131,1925299.0,131.0,1501.0,1501.0,560882.0,Brisbane FC,1802.0,25.546545754759094,80.1462787657668,80.1462787657668,2.541692349597017,1.0,9.699835050143896,15.624260821434099,10.0,drawing,disruption,attacking,attacking,pass_interception,pass,,,0.0,5370,1925299.0,
1925299_187_187,,,,,,,,,,,,,,,,,,,,,,,,,5371,,no_player_id
1925299_220_220,,,,,,,,,,,,,,,,,,,,,,,,,5372,,no_player_id
1925299_312_312,,,,,,,,,,,,,,,,,,,,,,,,,5373,,no_player_id
1925299_314_314,1925299.0,314.0,3109.0,3124.0,560986.0,Brisbane FC,1802.0,18.282015753193082,95.18262499006843,18.282015753193082,3.788574929970367,3.0,6.421907816217854,19.909258396068257,8.0,drawing,chaotic,defensive,defensive,pass_interception,pass,0.0073,0.0,0.0,5374,1925299.0,
1925299_382_382,,,,,,,,,,,,,,,,,,,,,,,,,5375,,no_player_id
1925299_427_427,,,,,,,,,,,,,,,,,,,,,,,,,5376,,no_player_id
1925299_609_609,1925299.0,609.0,5660.0,5669.0,560882.0,Brisbane FC,1802.0,36.11424095838095,72.32730051647165,72.32730051647165,13.556467091392213,0.0,8.298361284012646,20.79856911215398,11.0,drawing,defending_direct,attacking,attacking,recovery,pass,0.001,0.0,0.0,5377,1925299.0,
1925299_667_667,1925299.0,667.0,6035.0,6035.0,51694.0,Perth Glory,871.0,53.17490009393529,62.43852977128786,62.43852977128786,6.764510329654317,0.0,7.526413488508319,22.18279403421694,4.0,drawing,chaotic,middle,middle,pass_interception,pass,,,0.0,5378,1925299.0,
1925299_1029_1029,1925299.0,1029.0,9533.0,9533.0,51043.0,Brisbane FC,1802.0,23.565063123191504,97.03201636573364,97.03201636573364,16.76162879913524,0.0,1.8506755523321745,25.377954520190652,3.0,drawing,chaotic,attacking,attacking,recovery,pass,,,0.0,5379,1925299.0,
1925299_1123_1123,1925299.0,1123.0,11670.0,11670.0,560986.0,Brisbane FC,1802.0,47.467842799099266,62.39628274184289,47.467842799099266,3.7515463478411144,1.0,4.578493201916981,15.802940578791135,8.0,drawing,chaotic,middle,middle,pass_interception,pass,0.0044,0.0,0.0,5380,1925299.0,
1925299_1128_1128,1925299.0,1128.0,11691.0,11691.0,966112.0,Perth Glory,871.0,52.197521971833105,61.98210467546258,52.197521971833105,3.4732837488463244,1.0,7.629528163654683,17.38804905880191,3.0,drawing,chaotic,middle,middle,pass_interception,pass,,,0.0,5381,1925299.0,
1925299_1129_1129,1925299.0,1129.0,11708.0,11708.0,560986.0,Brisbane FC,1802.0,50.416862258573765,57.93668958440757,50.416862258573765,6.434477445760456,0.0,4.2141191250366905,14.109812105015559,8.0,drawing,chaotic,middle,middle,pass_interception,pass,,,0.0,5382,1925299.0,
1925299_1169_1169,1925299.0,1169.0,12057.0,12057.0,797298.0,Brisbane FC,1802.0,23.85006708585953,81.78157310788293,23.85006708585953,5.520480051589715,0.0,11.005971106631165,22.979649441470972,7.0,drawing,chaotic,defensive,defensive,recovery,pass,,,0.0,5383,1925299.0,
1925299_1329_1329,1925299.0,1329.0,13982.0,13982.0,795530.0,Perth Glory,871.0,37.609246203560105,80.69173067917183,37.609246203560105,0.7392563831310498,1.0,15.569078328533132,27.240363724369296,4.0,drawing,chaotic,attacking,attacking,pass_interception,pass,,,0.0,5384,1925299.0,
1925299_1330_1330,1925299.0,1330.0,14006.0,14006.0,795537.0,Brisbane FC,1802.0,52.787835719983825,60.22089006316662,60.22089006316662,8.770974860299168,0.0,1.6933103672983287,23.839532692831014,11.0,drawing,chaotic,middle,middle,pass_interception,pass,0.0019,0.0,0.0,5385,1925299.0,
1925299_1443_1443,1925299.0,1443.0,14938.0,14938.0,966112.0,Perth Glory,871.0,29.555930031044532,75.7023975842245,75.7023975842245,4.1401932322054735,1.0,3.8060084077679086,15.232450430604207,3.0,drawing,disruption,defensive,defensive,pass_interception,pass,,,0.0,5386,1925299.0,
1925299_1466_1466,1925299.0,1466.0,15199.0,15231.0,795537.0,Brisbane FC,1802.0,51.070061680009744,55.484693384752525,55.484693384752525,9.398537120211847,0.0,11.71687671694125,23.464135573279577,8.0,drawing,chaotic,middle,middle,recovery,pass,0.0006,0.0,0.0,5387,1925299.0,
1925299_1493_1493,1925299.0,1493.0,17228.0,17237.0,560984.0,Perth Glory,871.0,54.426414542940456,54.71503084162523,54.71503084162523,7.187523913003699,0.0,7.468975833405809,23.49015747271279,1.0,drawing,chaotic,middle,middle,pass_interception,pass,0.007,0.0,0.0,5388,1925299.0,
1925299_1621_1621,1925299.0,1621.0,18520.0,18520.0,560882.0,Brisbane FC,1802.0,47.45815946705056,57.55672766931768,57.55672766931768,7.046878741684151,0.0,8.868652659789985,18.394773527103208,9.0,drawing,chaotic,middle,middle,pass_interception,pass,,,0.0,5389,1925299.0,
1925299_1657_1657,,,,,,,,,,,,,,,,,,,,,,,,,5390,,no_player_id
1925299_1665_1665,,,,,,,,,,,,,,,,,,,,,,,,,5391,,no_player_id
1925299_1886_1886,1925299.0,1886.0,22811.0,22811.0,795537.0,Brisbane FC,1802.0,22.245543373898514,83.8329541409582,83.8329541409582,5.220900305502876,0.0,5.535648110203539,11.615155335716338,10.0,drawing,chaotic,attacking,attacking,recovery,pass,,,0.0,5392,1925299.0,
1925299_2028_2028,1925299.0,2028.0,23592.0,23592.0,797298.0,Brisbane FC,1802.0,25.610001952362282,79.39000062980224,79.39000062980224,9.886556528943736,0.0,8.816314422705217,20.784484782482792,7.0,drawing,disruption,attacking,attacking,pass_interception,pass,,,0.0,5393,1925299.0,
1925299_2354_2354,,,,,,,,,,,,,,,,,,,,,,,,,5394,,no_player_id
1925299_2497_2497,1925299.0,2497.0,28665.0,28665.0,287934.0,Brisbane FC,1802.0,55.933154747430436,60.49642799372538,55.933154747430436,3.8639487574241964,2.0,7.554137938904744,18.07350097253264,4.0,drawing,chaotic,middle,middle,pass_interception,pass,0.0008,0.0,0.0,5395,1925299.0,
1925299_2502_2502,,,,,,,,,,,,,,,,,,,,,,,,,5396,,no_player_id
1925299_2505_2505,1925299.0,2505.0,28703.0,28703.0,560986.0,Brisbane FC,1802.0,50.91043507965729,68.65036343676557,50.91043507965729,5.095537263135263,0.0,9.785479037839691,20.7055095401911,8.0,drawing,chaotic,middle,middle,pass_interception,pass,,,0.0,5397,1925299.0,
1925299_2547_2547,,,,,,,,,,,,,,,,,,,,,,,,,5398,,no_player_id
1925299_2601_2601,,,,,,,,,,,,,,,,,,,,,,,,,5399,,no_player_id
1925299_2649_2649,1925299.0,2649.0,30376.0,30516.0,795537.0,Brisbane FC,1802.0,50.32200313977972,55.21688147659192,50.32200313977972,9.977579866881547,0.0,8.548947303615808,24.812692060156976,3.0,drawing,defending_direct,middle,middle,pass_interception,pass,0.0012,0.0,0.0,5400,1925299.0,
1925299_2770_2770,1925299.0,2770.0,31279.0,31279.0,797298.0,Brisbane FC,1802.0,51.8085475573288,68.86309316317413,51.8085475573288,1.549354704385022,1.0,2.601922366251538,18.233405508337498,5.0,drawing,chaotic,middle,middle,pass_interception,pass,,,0.0,5401,1925299.0,
1925299_3013_3013,1925299.0,3013.0,33755.0,33755.0,795537.0,Brisbane FC,1802.0,48.93858702496426,65.00911705291804,48.93858702496426,5.381839834108777,0.0,5.965668445363017,18.446209272805262,3.0,drawing,chaotic,middle,middle,recovery,pass,0.0049,0.0,0.0,5402,1925299.0,
1925299_3047_3047,1925299.0,3047.0,34187.0,34187.0,795537.0,Brisbane FC,1802.0,37.01643148657093,67.99350116003734,67.99350116003734,2.317088690577035,1.0,6.002482819633889,21.81773030527627,1.0,drawing,chaotic,middle,middle,recovery,pass,,,0.0,5403,1925299.0,
1925299_3049_3049,1925299.0,3049.0,34241.0,34274.0,560984.0,Perth Glory,871.0,19.393962978205355,87.50329022385387,19.393962978205355,2.603536056980967,1.0,14.998616602873748,28.27633884764282,8.0,drawing,chaotic,defensive,defensive,recovery,pass,0.034,1.0,0.0,5404,1925299.0,
1925299_3055_3055,1925299.0,3055.0,34288.0,34288.0,797298.0,Brisbane FC,1802.0,27.776698867936055,77.80131746956475,77.80131746956475,11.97878958826809,0.0,5.023823245298345,19.593246380084796,3.0,drawing,chaotic,defensive,defensive,pass_interception,pass,,,0.0,5405,1925299.0,
1925299_3231_3231,1925299.0,3231.0,36435.0,36435.0,560989.0,Perth Glory,871.0,40.82109871132819,66.5421828617006,66.5421828617006,3.918430808372147,1.0,12.555492821868842,26.412932220467752,2.0,drawing,chaotic,middle,middle,pass_interception,pass,,,0.0,5406,1925299.0,
1925299_3301_3301,1925299.0,3301.0,36902.0,36918.0,560984.0,Perth Glory,871.0,50.221150922693916,54.781055119448,50.221150922693916,5.800249994612301,0.0,4.417793566929084,25.342897562887135,7.0,drawing,defending_direct,middle,middle,pass_interception,pass,0.0101,0.0,0.0,5407,1925299.0,
1925299_3431_3431,,,,,,,,,,,,,,,,,,,,,,,,,5408,,no_player_id
1925299_3550_3550,1925299.0,3550.0,39482.0,39482.0,560984.0,Perth Glory,871.0,24.985855998944682,80.03494861621391,80.03494861621391,7.383359668877035,0.0,10.261895536400669,17.29148934153765,7.0,drawing,disruption,attacking,attacking,pass_interception,pass,,,0.0,5409,1925299.0,
1925299_3785_3785,,,,,,,,,,,,,,,,,,,,,,,,,5410,,no_player_id
1925299_3991_3991,1925299.0,3991.0,46450.0,46469.0,51694.0,Perth Glory,871.0,25.70880977408328,79.56722252284543,79.56722252284543,7.764257852493054,0.0,10.180550083369761,17.971404119878613,3.0,winning,disruption,attacking,attacking,pass_interception,pass,0.0004,0.0,0.0,5411,1925299.0,
1925299_4012_4012,1925299.0,4012.0,46700.0,46700.0,560988.0,Perth Glory,871.0,38.849794079248355,71.82692044073725,38.849794079248355,7.728680353074513,0.0,1.2100000000000009,23.654161301425702,7.0,winning,chaotic,middle,middle,pass_interception,pass,,,0.0,5412,1925299.0,
1925299_4170_4170,1925299.0,4170.0,48041.0,48041.0,51694.0,Perth Glory,871.0,45.87149005646099,59.2553254990638,59.2553254990638,6.580486304217949,0.0,7.533140115516239,18.09579684922987,4.0,winning,chaotic,middle,middle,pass_interception,pass,,,0.0,5413,1925299.0,
1925299_4182_4182,1925299.0,4182.0,48094.0,48124.0,560984.0,Perth Glory,871.0,47.21071594458191,57.79058487331652,47.21071594458191,0.8926925562588726,1.0,9.353614274706864,25.84012214022804,8.0,winning,chaotic,middle,middle,recovery,pass,0.0072,0.0,0.0,5414,1925299.0,
1925299_4335_4335,1925299.0,4335.0,50262.0,50262.0,795537.0,Brisbane FC,1802.0,47.05981831669137,58.265139663438546,58.265139663438546,7.962826131468651,0.0,4.607211738134032,23.803388934940703,2.0,losing,disruption,middle,middle,recovery,pass,,,0.0,5415,1925299.0,
1925299_4455_4455,1925299.0,4455.0,51934.0,51934.0,966115.0,Perth Glory,871.0,33.35280647861586,78.08847354123398,33.35280647861586,5.322029688004378,0.0,5.572396252959765,20.50137794391935,5.0,winning,chaotic,defensive,defensive,pass_interception,pass,,,0.0,5416,1925299.0,
1925299_4464_4464,1925299.0,4464.0,52134.0,52134.0,560988.0,Perth Glory,871.0,17.687015011018676,87.88475692632937,17.687015011018676,12.540737617859646,0.0,7.006853787542593,28.423149560383997,8.0,winning,chaotic,defensive,defensive,recovery,pass,,,0.0,5417,1925299.0,
1925299_4567_4567,,,,,,,,,,,,,,,,,,,,,,,,,5418,,no_player_id
1925299_4805_4805,,,,,,,,,,,,,,,,,,,,,,,,,5419,,no_player_id
1925299_4829_4829,1925299.0,4829.0,57011.0,57011.0,51002.0,Brisbane FC,1802.0,48.740321090448305,56.55810198371229,56.55810198371229,4.757699023687816,1.0,9.581174249537474,18.86313607886247,6.0,losing,chaotic,middle,middle,pass_interception,pass,,,0.0,5420,1925299.0,
1925299_4907_4907,1925299.0,4907.0,57903.0,57920.0,965698.0,Brisbane FC,1802.0,28.10161027414621,77.9448555069544,28.10161027414621,8.500476457234617,0.0,4.715527542067799,19.30112181304609,4.0,losing,chaotic,attacking,attacking,recovery,pass,0.0329,1.0,0.0,5421,1925299.0,
1925299_5212_5212,,,,,,,,,,,,,,,,,,,,,,,,,5422,,no_player_id
1925299_5213_5213,,,,,,,,,,,,,,,,,,,,,,,,,5423,,no_player_id
1925299_5216_5216,1925299.0,5216.0,61233.0,61233.0,965697.0,Brisbane FC,1802.0,49.35694682615609,60.292687782184665,60.292687782184665,8.896291362135122,0.0,11.432313851535042,25.018102521665725,9.0,losing,disruption,middle,middle,recovery,pass,0.0012,0.0,0.0,5424,1925299.0,
1953632_74_74,1953632.0,74.0,501.0,501.0,51668.0,CC Mariners,870.0,49.05670188669434,68.524156324613,49.05670188669434,5.745546101111713,0.0,2.6208586379276526,25.351202882378896,4.0,drawing,chaotic,middle,middle,pass_interception,pass,,,0.0,5425,1953632.0,
1953632_171_171,,,,,,,,,,,,,,,,,,,,,,,,,5426,,no_player_id
1953632_180_180,,,,,,,,,,,,,,,,,,,,,,,,,5427,,no_player_id
1953632_182_182,1953632.0,182.0,2060.0,2060.0,808609.0,CC Mariners,870.0,33.56889333892317,104.71566549471001,33.56889333892317,3.194526568992662,1.0,3.8025780728342755,29.688705023412158,1.0,drawing,chaotic,attacking,attacking,recovery,pass,0.0052,0.0,0.0,5428,1953632.0,
1953632_247_247,1953632.0,247.0,2963.0,3121.0,51668.0,CC Mariners,870.0,53.09764307386911,54.2905120624221,54.2905120624221,11.066566766617369,0.0,4.761774879181082,24.0467661585586,3.0,drawing,defending_direct,middle,middle,pass_interception,pass,0.0022,0.0,0.0,5429,1953632.0,
1953632_258_258,1953632.0,258.0,3158.0,3158.0,771857.0,Melbourne City,2380.0,51.78024526786253,62.49395010719037,51.78024526786253,4.322244787144753,1.0,11.389688318825936,20.842861490527977,1.0,drawing,chaotic,middle,middle,pass_interception,pass,,,0.0,5430,1953632.0,
1953632_551_551,,,,,,,,,,,,,,,,,,,,,,,,,5431,,no_player_id
1953632_632_632,1953632.0,632.0,6058.0,6058.0,29856.0,CC Mariners,870.0,29.315814844551053,81.95313904909317,81.95313904909317,2.420743687382039,2.0,5.292447448959695,19.922194802430145,7.0,drawing,chaotic,defensive,defensive,recovery,pass,,,0.0,5432,1953632.0,
1953632_855_855,,,,,,,,,,,,,,,,,,,,,,,,,5433,,no_player_id
1953632_881_881,,,,,,,,,,,,,,,,,,,,,,,,,5434,,no_player_id
1953632_1058_1058,,,,,,,,,,,,,,,,,,,,,,,,,5435,,no_player_id
1953632_1071_1071,,,,,,,,,,,,,,,,,,,,,,,,,5436,,no_player_id
1953632_1128_1128,1953632.0,1128.0,11453.0,11453.0,795510.0,CC Mariners,870.0,30.254859113867973,78.77345047666758,78.77345047666758,3.191002977121771,1.0,5.152678914894658,21.25975457713536,11.0,drawing,disruption,defensive,defensive,recovery,pass,,,0.0,5437,1953632.0,
1953632_1408_1408,1953632.0,1408.0,13691.0,13691.0,771861.0,Melbourne City,2380.0,46.52346719667398,61.133730460360425,46.52346719667398,11.930150879180028,0.0,19.85903572684233,25.303783373808532,0.0,drawing,chaotic,middle,middle,pass_interception,pass,,,0.0,5438,1953632.0,
1953632_1740_1740,,,,,,,,,,,,,,,,,,,,,,,,,5439,,no_player_id
1953632_1855_1855,,,,,,,,,,,,,,,,,,,,,,,,,5440,,no_player_id
1953632_1916_1916,1953632.0,1916.0,18902.0,18934.0,795508.0,CC Mariners,870.0,39.50814093323046,67.15127102296724,39.50814093323046,3.21449840566145,1.0,8.672081641682118,23.463528120461742,5.0,drawing,chaotic,middle,middle,pass_interception,pass,0.0032,0.0,0.0,5441,1953632.0,
1953632_1945_1945,1953632.0,1945.0,20613.0,20613.0,22937.0,Melbourne City,2380.0,42.64579932420074,64.56441899374609,42.64579932420074,11.805159888794392,0.0,13.977410346698706,19.17893833905812,3.0,winning,chaotic,middle,middle,pass_interception,pass,,,0.0,5442,1953632.0,
1953632_2009_2009,1953632.0,2009.0,22534.0,22534.0,795508.0,CC Mariners,870.0,44.655230376743106,61.13173971023563,44.655230376743106,7.150699266505341,0.0,5.875755270601389,19.60475535791939,9.0,losing,chaotic,middle,middle,pass_interception,pass,,,0.0,5443,1953632.0,
1953632_2468_2468,,,,,,,,,,,,,,,,,,,,,,,,,5444,,no_player_id
1953632_2669_2669,1953632.0,2669.0,28041.0,28080.0,51039.0,CC Mariners,870.0,36.40673014704836,87.443982068522,87.443982068522,7.657969704823862,0.0,1.7114321488157236,27.40729303145408,9.0,losing,chaotic,defensive,defensive,recovery,pass,0.0008,0.0,0.0,5445,1953632.0,
1953632_2673_2673,1953632.0,2673.0,28505.0,28505.0,51668.0,CC Mariners,870.0,34.81020683650127,72.45723221321666,34.81020683650127,9.131073321357134,0.0,2.5128867861485507,20.735394646494797,3.0,losing,chaotic,attacking,attacking,pass_interception,pass,0.0198,0.0,0.0,5446,1953632.0,
1953632_2677_2677,1953632.0,2677.0,28513.0,28513.0,771857.0,Melbourne City,2380.0,52.82369638713293,57.99692147002287,52.82369638713293,4.401601981097337,1.0,5.771698190307597,15.144535826551724,5.0,winning,defending_direct,middle,middle,pass_interception,pass,,,0.0,5447,1953632.0,
1953632_2941_2941,1953632.0,2941.0,32035.0,32035.0,51039.0,CC Mariners,870.0,38.40267178205183,81.79954278600829,81.79954278600829,3.4305247412021385,1.0,9.293115731550962,28.199047696435766,3.0,losing,chaotic,attacking,attacking,pass_interception,pass,,,0.0,5448,1953632.0,
1953632_3034_3034,1953632.0,3034.0,33049.0,33080.0,34423.0,CC Mariners,870.0,43.686598631616995,73.0603784550833,73.0603784550833,13.654980776258897,0.0,4.89984693638485,27.847192841964524,9.0,losing,chaotic,middle,middle,recovery,pass,0.0002,0.0,0.0,5449,1953632.0,
1953632_3104_3104,,,,,,,,,,,,,,,,,,,,,,,,,5450,,no_player_id
1953632_3111_3111,,,,,,,,,,,,,,,,,,,,,,,,,5451,,no_player_id
1953632_3193_3193,,,,,,,,,,,,,,,,,,,,,,,,,5452,,no_player_id
1953632_3218_3218,1953632.0,3218.0,36557.0,36557.0,795151.0,Melbourne City,2380.0,43.942858350362236,61.43919595828058,61.43919595828058,6.050801599788246,0.0,15.055792905058173,28.07871310547938,0.0,winning,defending_direct,middle,middle,pass_interception,pass,,,0.0,5453,1953632.0,
1953632_3374_3374,,,,,,,,,,,,,,,,,,,,,,,,,5454,,no_player_id
1953632_3537_3537,1953632.0,3537.0,40310.0,40310.0,104563.0,Melbourne City,2380.0,47.25208355194509,58.65372451941991,47.25208355194509,3.4977707186149294,1.0,2.280372776543344,15.526456603979156,5.0,winning,chaotic,middle,middle,pass_interception,pass,,,0.0,5455,1953632.0,
1953632_3549_3549,,,,,,,,,,,,,,,,,,,,,,,,,5456,,no_player_id
1953632_3663_3663,1953632.0,3663.0,43567.0,43567.0,795515.0,CC Mariners,870.0,43.56689224629179,63.89111127535661,43.56689224629179,7.018333135438927,0.0,10.482604638161263,25.40019337633554,10.0,drawing,chaotic,middle,middle,recovery,pass,,,0.0,5457,1953632.0,
1953632_3852_3852,1953632.0,3852.0,45003.0,45003.0,104563.0,Melbourne City,2380.0,16.559812800874287,88.45183661179682,88.45183661179682,5.932638536098424,0.0,5.334725859873213,12.724674592224472,4.0,drawing,disruption,defensive,defensive,recovery,pass,,,0.0,5458,1953632.0,
1953632_3853_3853,,,,,,,,,,,,,,,,,,,,,,,,,5459,,no_player_id
1953632_3877_3877,1953632.0,3877.0,45359.0,45359.0,51681.0,Melbourne City,2380.0,47.55082543973343,59.03711544443885,47.55082543973343,0.987370244639771,1.0,8.331734513293135,15.725593666612156,5.0,drawing,chaotic,middle,middle,pass_interception,pass,,,0.0,5460,1953632.0,
1953632_3922_3922,1953632.0,3922.0,45680.0,45680.0,771856.0,Melbourne City,2380.0,32.80946966959387,76.47000261540468,32.80946966959387,4.993155315028764,1.0,15.115386200821995,21.14289985031043,3.0,drawing,chaotic,attacking,attacking,pass_interception,pass,,,0.0,5461,1953632.0,
1953632_4014_4014,1953632.0,4014.0,49107.0,49107.0,795515.0,CC Mariners,870.0,37.43192487703511,75.80269784117185,37.43192487703511,15.035192050652363,0.0,1.6175598906995672,22.062734880936794,11.0,drawing,chaotic,defensive,defensive,pass_interception,pass,,,0.0,5462,1953632.0,
1953632_4051_4051,,,,,,,,,,,,,,,,,,,,,,,,,5463,,no_player_id
1953632_4068_4068,1953632.0,4068.0,49998.0,49998.0,23930.0,CC Mariners,870.0,14.477696640004583,94.59230254095732,94.59230254095732,8.510287891722585,0.0,4.283409856644586,17.476067329939795,2.0,drawing,disruption,attacking,attacking,pass_interception,pass,,,0.0,5464,1953632.0,
1953632_4385_4385,,,,,,,,,,,,,,,,,,,,,,,,,5465,,no_player_id
1953632_4500_4500,1953632.0,4500.0,55284.0,55284.0,29856.0,CC Mariners,870.0,31.39667657571419,74.61870609974417,74.61870609974417,6.788851154650542,0.0,9.488545726295468,22.193425674472323,9.0,drawing,disruption,attacking,attacking,pass_interception,pass,,,0.0,5466,1953632.0,
1953632_4629_4629,,,,,,,,,,,,,,,,,,,,,,,,,5467,,no_player_id
1953632_4796_4796,1953632.0,4796.0,57961.0,57961.0,23930.0,CC Mariners,870.0,40.10773491485153,81.92454088977246,81.92454088977246,2.655484889808264,1.0,10.39281482563795,27.580342174689893,5.0,drawing,chaotic,attacking,attacking,pass_interception,pass,,,0.0,5468,1953632.0,
1953632_4821_4821,1953632.0,4821.0,58550.0,58550.0,330380.0,CC Mariners,870.0,4.88098350745011,100.24581786787917,100.24581786787917,5.702534524226925,0.0,4.393961765878263,20.31120383150797,2.0,drawing,disruption,attacking,attacking,pass_interception,pass,,,0.0,5469,1953632.0,
1996435_5_5,1996435.0,5.0,170.0,170.0,25534.0,Sydney FC,869.0,38.71463418398784,67.01733283263368,67.01733283263368,3.0272925197278173,1.0,8.517822491693519,14.996308954581966,1.0,drawing,chaotic,middle,middle,pass_interception,pass,,,0.0,5470,1996435.0,
1996435_6_6,1996435.0,6.0,189.0,189.0,50959.0,Adelaide United,866.0,35.91190610368656,71.39303187286558,35.91190610368656,3.173546911580164,1.0,6.480771559004375,17.395948251944176,7.0,drawing,chaotic,defensive,defensive,pass_interception,pass,,,0.0,5471,1996435.0,
1996435_7_7,1996435.0,7.0,208.0,208.0,25534.0,Sydney FC,869.0,38.73977026261256,66.27571048280056,66.27571048280056,1.380615804632121,2.0,4.943278264471869,12.714146177500204,1.0,drawing,chaotic,middle,middle,pass_interception,pass,,,0.0,5472,1996435.0,
1996435_117_117,1996435.0,117.0,858.0,864.0,51005.0,Adelaide United,866.0,46.13079015148125,75.10891957683855,75.10891957683855,4.120776625831593,1.0,15.800560116654092,32.7817462614867,4.0,drawing,chaotic,middle,middle,pass_interception,pass,0.0001,0.0,0.0,5473,1996435.0,
1996435_121_121,1996435.0,121.0,890.0,890.0,18573.0,Sydney FC,869.0,27.961090822784435,79.01849530331491,27.961090822784435,3.887261246687698,1.0,11.130004492362078,19.698449886776913,1.0,drawing,chaotic,attacking,attacking,pass_interception,pass,,,0.0,5474,1996435.0,
1996435_122_122,1996435.0,122.0,925.0,939.0,50949.0,Adelaide United,866.0,31.90056112359154,78.86282901342051,78.86282901342051,5.080511785243688,0.0,6.000533309631736,17.950916050688896,5.0,drawing,chaotic,attacking,attacking,recovery,pass,0.0002,0.0,0.0,5475,1996435.0,
1996435_411_411,1996435.0,411.0,2290.0,2290.0,50959.0,Adelaide United,866.0,29.57400547778403,80.93776498026122,80.93776498026122,4.380194059627952,1.0,10.001964806976678,20.069113435457634,9.0,drawing,disruption,attacking,attacking,pass_interception,pass,,,0.0,5476,1996435.0,
1996435_564_564,1996435.0,564.0,4415.0,4446.0,50959.0,Adelaide United,866.0,14.737085872044041,92.27286545892025,14.737085872044041,6.547006949744286,0.0,9.085416886417486,27.950192355454508,9.0,drawing,defending_set_play,defensive,defensive,pass_interception,pass,0.0364,1.0,0.0,5477,1996435.0,
1996435_573_573,1996435.0,573.0,4457.0,4457.0,18573.0,Sydney FC,869.0,25.501084290672818,80.13179955548235,80.13179955548235,10.334703672578135,0.0,6.243116209073795,13.858016641813698,2.0,drawing,disruption,defensive,defensive,pass_interception,pass,,,0.0,5478,1996435.0,
1996435_637_637,1996435.0,637.0,4731.0,4731.0,133852.0,Sydney FC,869.0,48.7586228271472,63.33406113616906,48.7586228271472,5.292343526265089,0.0,8.729959908269914,15.5134392265039,6.0,drawing,chaotic,middle,middle,pass_interception,pass,,,0.0,5479,1996435.0,
1996435_638_638,1996435.0,638.0,4746.0,4746.0,51646.0,Adelaide United,866.0,56.25748839043563,58.14812980655526,58.14812980655526,3.516475508232639,2.0,7.928335260317894,24.91014526710726,9.0,drawing,chaotic,middle,middle,pass_interception,pass,,,0.0,5480,1996435.0,
1996435_817_817,1996435.0,817.0,6428.0,6428.0,51000.0,Sydney FC,869.0,44.06417365615744,83.7696329226767,44.06417365615744,4.3693592207553715,1.0,7.25041378129552,25.493714147010778,3.0,drawing,chaotic,attacking,attacking,recovery,pass,,,0.0,5481,1996435.0,
1996435_863_863,1996435.0,863.0,6857.0,6857.0,17231.0,Sydney FC,869.0,27.00239989334281,87.15577777749448,27.00239989334281,3.847076812334273,1.0,9.480574877084196,21.338940689291107,1.0,drawing,chaotic,attacking,attacking,recovery,pass,,,0.0,5482,1996435.0,
1996435_898_898,1996435.0,898.0,7070.0,7090.0,42513.0,Adelaide United,866.0,19.599765304717298,85.4245327760123,19.599765304717298,5.2711478825773765,0.0,13.369027638538263,29.695432970142182,8.0,drawing,chaotic,defensive,defensive,recovery,pass,0.2076,1.0,2.0,5483,1996435.0,
1996435_907_907,1996435.0,907.0,7476.0,7476.0,560893.0,Adelaide United,866.0,37.135364546480496,74.17098691537008,37.135364546480496,4.986150820021393,1.0,8.938394710461155,25.469349451367975,6.0,drawing,chaotic,defensive,defensive,pass_interception,pass,,,0.0,5484,1996435.0,
1996435_945_945,,,,,,,,,,,,,,,,,,,,,,,,,5485,,no_player_id
1996435_977_977,1996435.0,977.0,7892.0,7892.0,18573.0,Sydney FC,869.0,34.32656842738581,71.34853397232489,34.32656842738581,7.679010352903555,0.0,12.45043372738476,20.537693120961258,1.0,drawing,chaotic,attacking,attacking,pass_interception,pass,,,0.0,5486,1996435.0,
1996435_1104_1104,1996435.0,1104.0,8524.0,8524.0,51686.0,Adelaide United,866.0,31.416303092502787,73.67824712898646,73.67824712898646,6.640549676043393,0.0,12.960528538605208,24.189814070542038,10.0,drawing,chaotic,attacking,attacking,recovery,pass,,,0.0,5487,1996435.0,
1996435_1243_1243,1996435.0,1243.0,9430.0,9430.0,25534.0,Sydney FC,869.0,33.00187873439935,82.67238958685058,82.67238958685058,5.62978685209307,0.0,10.78079774413749,20.415659722123564,3.0,drawing,disruption,defensive,defensive,pass_interception,pass,,,0.0,5488,1996435.0,
1996435_1631_1631,1996435.0,1631.0,13078.0,13078.0,25534.0,Sydney FC,869.0,38.17449017341293,67.31784087446655,38.17449017341293,4.921483516176806,1.0,2.885064990602465,15.910344718554601,4.0,drawing,chaotic,middle,middle,pass_interception,pass,,,0.0,5489,1996435.0,
1996435_1676_1676,1996435.0,1676.0,13899.0,13938.0,18573.0,Sydney FC,869.0,15.081438923391891,90.04859687968492,15.081438923391891,1.7353962083628043,6.0,2.414808481018733,14.108698170863882,5.0,drawing,defending_set_play,attacking,attacking,recovery,pass,0.0394,1.0,0.0,5490,1996435.0,
1996435_1893_1893,,,,,,,,,,,,,,,,,,,,,,,,,5491,,no_player_id
1996435_1994_1994,1996435.0,1994.0,18066.0,18066.0,42513.0,Adelaide United,866.0,26.832774735386575,86.17016769160891,26.832774735386575,4.356971425198932,1.0,7.1108368002647895,19.2430219614451,4.0,drawing,chaotic,defensive,defensive,pass_interception,pass,0.0073,0.0,0.0,5492,1996435.0,
1996435_2197_2197,1996435.0,2197.0,20456.0,20456.0,17231.0,Sydney FC,869.0,35.975392979090586,70.61181841589975,70.61181841589975,3.96,1.0,12.172366244900786,16.63723975696656,0.0,drawing,disruption,defensive,defensive,recovery,pass,,,0.0,5493,1996435.0,
1996435_2420_2420,,,,,,,,,,,,,,,,,,,,,,,,,5494,,no_player_id
1996435_2802_2802,1996435.0,2802.0,27110.0,27122.0,809759.0,Adelaide United,866.0,9.575729737205409,97.62783721869496,9.575729737205409,2.2327113561766145,2.0,6.149967479588815,21.090720340331885,10.0,losing,defending_set_play,defensive,defensive,recovery,pass,0.0455,1.0,1.0,5495,1996435.0,
1996435_2806_2806,1996435.0,2806.0,27137.0,27137.0,795547.0,Sydney FC,869.0,7.273513593855445,97.8483724954074,97.8483724954074,0.390000000000006,4.0,1.8672439583514482,9.790465265803862,6.0,winning,disruption,defensive,defensive,pass_interception,pass,,,0.0,5496,1996435.0,
1996435_3006_3006,1996435.0,3006.0,31027.0,31027.0,50959.0,Adelaide United,866.0,39.75225528193338,73.31399457129586,73.31399457129586,1.8417383093154138,1.0,8.214097637598421,21.130993271201085,2.0,losing,chaotic,defensive,defensive,pass_interception,pass,,,0.0,5497,1996435.0,
1996435_3007_3007,1996435.0,3007.0,31052.0,31052.0,51045.0,Sydney FC,869.0,37.95473619984731,85.11734253370462,37.95473619984731,1.9334166648707678,3.0,5.651229954620501,15.509739818136726,6.0,winning,chaotic,defensive,defensive,recovery,pass,,,0.0,5498,1996435.0,
1996435_3008_3008,,,,,,,,,,,,,,,,,,,,,,,,,5499,,no_player_id
1996435_3161_3161,,,,,,,,,,,,,,,,,,,,,,,,,5500,,no_player_id
1996435_3303_3303,1996435.0,3303.0,34665.0,34665.0,133852.0,Sydney FC,869.0,35.680113508788054,71.9949338495425,35.680113508788054,2.55196003103497,1.0,7.750522563027605,17.771811888841025,5.0,winning,chaotic,defensive,defensive,pass_interception,pass,,,0.0,5501,1996435.0,
1996435_3602_3602,1996435.0,3602.0,38262.0,38262.0,51646.0,Adelaide United,866.0,35.44300354089648,78.790903662796,78.790903662796,6.044766331298505,0.0,8.05509155751814,23.226685323462174,5.0,losing,disruption,defensive,defensive,pass_interception,pass,0.0007,0.0,0.0,5502,1996435.0,
1996435_3637_3637,,,,,,,,,,,,,,,,,,,,,,,,,5503,,no_player_id
1996435_3769_3769,,,,,,,,,,,,,,,,,,,,,,,,,5504,,no_player_id
1996435_4019_4019,,,,,,,,,,,,,,,,,,,,,,,,,5505,,no_player_id
1996435_4060_4060,1996435.0,4060.0,42719.0,42719.0,133852.0,Sydney FC,869.0,8.988464829991827,96.31558804264239,8.988464829991827,2.625204753919203,4.0,2.903308457604877,12.337054334952823,10.0,winning,defending_set_play,defensive,defensive,recovery,pass,0.0351,1.0,0.0,5506,1996435.0,
1996435_4142_4142,,,,,,,,,,,,,,,,,,,,,,,,,5507,,no_player_id
1996435_4238_4238,,,,,,,,,,,,,,,,,,,,,,,,,5508,,no_player_id
1996435_4410_4410,1996435.0,4410.0,47363.0,47379.0,797295.0,Adelaide United,866.0,13.497503472864897,98.62394536825224,13.497503472864897,2.1130309983528446,2.0,4.346262762420146,22.136848362674407,1.0,losing,defending_set_play,attacking,attacking,recovery,pass,0.0182,0.0,0.0,5509,1996435.0,
1996435_4448_4448,,,,,,,,,,,,,,,,,,,,,,,,,5510,,no_player_id
1996435_4540_4540,,,,,,,,,,,,,,,,,,,,,,,,,5511,,no_player_id
1996435_4544_4544,1996435.0,4544.0,48528.0,48528.0,42513.0,Adelaide United,866.0,39.06508031477729,77.89981065445538,39.06508031477729,3.510227912828455,1.0,11.939313213078881,32.54571433107735,4.0,losing,chaotic,attacking,attacking,recovery,pass,,,0.0,5512,1996435.0,
1996435_4581_4581,1996435.0,4581.0,48962.0,48975.0,18573.0,Sydney FC,869.0,61.304176040462366,62.019367942603225,61.304176040462366,2.121438191416383,1.0,3.6056899478463214,23.506245317714672,6.0,winning,chaotic,middle,middle,recovery,pass,0.006,0.0,0.0,5513,1996435.0,
1996435_4627_4627,,,,,,,,,,,,,,,,,,,,,,,,,5514,,no_player_id
1996435_4682_4682,1996435.0,4682.0,49527.0,49560.0,50971.0,Adelaide United,866.0,19.443613347317932,89.1428858630906,19.443613347317932,5.742542990696717,0.0,3.0565994176535436,22.96507195532454,2.0,losing,chaotic,attacking,attacking,pass_interception,pass,0.0136,0.0,1.0,5515,1996435.0,
1996435_4923_4923,,,,,,,,,,,,,,,,,,,,,,,,,5516,,no_player_id
1996435_4943_4943,,,,,,,,,,,,,,,,,,,,,,,,,5517,,no_player_id
1996435_4996_4996,,,,,,,,,,,,,,,,,,,,,,,,,5518,,no_player_id
1996435_4997_4997,1996435.0,4997.0,53952.0,53952.0,808608.0,Adelaide United,866.0,51.12617040225094,70.94424078105283,51.12617040225094,0.3360059523282281,2.0,10.944921196609869,29.10430984387962,4.0,losing,chaotic,middle,middle,recovery,pass,0.0019,0.0,0.0,5519,1996435.0,
1996435_5290_5290,1996435.0,5290.0,57399.0,57413.0,50971.0,Adelaide United,866.0,33.298243196901545,97.37285556046922,33.298243196901545,1.189033220730188,3.0,10.66671927070362,32.932108832789055,1.0,losing,chaotic,attacking,attacking,recovery,pass,0.0192,0.0,0.0,5520,1996435.0,
2006229_26_26,2006229.0,26.0,159.0,159.0,808580.0,Macarthur FC,1804.0,56.925843867262955,59.734007901697005,56.925843867262955,9.70012886512339,0.0,3.8429415816533057,23.15068879312613,5.0,drawing,chaotic,middle,middle,recovery,pass,,,0.0,5521,2006229.0,
2006229_40_40,2006229.0,40.0,260.0,260.0,51648.0,Macarthur FC,1804.0,54.50285864062545,59.05219386271775,54.50285864062545,6.13353079392286,0.0,6.4960603445473,19.201840891062893,8.0,drawing,chaotic,middle,middle,pass_interception,pass,0.0012,0.0,0.0,5522,2006229.0,
2006229_46_46,2006229.0,46.0,288.0,296.0,159945.0,Melbourne City,2380.0,54.28297154725412,61.994685256076586,54.28297154725412,1.5337535656030274,1.0,4.288519558075956,22.16894015488731,5.0,drawing,chaotic,middle,middle,recovery,pass,0.0133,0.0,0.0,5523,2006229.0,
2006229_81_81,,,,,,,,,,,,,,,,,,,,,,,,,5524,,no_player_id
2006229_109_109,,,,,,,,,,,,,,,,,,,,,,,,,5525,,no_player_id
2006229_237_237,2006229.0,237.0,3078.0,3078.0,104563.0,Melbourne City,2380.0,50.160168460642154,67.91054778162226,67.91054778162226,11.217276853140426,0.0,24.739963621638573,30.744034166158276,3.0,drawing,chaotic,middle,middle,pass_interception,pass,,,0.0,5526,2006229.0,
2006229_239_239,2006229.0,239.0,3096.0,3096.0,51014.0,Macarthur FC,1804.0,55.57084847291788,60.700240526706324,60.700240526706324,13.091558348798666,0.0,4.380410939626557,19.698399179011297,6.0,drawing,chaotic,middle,middle,pass_interception,pass,,,0.0,5527,2006229.0,
2006229_240_240,,,,,,,,,,,,,,,,,,,,,,,,,5528,,no_player_id
2006229_266_266,2006229.0,266.0,3393.0,3393.0,26095.0,Melbourne City,2380.0,42.468634308157355,62.78044998245871,42.468634308157355,2.4393851684389656,1.0,7.3517888979485795,25.6391453593392,4.0,drawing,chaotic,middle,middle,recovery,pass,0.0035,0.0,0.0,5529,2006229.0,
2006229_411_411,,,,,,,,,,,,,,,,,,,,,,,,,5530,,no_player_id
2006229_457_457,,,,,,,,,,,,,,,,,,,,,,,,,5531,,no_player_id
2006229_471_471,,,,,,,,,,,,,,,,,,,,,,,,,5532,,no_player_id
2006229_586_586,,,,,,,,,,,,,,,,,,,,,,,,,5533,,no_player_id
2006229_903_903,,,,,,,,,,,,,,,,,,,,,,,,,5534,,no_player_id
2006229_904_904,,,,,,,,,,,,,,,,,,,,,,,,,5535,,no_player_id
2006229_913_913,,,,,,,,,,,,,,,,,,,,,,,,,5536,,no_player_id
2006229_1212_1212,,,,,,,,,,,,,,,,,,,,,,,,,5537,,no_player_id
2006229_1392_1392,,,,,,,,,,,,,,,,,,,,,,,,,5538,,no_player_id
2006229_1483_1483,2006229.0,1483.0,17220.0,17220.0,12120.0,Macarthur FC,1804.0,14.606039846584014,92.14953282572843,92.14953282572843,6.934666538486186,0.0,3.9169886392482693,12.144111978369438,6.0,drawing,disruption,defensive,defensive,pass_interception,pass,,,0.0,5539,2006229.0,
2006229_1486_1486,,,,,,,,,,,,,,,,,,,,,,,,,5540,,no_player_id
2006229_1488_1488,2006229.0,1488.0,17255.0,17255.0,6871.0,Macarthur FC,1804.0,35.79041771200777,71.52310116319063,71.52310116319063,9.837809715582022,0.0,4.901683384307884,22.608424591287328,0.0,drawing,chaotic,defensive,defensive,recovery,pass,,,0.0,5541,2006229.0,
2006229_1605_1605,,,,,,,,,,,,,,,,,,,,,,,,,5542,,no_player_id
2006229_1696_1696,2006229.0,1696.0,20322.0,20354.0,6871.0,Macarthur FC,1804.0,39.82337504531729,66.39503897129664,39.82337504531729,1.4876155417311292,1.0,10.734193029753099,26.676296136556783,0.0,losing,chaotic,middle,middle,pass_interception,pass,0.0037,0.0,0.0,5543,2006229.0,
2006229_1933_1933,2006229.0,1933.0,22255.0,22255.0,11895.0,Macarthur FC,1804.0,44.20204633272084,63.30577303848362,63.30577303848362,8.056208785775105,0.0,2.681641288464957,17.968242787320428,9.0,losing,chaotic,middle,middle,recovery,pass,,,0.0,5544,2006229.0,
2006229_2174_2174,,,,,,,,,,,,,,,,,,,,,,,,,5545,,no_player_id
2006229_2260_2260,2006229.0,2260.0,24855.0,24880.0,808580.0,Macarthur FC,1804.0,25.21115824392049,93.4403686850603,93.4403686850603,2.5521167684884642,1.0,4.749947368129463,20.006190151164155,7.0,losing,chaotic,defensive,defensive,recovery,pass,0.0001,0.0,0.0,5546,2006229.0,
2006229_2266_2266,2006229.0,2266.0,24896.0,24896.0,11891.0,Melbourne City,2380.0,32.98261663361474,102.0281970829633,32.98261663361474,3.428352373954578,3.0,11.382745714457473,36.33539047579003,5.0,winning,chaotic,defensive,defensive,pass_interception,pass,0.0051,0.0,0.0,5547,2006229.0,
2006229_2269_2269,,,,,,,,,,,,,,,,,,,,,,,,,5548,,no_player_id
2006229_2298_2298,2006229.0,2298.0,25067.0,25067.0,12120.0,Macarthur FC,1804.0,27.33056896590336,85.31096060882211,85.31096060882211,2.9986663702386114,1.0,7.101443515229844,16.97797451864054,3.0,losing,disruption,defensive,defensive,pass_interception,pass,,,0.0,5549,2006229.0,
2006229_2374_2374,2006229.0,2374.0,25616.0,25616.0,6871.0,Macarthur FC,1804.0,50.006668555303705,57.889264116932765,50.006668555303705,14.072526425628055,0.0,8.603075031638397,25.06659199081724,2.0,losing,chaotic,middle,middle,recovery,pass,,,0.0,5550,2006229.0,
2006229_2410_2410,2006229.0,2410.0,26703.0,26710.0,159945.0,Melbourne City,2380.0,19.67418613310345,89.02849880796599,19.67418613310345,1.7472263734273232,1.0,4.490712638323679,30.641811937834206,5.0,winning,chaotic,defensive,defensive,pass_interception,pass,0.0248,1.0,1.0,5551,2006229.0,
2006229_2442_2442,2006229.0,2442.0,26989.0,26989.0,51648.0,Macarthur FC,1804.0,49.22572701342257,61.01698288181742,49.22572701342257,2.698758974047146,1.0,10.040403378350891,23.869223826479224,8.0,losing,chaotic,middle,middle,pass_interception,pass,,,0.0,5552,2006229.0,
2006229_2443_2443,2006229.0,2443.0,26997.0,26997.0,159945.0,Melbourne City,2380.0,50.397120949514566,56.987453005025586,50.397120949514566,9.92024697273208,0.0,2.809590717524529,25.305391031683072,5.0,winning,chaotic,middle,middle,pass_interception,pass,,,0.0,5553,2006229.0,
2006229_2444_2444,2006229.0,2444.0,27011.0,27011.0,51044.0,Macarthur FC,1804.0,49.55145305639381,55.60257637915711,49.55145305639381,13.02200061434494,0.0,4.640915857888398,19.655892941149027,7.0,losing,chaotic,middle,middle,pass_interception,pass,,,0.0,5554,2006229.0,
2006229_2450_2450,,,,,,,,,,,,,,,,,,,,,,,,,5555,,no_player_id
2006229_2486_2486,,,,,,,,,,,,,,,,,,,,,,,,,5556,,no_player_id
2006229_2529_2529,2006229.0,2529.0,28812.0,28812.0,6871.0,Macarthur FC,1804.0,50.01473782796427,55.43170572876141,55.43170572876141,17.18230776118272,0.0,7.8066446057189,27.328286032789794,11.0,losing,disruption,middle,middle,pass_interception,pass,,,0.0,5557,2006229.0,
2006229_2703_2703,,,,,,,,,,,,,,,,,,,,,,,,,5558,,no_player_id
2006229_2799_2799,2006229.0,2799.0,30552.0,30552.0,9520.0,Melbourne City,2380.0,10.990850740502305,96.18523171464525,96.18523171464525,2.993659967330954,2.0,8.060676150299056,16.037947514638127,6.0,winning,disruption,defensive,defensive,pass_interception,pass,,,0.0,5559,2006229.0,
2006229_3298_3298,,,,,,,,,,,,,,,,,,,,,,,,,5560,,no_player_id
2006229_3456_3456,2006229.0,3456.0,37633.0,37633.0,51014.0,Macarthur FC,1804.0,34.17683718543891,77.56904150497157,77.56904150497157,18.210252606704827,0.0,9.033814255340875,27.91990310941009,6.0,losing,chaotic,attacking,attacking,pass_interception,pass,0.0003,0.0,0.0,5561,2006229.0,
2006229_3581_3581,2006229.0,3581.0,39793.0,39793.0,966118.0,Macarthur FC,1804.0,34.898551545873644,77.09026462530791,34.898551545873644,2.611225765804249,1.0,11.855500832946705,30.980014550627683,11.0,losing,chaotic,defensive,defensive,recovery,pass,,,0.0,5562,2006229.0,
2006229_3656_3656,2006229.0,3656.0,40324.0,40340.0,808580.0,Macarthur FC,1804.0,23.615664293006876,92.39967315959511,92.39967315959511,3.8193193110814905,1.0,13.312144830942907,24.770004330322447,6.0,losing,disruption,attacking,attacking,recovery,pass,0.0003,0.0,0.0,5563,2006229.0,
2006229_3662_3662,2006229.0,3662.0,40346.0,40378.0,159945.0,Melbourne City,2380.0,12.966684233064363,96.56156015723855,12.966684233064363,1.6183942659315136,3.0,3.910051150560569,23.00739889207063,1.0,winning,chaotic,attacking,attacking,recovery,pass,0.0501,1.0,1.0,5564,2006229.0,
2006229_3914_3914,2006229.0,3914.0,41889.0,41889.0,26095.0,Melbourne City,2380.0,51.39035123444867,53.610336689858606,53.610336689858606,6.326025608547598,0.0,13.93845041602545,23.698052484291516,1.0,winning,chaotic,middle,middle,pass_interception,pass,,,0.0,5565,2006229.0,
2006229_3946_3946,2006229.0,3946.0,42030.0,42030.0,771857.0,Melbourne City,2380.0,19.262699706946584,94.25736894269858,94.25736894269858,5.284590807243263,0.0,8.752742427376694,20.76373550321015,4.0,winning,chaotic,defensive,defensive,pass_interception,pass,,,0.0,5566,2006229.0,
2006229_3966_3966,,,,,,,,,,,,,,,,,,,,,,,,,5567,,no_player_id
2006229_4120_4120,2006229.0,4120.0,47845.0,47845.0,771857.0,Melbourne City,2380.0,15.736867540905338,90.83363363864731,90.83363363864731,4.307319351986799,1.0,6.590235200658621,12.54739234735116,1.0,winning,disruption,defensive,defensive,pass_interception,pass,,,0.0,5568,2006229.0,
2006229_4122_4122,2006229.0,4122.0,47879.0,47879.0,51044.0,Macarthur FC,1804.0,30.741502891042916,76.68141887054516,30.741502891042916,5.240553405891403,0.0,7.30334854707072,16.700534854815093,2.0,losing,defending_set_play,defensive,defensive,pass_interception,pass,0.0044,0.0,0.0,5569,2006229.0,
2006229_4125_4125,2006229.0,4125.0,47899.0,47899.0,771857.0,Melbourne City,2380.0,43.5009114847034,69.02991597850892,69.02991597850892,5.041676308530724,0.0,9.337333666523866,21.275851883372606,0.0,winning,disruption,middle,middle,pass_interception,pass,,,0.0,5570,2006229.0,
2006229_4388_4388,2006229.0,4388.0,50441.0,50441.0,22937.0,Melbourne City,2380.0,38.61496342093308,66.9284349137196,38.61496342093308,7.680397125149194,0.0,10.638745226764293,27.952754816009513,3.0,winning,chaotic,middle,middle,pass_interception,pass,,,0.0,5571,2006229.0,
2006229_4422_4422,2006229.0,4422.0,51463.0,51463.0,966117.0,Macarthur FC,1804.0,49.44884427365315,65.66649221635033,65.66649221635033,2.7700180504827037,2.0,1.8414125013152272,18.24463462876865,4.0,losing,chaotic,middle,middle,recovery,pass,,,0.0,5572,2006229.0,
2006229_4424_4424,2006229.0,4424.0,51472.0,51472.0,159945.0,Melbourne City,2380.0,37.67228291463102,78.31794749608802,37.67228291463102,3.9030885206461847,1.0,1.7831432920547918,21.044109624140788,1.0,winning,chaotic,attacking,attacking,pass_interception,pass,0.0388,1.0,0.0,5573,2006229.0,
2006229_4638_4638,2006229.0,4638.0,54229.0,54229.0,51044.0,Macarthur FC,1804.0,52.98177894333107,53.179591010085815,53.179591010085815,2.9799496640044105,3.0,8.090006180467356,17.32423118622887,3.0,losing,chaotic,middle,middle,recovery,pass,,,0.0,5574,2006229.0,
2006229_4665_4665,2006229.0,4665.0,54487.0,54487.0,771857.0,Melbourne City,2380.0,46.276409757024155,62.56121881805053,46.276409757024155,4.820342311496146,1.0,11.744790334441904,29.03912463693526,3.0,winning,chaotic,middle,middle,recovery,pass,0.0038,0.0,0.0,5575,2006229.0,
2006229_4689_4689,,,,,,,,,,,,,,,,,,,,,,,,,5576,,no_player_id
2006229_4717_4717,,,,,,,,,,,,,,,,,,,,,,,,,5577,,no_player_id
2006229_4722_4722,,,,,,,,,,,,,,,,,,,,,,,,,5578,,no_player_id
2006229_4756_4756,2006229.0,4756.0,55632.0,55647.0,973077.0,Melbourne City,2380.0,26.76633146323941,81.83664521472029,26.76633146323941,5.95671050161077,0.0,20.845548685510774,32.381000832119696,1.0,winning,chaotic,attacking,attacking,pass_interception,pass,0.0668,1.0,2.0,5579,2006229.0,
2011166_384_384,,,,,,,,,,,,,,,,,,,,,,,,,5580,,no_player_id
2011166_947_947,,,,,,,,,,,,,,,,,,,,,,,,,5581,,no_player_id
2011166_951_951,2011166.0,951.0,12395.0,12444.0,11117.0,Melbourne V FC,868.0,33.0037876614185,74.10026990504151,33.0037876614185,4.300418584277582,1.0,17.018628029309532,26.095378921502277,2.0,drawing,low_block,attacking,attacking,recovery,pass,0.0393,1.0,0.0,5582,2011166.0,
2011166_958_958,2011166.0,958.0,12483.0,12483.0,957734.0,Wellington P FC,867.0,19.956041691678234,88.09565028989797,88.09565028989797,5.711129485487084,0.0,4.538413819827365,15.435733993624254,6.0,drawing,chaotic,attacking,attacking,recovery,pass,,,0.0,5583,2011166.0,
2011166_959_959,2011166.0,959.0,12503.0,12503.0,11117.0,Melbourne V FC,868.0,22.16074005984457,90.05497432124447,22.16074005984457,1.8785632808079664,3.0,9.288406752506054,22.75394262284051,2.0,drawing,chaotic,attacking,attacking,pass_interception,pass,,,0.0,5584,2011166.0,
2011166_960_960,2011166.0,960.0,12526.0,12526.0,27003.0,Wellington P FC,867.0,35.59348957323516,69.66847565434455,69.66847565434455,18.37133909109513,0.0,3.416211351775531,17.37542557189118,11.0,drawing,chaotic,middle,middle,recovery,pass,,,0.0,5585,2011166.0,
2011166_1011_1011,2011166.0,1011.0,13021.0,13037.0,27003.0,Wellington P FC,867.0,50.80850322534605,63.22107243633249,63.22107243633249,7.769337166065069,0.0,4.380410939626557,21.486563871861538,10.0,drawing,chaotic,middle,middle,pass_interception,pass,0.0003,0.0,0.0,5586,2011166.0,
2011166_1056_1056,,,,,,,,,,,,,,,,,,,,,,,,,5587,,no_player_id
2011166_1090_1090,2011166.0,1090.0,14050.0,14050.0,799092.0,Wellington P FC,867.0,48.75945856959448,58.93797417624735,58.93797417624735,6.647134721065912,0.0,5.990075124737586,17.260309639731698,6.0,drawing,chaotic,middle,middle,recovery,pass,,,0.0,5588,2011166.0,
2011166_1092_1092,2011166.0,1092.0,14076.0,14076.0,11885.0,Melbourne V FC,868.0,38.5247258264092,73.43197191959372,38.5247258264092,6.101606345873191,0.0,6.259792328823696,23.036921417094817,2.0,drawing,chaotic,attacking,attacking,pass_interception,pass,,,0.0,5589,2011166.0,
2011166_1103_1103,,,,,,,,,,,,,,,,,,,,,,,,,5590,,no_player_id
2011166_1109_1109,2011166.0,1109.0,14455.0,14455.0,799092.0,Wellington P FC,867.0,51.86443193557604,53.49877849072818,53.49877849072818,3.653286191909963,1.0,8.560052569932033,19.84176141953007,5.0,drawing,chaotic,middle,middle,pass_interception,pass,,,0.0,5591,2011166.0,
2011166_1154_1154,,,,,,,,,,,,,,,,,,,,,,,,,5592,,no_player_id
2011166_1166_1166,2011166.0,1166.0,15315.0,15315.0,26969.0,Wellington P FC,867.0,16.75857989210303,88.45366018430215,88.45366018430215,9.255122905720915,0.0,5.17904431338447,11.720054940775347,10.0,drawing,disruption,attacking,attacking,pass_interception,pass,,,0.0,5593,2011166.0,
2011166_1184_1184,,,,,,,,,,,,,,,,,,,,,,,,,5594,,no_player_id
2011166_1236_1236,2011166.0,1236.0,16966.0,16966.0,51015.0,Wellington P FC,867.0,9.21278459533273,98.96047392772529,98.96047392772529,8.130098400388524,0.0,3.7008647638085845,16.27524482453995,0.0,drawing,disruption,attacking,attacking,recovery,pass,,,0.0,5595,2011166.0,
2011166_1385_1385,2011166.0,1385.0,19242.0,19250.0,698137.0,Wellington P FC,867.0,45.932438428631244,60.3555208742332,60.3555208742332,10.416606933162067,0.0,14.710540438746634,26.178511105821027,0.0,drawing,chaotic,middle,middle,pass_interception,pass,0.0008,0.0,0.0,5596,2011166.0,
2011166_1394_1394,2011166.0,1394.0,19282.0,19298.0,50955.0,Melbourne V FC,868.0,48.875093861802455,56.227882762913985,56.227882762913985,2.5938388538997565,1.0,4.653299904368941,22.326069218052258,4.0,drawing,chaotic,middle,middle,pass_interception,pass,0.0068,0.0,0.0,5597,2011166.0,
2011166_1398_1398,2011166.0,1398.0,19370.0,19370.0,27003.0,Wellington P FC,867.0,54.644202803225156,62.4122495989369,62.4122495989369,6.959841952228513,0.0,8.288142131985914,25.23121656202513,11.0,drawing,chaotic,middle,middle,pass_interception,pass,,,0.0,5598,2011166.0,
2011166_1465_1465,,,,,,,,,,,,,,,,,,,,,,,,,5599,,no_player_id
2011166_1472_1472,2011166.0,1472.0,21171.0,21171.0,23909.0,Wellington P FC,867.0,36.03396175831906,87.86493270924413,87.86493270924413,3.5709522539513188,1.0,8.146115638756916,20.555575997923025,10.0,drawing,chaotic,attacking,attacking,pass_interception,pass,,,0.0,5600,2011166.0,
2011166_1497_1497,,,,,,,,,,,,,,,,,,,,,,,,,5601,,no_player_id
2011166_1550_1550,,,,,,,,,,,,,,,,,,,,,,,,,5602,,no_player_id
2011166_1588_1588,2011166.0,1588.0,23230.0,23230.0,29075.0,Melbourne V FC,868.0,45.12601134600753,60.78944727499996,45.12601134600753,2.4136486902612813,1.0,9.783133444863154,22.91780105762342,1.0,drawing,chaotic,middle,middle,pass_interception,pass,,,0.0,5603,2011166.0,
2011166_1591_1591,2011166.0,1591.0,23246.0,23246.0,27003.0,Wellington P FC,867.0,41.07522854470807,64.2446449130198,41.07522854470807,6.392620745828739,0.0,2.9157846285348303,14.63538497502259,11.0,drawing,chaotic,middle,middle,pass_interception,pass,,,0.0,5604,2011166.0,
2011166_1709_1709,,,,,,,,,,,,,,,,,,,,,,,,,5605,,no_player_id
2011166_1955_1955,2011166.0,1955.0,29509.0,29509.0,957734.0,Wellington P FC,867.0,29.282820902365263,82.97278831038523,82.97278831038523,20.851882409029646,0.0,9.9545416770437,26.47753941010426,8.0,drawing,chaotic,attacking,attacking,pass_interception,pass,,,0.0,5606,2011166.0,
2011166_1971_1971,2011166.0,1971.0,30622.0,30622.0,50955.0,Melbourne V FC,868.0,48.27362426833105,72.7704802787504,72.7704802787504,1.82781290070948,2.0,7.242299358629139,30.343118107277856,4.0,winning,chaotic,middle,middle,pass_interception,pass,,,0.0,5607,2011166.0,
2011166_2099_2099,2011166.0,2099.0,41978.0,41978.0,23909.0,Wellington P FC,867.0,49.55763513324662,58.56926839222085,58.56926839222085,29.064387143031244,0.0,4.183694539518868,31.78259588531258,1.0,losing,disruption,middle,middle,pass_interception,pass,,,0.0,5608,2011166.0,
2011166_2154_2154,,,,,,,,,,,,,,,,,,,,,,,,,5609,,no_player_id
2011166_2162_2162,2011166.0,2162.0,42311.0,42311.0,957734.0,Wellington P FC,867.0,19.343342523979665,88.95597169386663,88.95597169386663,0.7130918594402874,1.0,5.376244042079933,18.646758942472303,8.0,losing,chaotic,defensive,defensive,recovery,pass,,,0.0,5610,2011166.0,
2011166_2222_2222,2011166.0,2222.0,43005.0,43005.0,26969.0,Wellington P FC,867.0,38.44557711883124,73.51912948342084,73.51912948342084,4.0547503005733905,1.0,7.413352817720196,15.912284778444798,3.0,losing,chaotic,defensive,defensive,pass_interception,pass,0.0025,0.0,0.0,5611,2011166.0,
2011166_2326_2326,,,,,,,,,,,,,,,,,,,,,,,,,5612,,no_player_id
2011166_2529_2529,2011166.0,2529.0,49017.0,49045.0,29075.0,Melbourne V FC,868.0,31.007150788164978,80.09459032918515,80.09459032918515,4.478894952999009,1.0,12.067518386147174,23.859802528057266,6.0,winning,chaotic,attacking,attacking,pass_interception,pass,0.005,0.0,0.0,5613,2011166.0,
2011166_2613_2613,,,,,,,,,,,,,,,,,,,,,,,,,5614,,no_player_id
2011166_2786_2786,2011166.0,2786.0,51685.0,51685.0,51714.0,Melbourne V FC,868.0,45.04406065176629,61.50176745427728,61.50176745427728,4.085743506389014,1.0,5.92746994931227,18.143286949228656,4.0,winning,chaotic,middle,middle,pass_interception,pass,,,0.0,5615,2011166.0,
2011166_2835_2835,2011166.0,2835.0,53506.0,53506.0,11117.0,Melbourne V FC,868.0,46.53787382337101,60.19280438723552,60.19280438723552,1.8506755523321752,1.0,5.453384270340758,19.435309783716225,2.0,winning,chaotic,middle,middle,pass_interception,pass,0.0018,0.0,0.0,5616,2011166.0,
2011166_2837_2837,2011166.0,2837.0,53528.0,53528.0,23909.0,Wellington P FC,867.0,35.710117613920005,70.13353334889095,35.710117613920005,1.8258422713914797,1.0,6.173313534885459,16.654384917897303,2.0,losing,chaotic,middle,middle,pass_interception,pass,,,0.0,5617,2011166.0,
2011166_2893_2893,2011166.0,2893.0,53870.0,53884.0,51714.0,Melbourne V FC,868.0,17.341585855970617,88.55411114115482,17.341585855970617,6.648699120880716,0.0,9.71333619309041,24.15005886430069,6.0,winning,chaotic,defensive,defensive,pass_interception,pass,0.0271,1.0,1.0,5618,2011166.0,
2011166_2919_2919,2011166.0,2919.0,53983.0,53983.0,50955.0,Melbourne V FC,868.0,29.729623273765174,77.86173964149529,29.729623273765174,1.6589454481688048,1.0,2.4809877065394748,16.192474540471604,5.0,winning,chaotic,defensive,defensive,pass_interception,pass,,,0.0,5619,2011166.0,
2011166_2935_2935,,,,,,,,,,,,,,,,,,,,,,,,,5620,,no_player_id
2011166_3122_3122,,,,,,,,,,,,,,,,,,,,,,,,,5621,,no_player_id
2011166_3208_3208,,,,,,,,,,,,,,,,,,,,,,,,,5622,,no_player_id
2011166_3334_3334,,,,,,,,,,,,,,,,,,,,,,,,,5623,,no_player_id
2011166_3336_3336,2011166.0,3336.0,60018.0,60036.0,51028.0,Wellington P FC,867.0,41.091169367639075,85.42589888318413,41.091169367639075,16.730262998530538,0.0,7.247682388184514,35.442608744563735,3.0,losing,chaotic,attacking,attacking,recovery,pass,0.0029,0.0,0.0,5624,2011166.0,
2011166_3459_3459,2011166.0,3459.0,62304.0,62304.0,11117.0,Melbourne V FC,868.0,29.36508130416124,90.25025207721029,90.25025207721029,7.328533277539238,0.0,4.174697593838386,22.813391239022835,4.0,winning,chaotic,attacking,attacking,pass_interception,pass,,,0.0,5625,2011166.0,
2011166_3483_3483,2011166.0,3483.0,63524.0,63524.0,50979.0,Melbourne V FC,868.0,45.9846670097762,68.99702602286564,45.9846670097762,2.307834482799839,1.0,3.814511764302216,20.245915424625572,7.0,winning,chaotic,middle,middle,pass_interception,pass,,,0.0,5626,2011166.0,
2011166_3519_3519,,,,,,,,,,,,,,,,,,,,,,,,,5627,,no_player_id
2011166_3649_3649,2011166.0,3649.0,64570.0,64595.0,957734.0,Wellington P FC,867.0,52.05003938519163,73.45138936739045,73.45138936739045,8.181228514104713,0.0,1.377679207943563,17.04226772191484,3.0,losing,chaotic,middle,middle,recovery,pass,0.0007,0.0,0.0,5628,2011166.0,
2011166_3824_3824,,,,,,,,,,,,,,,,,,,,,,,,,5629,,no_player_id
2011166_3834_3834,2011166.0,3834.0,68194.0,68194.0,50979.0,Melbourne V FC,868.0,59.06923141534855,59.14029168003824,59.14029168003824,3.3168961394653302,2.0,5.706356105256663,18.431394086771675,8.0,winning,chaotic,middle,middle,recovery,pass,0.0065,0.0,0.0,5630,2011166.0,
2011166_3876_3876,,,,,,,,,,,,,,,,,,,,,,,,,5631,,no_player_id
2011166_3883_3883,,,,,,,,,,,,,,,,,,,,,,,,,5632,,no_player_id
2013725_220_220,,,,,,,,,,,,,,,,,,,,,,,,,5633,,no_player_id
2013725_431_431,2013725.0,431.0,8776.0,8806.0,26844.0,Western United,1803.0,28.252097267282654,94.03872074842363,94.03872074842363,4.16289562684437,2.0,6.917586284246835,19.813847462206418,4.0,winning,chaotic,defensive,defensive,recovery,pass,0.0003,0.0,0.0,5634,2013725.0,
2013725_670_670,2013725.0,670.0,10887.0,10898.0,23883.0,Western United,1803.0,28.26008669484225,78.29771708038491,78.29771708038491,4.926662156064693,1.0,11.153205817163064,25.531090971904767,8.0,winning,chaotic,defensive,defensive,pass_interception,pass,0.0003,0.0,0.0,5635,2013725.0,
2013725_676_676,2013725.0,676.0,10949.0,10949.0,2858.0,Sydney FC,869.0,16.051423612876214,94.29076412883714,16.051423612876214,16.38711994219851,0.0,9.938053129260279,31.377517295120995,7.0,losing,chaotic,defensive,defensive,pass_interception,pass,,,0.0,5636,2013725.0,
2013725_912_912,,,,,,,,,,,,,,,,,,,,,,,,,5637,,no_player_id
2013725_969_969,2013725.0,969.0,14676.0,14676.0,795529.0,Western United,1803.0,19.28722375045201,87.88684201858659,87.88684201858659,3.843657112698791,2.0,4.0759293418802045,12.245478277608566,3.0,winning,disruption,defensive,defensive,pass_interception,pass,,,0.0,5638,2013725.0,
2013725_972_972,,,,,,,,,,,,,,,,,,,,,,,,,5639,,no_player_id
2013725_1398_1398,,,,,,,,,,,,,,,,,,,,,,,,,5640,,no_player_id
2013725_1400_1400,,,,,,,,,,,,,,,,,,,,,,,,,5641,,no_player_id
2013725_1416_1416,,,,,,,,,,,,,,,,,,,,,,,,,5642,,no_player_id
2013725_1529_1529,2013725.0,1529.0,21711.0,21711.0,133853.0,Sydney FC,869.0,22.742370149129137,84.11608288549819,84.11608288549819,5.469808040507456,0.0,3.9424104301810075,21.527602353470247,7.0,losing,disruption,attacking,attacking,recovery,pass,,,0.0,5643,2013725.0,
2013725_1574_1574,2013725.0,1574.0,21961.0,21961.0,795529.0,Western United,1803.0,41.66476208980438,76.11276108511633,76.11276108511633,5.086845781031701,0.0,6.596969000988255,16.979669785771016,3.0,winning,disruption,defensive,defensive,pass_interception,pass,,,0.0,5644,2013725.0,
2013725_1669_1669,2013725.0,1669.0,22487.0,22487.0,18573.0,Sydney FC,869.0,19.44419964925273,88.3503078659039,88.3503078659039,9.039009901532362,0.0,9.075527532876533,26.940865536584187,7.0,losing,chaotic,attacking,attacking,pass_interception,pass,,,0.0,5645,2013725.0,
2013725_1735_1735,2013725.0,1735.0,23416.0,23424.0,560917.0,Western United,1803.0,24.663791273849203,97.64938607077875,97.64938607077875,4.786083994248326,1.0,8.468158005139017,22.36862925294951,6.0,winning,disruption,defensive,defensive,pass_interception,pass,0.0002,0.0,0.0,5646,2013725.0,
2013725_2044_2044,2013725.0,2044.0,26752.0,26752.0,18573.0,Sydney FC,869.0,52.27449186744908,53.26933921121981,53.26933921121981,17.489268137918177,0.0,18.826749586691804,30.519461091930932,4.0,losing,chaotic,middle,middle,pass_interception,pass,0.0024,0.0,0.0,5647,2013725.0,
2013725_2048_2048,2013725.0,2048.0,26803.0,26803.0,795527.0,Western United,1803.0,50.04298652158961,55.07722305999096,55.07722305999096,3.954263521820466,1.0,8.05354580293674,14.546449980237787,4.0,winning,chaotic,middle,middle,pass_interception,pass,,,0.0,5648,2013725.0,
2013725_2129_2129,,,,,,,,,,,,,,,,,,,,,,,,,5649,,no_player_id
2013725_2349_2349,2013725.0,2349.0,30861.0,30861.0,2858.0,Sydney FC,869.0,38.40460519260679,75.59638681841878,38.40460519260679,5.980677219178445,0.0,8.987302153594259,22.470907486676968,8.0,losing,chaotic,defensive,defensive,recovery,pass,,,0.0,5650,2013725.0,
2013725_2436_2436,2013725.0,2436.0,31339.0,31339.0,795529.0,Western United,1803.0,49.60103224732324,57.77596732206221,49.60103224732324,12.111486283689546,0.0,1.5901257811883946,21.561643111409683,0.0,winning,chaotic,middle,middle,pass_interception,pass,,,0.0,5651,2013725.0,
2013725_2560_2560,2013725.0,2560.0,42021.0,42049.0,795529.0,Western United,1803.0,27.57592065552844,82.9574071436662,82.9574071436662,3.19377519559533,1.0,6.834573871134908,11.833340031099475,7.0,winning,chaotic,attacking,attacking,pass_interception,pass,0.005,0.0,0.0,5652,2013725.0,
2013725_2565_2565,2013725.0,2565.0,42069.0,42069.0,133853.0,Sydney FC,869.0,24.099796679640267,91.73821559197673,24.099796679640267,2.820567318820808,1.0,8.848434889854817,21.001406033626324,2.0,losing,chaotic,attacking,attacking,pass_interception,pass,0.0165,0.0,0.0,5653,2013725.0,
2013725_2570_2570,2013725.0,2570.0,42096.0,42096.0,560916.0,Western United,1803.0,36.79523066920494,75.40682329869094,75.40682329869094,2.7167075661542963,2.0,8.126899777898089,12.943426092483529,6.0,winning,chaotic,attacking,attacking,pass_interception,pass,,,0.0,5654,2013725.0,
2013725_2572_2572,2013725.0,2572.0,42113.0,42177.0,133853.0,Sydney FC,869.0,27.552076146816958,83.54230604909108,27.552076146816958,1.7415223225672403,1.0,6.872735990855458,18.239988609417715,5.0,losing,low_block,attacking,attacking,pass_interception,pass,0.0114,0.0,0.0,5655,2013725.0,
2013725_2618_2618,2013725.0,2618.0,42761.0,42785.0,133853.0,Sydney FC,869.0,32.50400744523666,74.34655674609282,74.34655674609282,5.751252037600161,0.0,3.3735589516117845,20.248055266035248,2.0,losing,chaotic,defensive,defensive,pass_interception,pass,0.0098,0.0,0.0,5656,2013725.0,
2013725_2659_2659,2013725.0,2659.0,43429.0,43429.0,26844.0,Western United,1803.0,51.84498143504345,71.22852027102627,51.84498143504345,3.4968700290402555,2.0,9.944817745941853,18.11318016093344,7.0,winning,chaotic,middle,middle,pass_interception,pass,0.0064,0.0,0.0,5657,2013725.0,
2013725_2672_2672,2013725.0,2672.0,43514.0,43518.0,795527.0,Western United,1803.0,50.57453311697499,55.80576493517493,50.57453311697499,6.104629390880334,0.0,12.378279363465666,24.419665902559895,4.0,winning,defending_direct,middle,middle,pass_interception,pass,0.0027,0.0,0.0,5658,2013725.0,
2013725_2855_2855,2013725.0,2855.0,45513.0,45513.0,795527.0,Western United,1803.0,37.340012051417446,82.077259335336,82.077259335336,1.8753666308218215,1.0,3.7165171868296265,16.12765732293996,3.0,winning,disruption,attacking,attacking,pass_interception,pass,,,0.0,5659,2013725.0,
2013725_2857_2857,2013725.0,2857.0,45524.0,45539.0,133853.0,Sydney FC,869.0,23.135360381891612,83.11886007399283,23.135360381891612,6.945451749166501,0.0,6.12562649857139,22.594991845192055,5.0,losing,chaotic,attacking,attacking,pass_interception,pass,0.0688,1.0,0.0,5660,2013725.0,
2013725_2866_2866,2013725.0,2866.0,45554.0,45554.0,795527.0,Western United,1803.0,31.066486766288847,87.48500785848967,87.48500785848967,0.6621933252457332,1.0,3.5217183305880666,15.375172251004457,3.0,winning,chaotic,attacking,attacking,pass_interception,pass,,,0.0,5661,2013725.0,
2013725_2978_2978,,,,,,,,,,,,,,,,,,,,,,,,,5662,,no_player_id
2013725_2980_2980,,,,,,,,,,,,,,,,,,,,,,,,,5663,,no_player_id
2013725_3013_3013,2013725.0,3013.0,47530.0,47530.0,795544.0,Sydney FC,869.0,30.427881950605762,74.72386499639858,74.72386499639858,4.193006081560101,1.0,10.282509421342633,26.387010955186202,9.0,losing,chaotic,defensive,defensive,pass_interception,pass,,,0.0,5664,2013725.0,
2013725_3103_3103,2013725.0,3103.0,48143.0,48143.0,795527.0,Western United,1803.0,40.777503601863614,80.29075164674946,40.777503601863614,0.6428841264178152,1.0,7.1621505150338765,20.82169234450085,6.0,winning,defending_direct,defensive,defensive,pass_interception,pass,,,0.0,5665,2013725.0,
2013725_3104_3104,2013725.0,3104.0,48187.0,48187.0,51045.0,Sydney FC,869.0,49.71808222367391,69.9963406186352,69.9963406186352,1.6743058263053388,1.0,2.253197727675048,27.73398201330525,6.0,losing,chaotic,middle,middle,pass_interception,pass,,,0.0,5666,2013725.0,
2013725_3123_3123,2013725.0,3123.0,49241.0,49241.0,795529.0,Western United,1803.0,48.015202800779676,60.42813665834815,48.015202800779676,4.786198909364298,1.0,4.8956000653648175,16.801547002373553,7.0,winning,chaotic,middle,middle,recovery,pass,,,0.0,5667,2013725.0,
2013725_3216_3216,,,,,,,,,,,,,,,,,,,,,,,,,5668,,no_player_id
2013725_3253_3253,,,,,,,,,,,,,,,,,,,,,,,,,5669,,no_player_id
2013725_3414_3414,2013725.0,3414.0,53546.0,53546.0,957737.0,Western United,1803.0,32.31613993038154,83.18733617564635,83.18733617564635,2.1927608168699124,1.0,9.731664811325965,25.393844003070285,0.0,winning,chaotic,attacking,attacking,pass_interception,pass,,,0.0,5670,2013725.0,
2013725_3416_3416,2013725.0,3416.0,53598.0,53608.0,133854.0,Sydney FC,869.0,20.621748228508658,88.92444264655246,20.621748228508658,1.7098830369355673,3.0,0.9276313923105488,19.973249517642042,2.0,losing,chaotic,attacking,attacking,recovery,pass,0.1172,1.0,3.0,5671,2013725.0,
2013725_3423_3423,2013725.0,3423.0,53617.0,53658.0,560916.0,Western United,1803.0,48.936555865732934,60.48955694993971,60.48955694993971,5.782750210756125,0.0,3.844190421922411,20.675109394684096,6.0,winning,high_block,middle,middle,recovery,pass,0.002,0.0,0.0,5672,2013725.0,
2013725_3429_3429,2013725.0,3429.0,53679.0,53679.0,51644.0,Sydney FC,869.0,38.896592395735645,80.39057718414516,38.896592395735645,7.5896574362747105,0.0,11.179302303811271,25.36223918913663,8.0,losing,chaotic,attacking,attacking,pass_interception,pass,,,0.0,5673,2013725.0,
2013725_3431_3431,2013725.0,3431.0,53696.0,53696.0,51675.0,Western United,1803.0,26.978558152725657,86.31304999824765,86.31304999824765,3.61610287464281,1.0,7.950503128733423,17.35984886120884,2.0,winning,chaotic,attacking,attacking,pass_interception,pass,,,0.0,5674,2013725.0,
2013725_3453_3453,,,,,,,,,,,,,,,,,,,,,,,,,5675,,no_player_id
2013725_3503_3503,,,,,,,,,,,,,,,,,,,,,,,,,5676,,no_player_id
2013725_3506_3506,2013725.0,3506.0,54071.0,54071.0,133854.0,Sydney FC,869.0,34.141407410943096,70.86067809441285,34.141407410943096,1.1119802156513385,2.0,6.527059062089142,20.088874414273633,1.0,losing,chaotic,attacking,attacking,recovery,pass,,,0.0,5677,2013725.0,
2013725_3664_3664,2013725.0,3664.0,55459.0,55475.0,51000.0,Sydney FC,869.0,46.391388209451115,60.23670724732553,46.391388209451115,7.6005920821999124,0.0,11.789868531921803,30.73084795350151,7.0,losing,chaotic,middle,middle,pass_interception,pass,0.0249,1.0,1.0,5678,2013725.0,
2013725_3673_3673,2013725.0,3673.0,55495.0,55495.0,560916.0,Western United,1803.0,45.63433904418908,59.426365360839625,59.426365360839625,3.508532456740282,1.0,11.016356021843157,16.466761803599663,6.0,winning,chaotic,middle,middle,pass_interception,pass,,,0.0,5679,2013725.0,
2013725_3770_3770,2013725.0,3770.0,56378.0,56416.0,133854.0,Sydney FC,869.0,37.36082707863947,69.7949238841909,69.7949238841909,8.623375209278558,0.0,8.809687849180582,20.87016625209475,1.0,losing,defending_transition,middle,middle,pass_interception,pass,0.0121,0.0,0.0,5680,2013725.0,
2013725_3911_3911,,,,,,,,,,,,,,,,,,,,,,,,,5681,,no_player_id
2013725_3938_3938,,,,,,,,,,,,,,,,,,,,,,,,,5682,,no_player_id
2013725_3963_3963,2013725.0,3963.0,58104.0,58148.0,26844.0,Western United,1803.0,52.91610907842715,64.29319248567457,52.91610907842715,4.139975845340165,1.0,8.170734361120793,22.72407715963203,7.0,winning,defending_direct,middle,middle,recovery,pass,0.0018,0.0,0.0,5683,2013725.0,
2013725_3971_3971,2013725.0,3971.0,58175.0,58175.0,51000.0,Sydney FC,869.0,39.37357743461978,65.98316906605804,39.37357743461978,5.724962881975743,0.0,19.07138694484489,28.035788699986707,7.0,losing,chaotic,middle,middle,pass_interception,pass,,,0.0,5684,2013725.0,
2013725_4000_4000,2013725.0,4000.0,58349.0,58362.0,560917.0,Western United,1803.0,49.31877228804464,56.68810545431907,56.68810545431907,2.65452443951831,2.0,2.1280977421161844,11.151787812568019,3.0,winning,chaotic,middle,middle,recovery,pass,0.0047,0.0,0.0,5685,2013725.0,
2013725_4030_4030,,,,,,,,,,,,,,,,,,,,,,,,,5686,,no_player_id
2013725_4035_4035,2013725.0,4035.0,59132.0,59140.0,25534.0,Sydney FC,869.0,53.68302618146634,58.780671142817006,53.68302618146634,3.4740466318113827,2.0,3.9454910974427495,16.71817357446576,3.0,losing,chaotic,middle,middle,recovery,pass,0.0039,0.0,0.0,5687,2013725.0,
2013725_4040_4040,2013725.0,4040.0,59147.0,59147.0,818554.0,Western United,1803.0,48.90435154462229,66.70558897123988,48.90435154462229,2.4734186867572587,2.0,4.1743262929483596,14.651973429354323,7.0,winning,chaotic,middle,middle,pass_interception,pass,0.0143,0.0,0.0,5688,2013725.0,
2013725_4173_4173,2013725.0,4173.0,60054.0,60062.0,133854.0,Sydney FC,869.0,15.792925631433842,90.43791516836286,15.792925631433842,2.11028434103085,2.0,8.19129415904471,17.350012912206985,2.0,losing,chaotic,attacking,attacking,recovery,pass,0.047,1.0,3.0,5689,2013725.0,
2013725_4198_4198,2013725.0,4198.0,60453.0,60453.0,133854.0,Sydney FC,869.0,49.381020645588116,61.74046647054102,49.381020645588116,7.9856433679447525,0.0,10.39227116659299,23.850157513887883,1.0,losing,defending_direct,middle,middle,pass_interception,pass,0.0025,0.0,0.0,5690,2013725.0,
2013725_4204_4204,2013725.0,4204.0,60487.0,60487.0,51675.0,Western United,1803.0,54.63636334896385,61.35333894744442,54.63636334896385,2.4792942544199947,1.0,12.12693695868829,19.128446618750036,3.0,winning,chaotic,middle,middle,recovery,pass,,,0.0,5691,2013725.0,
2013725_4209_4209,2013725.0,4209.0,60583.0,60583.0,818284.0,Western United,1803.0,52.85915247145001,67.32674060133908,52.85915247145001,1.8600000000000012,3.0,5.136535797597439,14.920586564367072,5.0,winning,chaotic,middle,middle,pass_interception,pass,,,0.0,5692,2013725.0,
2013725_4220_4220,2013725.0,4220.0,60643.0,60643.0,809670.0,Western United,1803.0,47.83915760127889,65.11132773949552,47.83915760127889,2.0056420418409644,1.0,4.768731487513215,11.292169469813397,3.0,winning,chaotic,middle,middle,pass_interception,pass,,,0.0,5693,2013725.0,
2013725_4222_4222,2013725.0,4222.0,60659.0,60659.0,133854.0,Sydney FC,869.0,50.47575358526112,61.12611307780006,50.47575358526112,1.9804039991880462,2.0,7.1719802007534845,20.871547700126417,1.0,losing,chaotic,middle,middle,pass_interception,pass,,,0.0,5694,2013725.0,
2013725_4285_4285,,,,,,,,,,,,,,,,,,,,,,,,,5695,,no_player_id
2013725_4321_4321,,,,,,,,,,,,,,,,,,,,,,,,,5696,,no_player_id
2013725_4388_4388,,,,,,,,,,,,,,,,,,,,,,,,,5697,,no_player_id
2013725_4390_4390,,,,,,,,,,,,,,,,,,,,,,,,,5698,,no_player_id
2013725_4498_4498,2013725.0,4498.0,63712.0,63712.0,818284.0,Western United,1803.0,38.86558632003382,66.97935353524996,66.97935353524996,4.5040981339220405,2.0,12.199844261301044,18.15930861724714,8.0,winning,defending_direct,middle,middle,pass_interception,pass,,,0.0,5699,2013725.0,
2013725_4523_4523,2013725.0,4523.0,63874.0,63874.0,560916.0,Western United,1803.0,46.342331620236806,59.24957130646601,59.24957130646601,8.730280636955492,0.0,9.875854393418324,17.396537820082493,8.0,winning,defending_direct,middle,middle,pass_interception,pass,,,0.0,5700,2013725.0,
2013725_4568_4568,2013725.0,4568.0,65150.0,65195.0,2858.0,Sydney FC,869.0,35.53203202745376,70.89235008095021,70.89235008095021,5.843372313998141,0.0,1.6673931749890312,26.727501935037726,2.0,losing,high_block,defensive,defensive,recovery,pass,0.0026,0.0,0.0,5701,2013725.0,
2013725_4630_4630,,,,,,,,,,,,,,,,,,,,,,,,,5702,,no_player_id
2013725_4646_4646,2013725.0,4646.0,66678.0,66726.0,25534.0,Sydney FC,869.0,23.71855813492886,95.1134585639698,95.1134585639698,4.7217793256356195,1.0,13.421363567089596,24.556475113902263,4.0,losing,high_block,defensive,defensive,recovery,pass,0.0007,0.0,0.0,5703,2013725.0,
2013725_4653_4653,2013725.0,4653.0,66788.0,66788.0,560916.0,Western United,1803.0,36.64764658201124,69.94319123402936,36.64764658201124,5.5839502146777775,0.0,7.9302774226378725,25.18996388086999,9.0,winning,defending_direct,middle,middle,recovery,pass,,,0.0,5704,2013725.0,
2013725_4655_4655,2013725.0,4655.0,66846.0,66846.0,25534.0,Sydney FC,869.0,54.4970549663007,67.0882180416204,54.4970549663007,10.098024559288811,0.0,13.179836873042095,34.8712187360894,2.0,losing,chaotic,middle,middle,recovery,pass,0.0021,0.0,0.0,5705,2013725.0,
2013725_4768_4768,,,,,,,,,,,,,,,,,,,,,,,,,5706,,no_player_id
2013725_4797_4797,,,,,,,,,,,,,,,,,,,,,,,,,5707,,no_player_id
2013725_4820_4820,2013725.0,4820.0,68630.0,68656.0,818284.0,Western United,1803.0,26.913093467678515,87.30873152211066,87.30873152211066,4.915384013482568,1.0,4.0572034703721735,14.196106202900703,8.0,winning,disruption,attacking,attacking,recovery,pass,0.0075,0.0,0.0,5708,2013725.0,
2013725_4875_4875,,,,,,,,,,,,,,,,,,,,,,,,,5709,,no_player_id
2013725_4936_4936,,,,,,,,,,,,,,,,,,,,,,,,,5710,,no_player_id
2015213_44_44,2015213.0,44.0,3098.0,3098.0,23418.0,Auckland FC,4177.0,43.75697430124711,61.81806208544554,43.75697430124711,2.458373446000424,1.0,9.202809353670215,15.721529725298256,3.0,drawing,chaotic,middle,middle,pass_interception,pass,0.0015,0.0,0.0,5711,2015213.0,
2015213_206_206,2015213.0,206.0,4480.0,4480.0,51675.0,Western United,1803.0,34.50299262382902,75.61783189169074,34.50299262382902,7.727852224259984,0.0,8.18413098624405,22.75466759661551,7.0,drawing,chaotic,attacking,attacking,pass_interception,pass,0.0047,0.0,0.0,5712,2015213.0,
2015213_211_211,2015213.0,211.0,4512.0,4512.0,582974.0,Auckland FC,4177.0,49.08225341200219,58.383795697093895,58.383795697093895,5.412079082940308,0.0,27.977464145272354,33.8968871486229,6.0,drawing,chaotic,middle,middle,recovery,pass,,,0.0,5713,2015213.0,
2015213_212_212,,,,,,,,,,,,,,,,,,,,,,,,,5714,,no_player_id
2015213_214_214,2015213.0,214.0,4545.0,4562.0,133501.0,Auckland FC,4177.0,50.56370239608646,65.18656303257598,65.18656303257598,3.1146428366668317,1.0,10.698644773988901,21.132949363084776,5.0,drawing,chaotic,middle,middle,pass_interception,pass,0.0103,0.0,0.0,5715,2015213.0,
2015213_243_243,2015213.0,243.0,4688.0,4709.0,133501.0,Auckland FC,4177.0,44.475199830917006,77.97014428613045,77.97014428613045,7.8800063451751114,0.0,8.581468405814938,21.44430574116206,4.0,drawing,chaotic,attacking,attacking,pass_interception,pass,0.0001,0.0,0.0,5716,2015213.0,
2015213_247_247,2015213.0,247.0,4755.0,4755.0,795529.0,Western United,1803.0,19.490338632255728,86.8140155735236,19.490338632255728,1.301729618622855,1.0,8.930761445699913,23.706234808110654,2.0,drawing,chaotic,attacking,attacking,pass_interception,pass,,,0.0,5717,2015213.0,
2015213_347_347,2015213.0,347.0,5230.0,5230.0,38673.0,Auckland FC,4177.0,34.18026477369653,72.64977976566756,72.64977976566756,4.713013897709193,1.0,12.284433238859657,19.386448382612603,7.0,drawing,disruption,attacking,attacking,pass_interception,pass,,,0.0,5718,2015213.0,
2015213_349_349,,,,,,,,,,,,,,,,,,,,,,,,,5719,,no_player_id
2015213_351_351,2015213.0,351.0,5258.0,5268.0,4322.0,Auckland FC,4177.0,21.49107954477857,93.0831160844973,93.0831160844973,3.458626895170972,1.0,4.8030094732365445,12.694570092817827,2.0,drawing,chaotic,attacking,attacking,recovery,pass,0.0002,0.0,0.0,5720,2015213.0,
2015213_525_525,,,,,,,,,,,,,,,,,,,,,,,,,5721,,no_player_id
2015213_671_671,2015213.0,671.0,8447.0,8462.0,582974.0,Auckland FC,4177.0,58.11607436845679,60.61004949676249,60.61004949676249,2.159467526961219,1.0,21.56955725090341,37.6957204344544,4.0,drawing,defending_transition,middle,middle,pass_interception,pass,0.0035,0.0,0.0,5722,2015213.0,
2015213_835_835,2015213.0,835.0,10598.0,10598.0,38673.0,Auckland FC,4177.0,35.88026895105442,72.84774327321334,72.84774327321334,4.645018837421438,1.0,9.516811440813568,14.939053601299232,6.0,drawing,disruption,attacking,attacking,pass_interception,pass,,,0.0,5723,2015213.0,
2015213_895_895,2015213.0,895.0,11276.0,11276.0,23883.0,Western United,1803.0,40.196075679100815,76.79599273399621,76.79599273399621,1.9500000000000008,1.0,6.335937184032051,19.325355934709854,11.0,drawing,chaotic,defensive,defensive,recovery,pass,0.0003,0.0,0.0,5724,2015213.0,
2015213_900_900,,,,,,,,,,,,,,,,,,,,,,,,,5725,,no_player_id
2015213_902_902,2015213.0,902.0,11328.0,11367.0,26844.0,Western United,1803.0,52.66765990624607,64.82192838847051,64.82192838847051,4.665029474719318,1.0,6.709224992500999,24.142614357494544,2.0,drawing,chaotic,middle,middle,recovery,pass,0.0003,0.0,0.0,5726,2015213.0,
2015213_975_975,2015213.0,975.0,12160.0,12169.0,560916.0,Western United,1803.0,41.38879075305293,65.79993920969837,65.79993920969837,2.8849956672411143,1.0,10.200401952864405,22.74090703340458,2.0,drawing,disruption,middle,middle,pass_interception,pass,0.0016,0.0,0.0,5727,2015213.0,
2015213_1255_1255,2015213.0,1255.0,16372.0,16372.0,26844.0,Western United,1803.0,52.326682486089254,64.07169187714649,52.326682486089254,2.5059928172283343,1.0,9.29456830627437,23.701498093798683,5.0,winning,chaotic,middle,middle,pass_interception,pass,,,0.0,5728,2015213.0,
2015213_1277_1277,2015213.0,1277.0,16831.0,16831.0,957737.0,Western United,1803.0,26.609178867450982,90.6744087380778,90.6744087380778,2.060218435020909,1.0,4.568073992395483,21.65093784737418,11.0,winning,chaotic,defensive,defensive,recovery,pass,,,0.0,5729,2015213.0,
2015213_1280_1280,2015213.0,1280.0,16871.0,16871.0,133501.0,Auckland FC,4177.0,27.689183808844927,89.24959887865043,27.689183808844927,1.6735889578985659,3.0,2.5932604959779875,14.526467739603797,4.0,losing,chaotic,defensive,defensive,recovery,pass,,,0.0,5730,2015213.0,
2015213_1283_1283,,,,,,,,,,,,,,,,,,,,,,,,,5731,,no_player_id
2015213_1318_1318,2015213.0,1318.0,18025.0,18025.0,26844.0,Western United,1803.0,43.2924127301771,80.93783416919432,80.93783416919432,1.6007810593582101,1.0,4.631684358848299,20.408463965130903,5.0,winning,chaotic,defensive,defensive,pass_interception,pass,,,0.0,5732,2015213.0,
2015213_1357_1357,2015213.0,1357.0,18374.0,18374.0,33697.0,Auckland FC,4177.0,49.216156899944956,56.17054477214904,49.216156899944956,4.441103466482176,2.0,4.547801666739656,14.039698440156615,2.0,losing,chaotic,middle,middle,pass_interception,pass,,,0.0,5733,2015213.0,
2015213_1360_1360,2015213.0,1360.0,18386.0,18422.0,795527.0,Western United,1803.0,41.433633680863664,64.24598041901143,41.433633680863664,1.0959014554237991,1.0,5.7138603413104185,23.879494227651453,2.0,winning,chaotic,middle,middle,pass_interception,pass,0.018,0.0,0.0,5734,2015213.0,
2015213_1374_1374,,,,,,,,,,,,,,,,,,,,,,,,,5735,,no_player_id
2015213_1550_1550,2015213.0,1550.0,20566.0,20566.0,51008.0,Western United,1803.0,40.30305695601762,71.19224957816687,40.30305695601762,2.9065787448476246,1.0,8.351011914732252,19.65313389332281,10.0,winning,defending_set_play,middle,middle,pass_interception,pass,0.0041,0.0,0.0,5736,2015213.0,
2015213_1609_1609,2015213.0,1609.0,21681.0,21681.0,582974.0,Auckland FC,4177.0,26.831600772223787,81.52382964507984,81.52382964507984,5.703753150338819,0.0,17.378288178068633,22.212383247030527,7.0,losing,disruption,attacking,attacking,pass_interception,pass,0.0005,0.0,0.0,5737,2015213.0,
2015213_1612_1612,2015213.0,1612.0,21727.0,21727.0,23883.0,Western United,1803.0,20.117460078250435,93.05811195161871,20.117460078250435,7.358940141080103,0.0,6.712771409782996,20.632538299149157,1.0,winning,defending_set_play,attacking,attacking,recovery,pass,0.015,0.0,0.0,5738,2015213.0,
2015213_1615_1615,2015213.0,1615.0,21762.0,21810.0,163972.0,Auckland FC,4177.0,31.146224490297374,76.19965419869042,76.19965419869042,7.119978932553099,0.0,6.645487190567746,14.170022522851804,6.0,losing,high_block,attacking,attacking,recovery,pass,0.0006,0.0,0.0,5739,2015213.0,
2015213_1838_1838,2015213.0,1838.0,23632.0,23632.0,560917.0,Western United,1803.0,40.02726320896796,77.0900888571287,40.02726320896796,10.187217480745174,0.0,9.930609246164106,22.77448948672654,7.0,winning,chaotic,attacking,attacking,pass_interception,pass,,,0.0,5740,2015213.0,
2015213_1841_1841,2015213.0,1841.0,23654.0,23654.0,38673.0,Auckland FC,4177.0,44.416705190727505,61.403938798744825,61.403938798744825,9.774456506629923,0.0,11.284768495631623,22.412750212672623,6.0,losing,chaotic,middle,middle,pass_interception,pass,,,0.0,5741,2015213.0,
2015213_1971_1971,2015213.0,1971.0,24346.0,24346.0,560916.0,Western United,1803.0,33.71269790449883,77.59604371358118,77.59604371358118,1.9293781381574726,1.0,10.08766573593713,23.011927832489995,2.0,winning,chaotic,defensive,defensive,recovery,pass,,,0.0,5742,2015213.0,
2015213_2043_2043,2015213.0,2043.0,25192.0,25197.0,795527.0,Western United,1803.0,42.79797425112549,64.82720570871462,64.82720570871462,1.2306502346320842,1.0,11.361905650021919,25.034340943330026,6.0,winning,chaotic,middle,middle,recovery,pass,0.0015,0.0,0.0,5743,2015213.0,
2015213_2185_2185,,,,,,,,,,,,,,,,,,,,,,,,,5744,,no_player_id
2015213_2187_2187,2015213.0,2187.0,27008.0,27056.0,23922.0,Western United,1803.0,56.77277692697443,61.239270080561866,56.77277692697443,4.802041232642636,1.0,3.5723941551850062,20.618701756169244,8.0,winning,medium_block,middle,middle,recovery,pass,0.0011,0.0,0.0,5745,2015213.0,
2015213_2201_2201,2015213.0,2201.0,27065.0,27077.0,23418.0,Auckland FC,4177.0,50.74222107870328,61.602540532026765,61.602540532026765,6.484720502843589,0.0,7.2993766857177595,14.510791262842408,3.0,losing,chaotic,middle,middle,pass_interception,pass,0.0025,0.0,0.0,5746,2015213.0,
2015213_2383_2383,,,,,,,,,,,,,,,,,,,,,,,,,5747,,no_player_id
2015213_2392_2392,2015213.0,2392.0,29477.0,29477.0,795527.0,Western United,1803.0,54.08087739672869,56.67840241220636,54.08087739672869,7.352720584926372,0.0,2.10440015206234,15.66548561010721,6.0,winning,chaotic,middle,middle,pass_interception,pass,0.0025,0.0,0.0,5748,2015213.0,
2015213_2394_2394,2015213.0,2394.0,29486.0,29486.0,38673.0,Auckland FC,4177.0,50.293117819439274,60.02081055767241,50.293117819439274,2.18837839506791,3.0,4.5663333211669945,13.047253695405079,6.0,losing,chaotic,middle,middle,pass_interception,pass,,,0.0,5749,2015213.0,
2015213_2396_2396,2015213.0,2396.0,29522.0,29522.0,795527.0,Western United,1803.0,50.37092216745689,54.707675878253134,54.707675878253134,10.85125338382622,0.0,1.3934489585198306,20.73480444814554,6.0,winning,chaotic,middle,middle,recovery,pass,,,0.0,5750,2015213.0,
2015213_2455_2455,2015213.0,2455.0,30383.0,30383.0,133501.0,Auckland FC,4177.0,35.676094236897626,79.33400090755539,79.33400090755539,13.641847382227965,0.0,9.078793972769729,19.071160330667926,6.0,losing,chaotic,attacking,attacking,pass_interception,pass,,,0.0,5751,2015213.0,
2015213_2456_2456,2015213.0,2456.0,30396.0,30411.0,795529.0,Western United,1803.0,18.62711196079521,86.62429970856907,18.62711196079521,1.6580108564180163,5.0,5.5437893177861675,19.892901460469655,5.0,winning,chaotic,attacking,attacking,pass_interception,pass,0.0259,1.0,2.0,5752,2015213.0,
2015213_2540_2540,2015213.0,2540.0,40920.0,40920.0,163972.0,Auckland FC,4177.0,30.165311203433657,80.2579964863315,30.165311203433657,3.349701479236621,4.0,5.78262915981995,17.153807078860613,1.0,losing,chaotic,attacking,attacking,pass_interception,pass,0.0428,1.0,0.0,5753,2015213.0,
2015213_2547_2547,2015213.0,2547.0,40929.0,40929.0,560916.0,Western United,1803.0,52.31782201124202,59.703890158012314,59.703890158012314,5.647831442244007,0.0,8.63423997813357,25.13412519104325,10.0,winning,chaotic,middle,middle,pass_interception,pass,0.0026,0.0,0.0,5754,2015213.0,
2015213_2607_2607,2015213.0,2607.0,41671.0,41671.0,26844.0,Western United,1803.0,59.969133727276734,60.091571788396415,60.091571788396415,2.709464891819048,1.0,10.848078170809796,27.136707024682703,8.0,winning,chaotic,middle,middle,pass_interception,pass,,,0.0,5755,2015213.0,
2015213_2609_2609,2015213.0,2609.0,41690.0,41702.0,43829.0,Auckland FC,4177.0,43.10801549596084,76.65246897523915,43.10801549596084,6.096064304122784,0.0,9.562117966224845,23.82368218463472,2.0,losing,chaotic,attacking,attacking,pass_interception,pass,0.0082,0.0,0.0,5756,2015213.0,
2015213_2614_2614,2015213.0,2614.0,41715.0,41715.0,26844.0,Western United,1803.0,51.5189848502472,68.69138082758273,68.69138082758273,4.857211133973898,1.0,5.040089284923433,20.679261754004386,7.0,winning,chaotic,middle,middle,recovery,pass,,,0.0,5757,2015213.0,
2015213_2844_2844,2015213.0,2844.0,44270.0,44270.0,43829.0,Auckland FC,4177.0,49.66250597785013,63.86833722588995,49.66250597785013,2.1945614596087313,2.0,4.312134042443485,17.634816062189163,3.0,losing,chaotic,middle,middle,recovery,pass,,,0.0,5758,2015213.0,
2015213_2846_2846,2015213.0,2846.0,44275.0,44275.0,51675.0,Western United,1803.0,40.14438939627803,66.27195485271277,66.27195485271277,5.782058456985713,0.0,6.751784949181956,20.5653806485849,4.0,winning,chaotic,middle,middle,pass_interception,pass,,,0.0,5759,2015213.0,
2015213_3026_3026,2015213.0,3026.0,46637.0,46637.0,809670.0,Western United,1803.0,47.24760840508226,62.02609531479472,62.02609531479472,2.1305398376937252,1.0,3.896216113102558,14.838714326561957,6.0,winning,chaotic,middle,middle,recovery,pass,0.0246,1.0,0.0,5760,2015213.0,
2015213_3067_3067,,,,,,,,,,,,,,,,,,,,,,,,,5761,,no_player_id
2015213_3087_3087,,,,,,,,,,,,,,,,,,,,,,,,,5762,,no_player_id
2015213_3210_3210,2015213.0,3210.0,49515.0,49515.0,795527.0,Western United,1803.0,43.29362308700902,63.6556187622114,63.6556187622114,4.81505970887174,1.0,2.6961639416029586,15.609998250049388,7.0,winning,chaotic,middle,middle,pass_interception,pass,,,0.0,5763,2015213.0,
2015213_3212_3212,2015213.0,3212.0,49529.0,49529.0,133501.0,Auckland FC,4177.0,33.95216193410959,75.24260295869621,33.95216193410959,3.9180735062017393,2.0,7.547085530189784,15.027684506753312,2.0,losing,chaotic,attacking,attacking,pass_interception,pass,,,0.0,5764,2015213.0,
2015213_3223_3223,,,,,,,,,,,,,,,,,,,,,,,,,5765,,no_player_id
2015213_3245_3245,2015213.0,3245.0,51595.0,51595.0,51675.0,Western United,1803.0,47.81911437908485,67.78324055398946,47.81911437908485,2.062425756239481,2.0,4.134948609112333,19.715368050813478,3.0,winning,chaotic,middle,middle,pass_interception,pass,0.001,0.0,0.0,5766,2015213.0,
2015213_3414_3414,2015213.0,3414.0,53574.0,53574.0,133501.0,Auckland FC,4177.0,17.70675012530532,97.27912931353775,97.27912931353775,5.175915377979047,0.0,5.746555490030531,19.87360030237972,4.0,losing,disruption,defensive,defensive,pass_interception,pass,,,0.0,5767,2015213.0,
2015213_3570_3570,2015213.0,3570.0,55201.0,55201.0,809670.0,Western United,1803.0,29.976153856023625,78.18484379980559,78.18484379980559,7.7440041322303035,0.0,6.1576943737083925,28.709735473849392,4.0,winning,chaotic,attacking,attacking,pass_interception,pass,,,0.0,5768,2015213.0,
2015213_3777_3777,2015213.0,3777.0,58056.0,58056.0,818284.0,Western United,1803.0,53.61857327456597,61.5162693927387,53.61857327456597,4.7774470169746515,1.0,4.0544543405987445,22.305910961532984,9.0,winning,chaotic,middle,middle,recovery,pass,,,0.0,5769,2015213.0,
2015213_3778_3778,2015213.0,3778.0,58083.0,58083.0,38673.0,Auckland FC,4177.0,54.8824024619914,57.84443015537451,54.8824024619914,1.1737972567696677,2.0,5.634483117376428,15.339401825776907,4.0,losing,chaotic,middle,middle,pass_interception,pass,,,0.0,5770,2015213.0,
2015213_3844_3844,2015213.0,3844.0,59147.0,59147.0,795527.0,Western United,1803.0,53.46235497992957,55.4862451423774,53.46235497992957,9.196010004344274,0.0,10.64370706098209,24.50348862094163,7.0,winning,chaotic,middle,middle,pass_interception,pass,,,0.0,5771,2015213.0,
2015213_3845_3845,2015213.0,3845.0,59168.0,59168.0,43829.0,Auckland FC,4177.0,51.58264921463418,60.32718872946094,51.58264921463418,3.239459831515124,1.0,7.404302803100371,25.066096317769414,3.0,losing,chaotic,middle,middle,pass_interception,pass,,,0.0,5772,2015213.0,
2015213_3898_3898,2015213.0,3898.0,60476.0,60490.0,795527.0,Western United,1803.0,45.43856181702938,76.13384858261139,76.13384858261139,0.22022715545545132,1.0,2.050390206765531,20.48765836066851,7.0,winning,chaotic,attacking,attacking,pass_interception,pass,0.0002,0.0,0.0,5773,2015213.0,
2015213_3908_3908,2015213.0,3908.0,60965.0,60965.0,23883.0,Western United,1803.0,31.17273167369199,80.38121173508148,80.38121173508148,2.2681490250863128,1.0,13.804644146083593,26.838285958747964,1.0,winning,chaotic,attacking,attacking,pass_interception,pass,,,0.0,5774,2015213.0,
2015213_3925_3925,,,,,,,,,,,,,,,,,,,,,,,,,5775,,no_player_id
2015213_3949_3949,2015213.0,3949.0,61235.0,61235.0,560916.0,Western United,1803.0,35.298675612549545,74.42040378820852,74.42040378820852,5.2393129320551175,0.0,6.8655152756366356,19.764197862957097,10.0,winning,chaotic,attacking,attacking,pass_interception,pass,,,0.0,5776,2015213.0,
2015213_3993_3993,2015213.0,3993.0,62532.0,62536.0,818284.0,Western United,1803.0,34.86872667591979,70.54734651282074,70.54734651282074,5.866123080877181,0.0,13.233246011466726,26.11417840205141,10.0,winning,chaotic,attacking,attacking,recovery,pass,0.0009,0.0,0.0,5777,2015213.0,
2015213_4070_4070,2015213.0,4070.0,63557.0,63583.0,23883.0,Western United,1803.0,48.26288221811872,61.073773421985315,61.073773421985315,8.726935315447228,0.0,12.282544524649605,26.476927939170046,2.0,winning,chaotic,middle,middle,recovery,pass,0.0007,0.0,0.0,5778,2015213.0,
2015213_4198_4198,,,,,,,,,,,,,,,,,,,,,,,,,5779,,no_player_id
2015213_4220_4220,2015213.0,4220.0,65214.0,65239.0,560916.0,Western United,1803.0,45.72043416241801,59.38651446246025,45.72043416241801,8.210462837136527,0.0,1.6975865220954125,18.92227196717809,7.0,winning,defending_quick_break,middle,middle,recovery,pass,0.1319,1.0,2.0,5780,2015213.0,
2015213_4227_4227,2015213.0,4227.0,65246.0,65246.0,50951.0,Auckland FC,4177.0,31.560953724499516,76.14981155590604,76.14981155590604,1.4393401265857904,3.0,8.288142131985916,27.17187841322606,5.0,losing,chaotic,defensive,defensive,pass_interception,pass,,,0.0,5781,2015213.0,
2015213_4319_4319,2015213.0,4319.0,66334.0,66334.0,38673.0,Auckland FC,4177.0,46.70541831522334,58.32234648914599,58.32234648914599,8.692180393894272,0.0,8.885521931771931,17.963917075255754,2.0,losing,chaotic,middle,middle,pass_interception,pass,0.0051,0.0,0.0,5782,2015213.0,
2015213_4334_4334,,,,,,,,,,,,,,,,,,,,,,,,,5783,,no_player_id
2015213_4396_4396,2015213.0,4396.0,67552.0,67552.0,133501.0,Auckland FC,4177.0,28.851596143021272,95.96517389136541,95.96517389136541,7.74919350642375,0.0,9.358402641476802,22.763767171335562,3.0,losing,disruption,defensive,defensive,recovery,pass,,,0.0,5784,2015213.0,
2015213_4407_4407,2015213.0,4407.0,67843.0,67858.0,624628.0,Auckland FC,4177.0,21.289351798493065,86.6437331836527,21.289351798493065,1.61978393620878,2.0,7.799653838472577,20.296043677956977,0.0,losing,chaotic,attacking,attacking,pass_interception,pass,0.0123,0.0,0.0,5785,2015213.0,
2015213_4441_4441,,,,,,,,,,,,,,,,,,,,,,,,,5786,,no_player_id
2017461_10_10,2017461.0,10.0,2573.0,2573.0,133501.0,Auckland FC,4177.0,36.97584752240305,73.72186446367184,73.72186446367184,4.581800955956075,1.0,6.540833280248014,23.71154549716841,7.0,drawing,chaotic,attacking,attacking,pass_interception,pass,,,0.0,5787,2017461.0,
2017461_40_40,2017461.0,40.0,3030.0,3030.0,133501.0,Auckland FC,4177.0,49.82178238481638,57.63861552813357,57.63861552813357,7.606313167363016,0.0,6.229622781517353,18.10298937047405,6.0,drawing,chaotic,middle,middle,recovery,pass,,,0.0,5788,2017461.0,
2017461_180_180,2017461.0,180.0,4288.0,4288.0,11117.0,Melbourne V FC,868.0,38.75407204410912,77.0115452383602,77.0115452383602,1.155205609404663,1.0,6.721621828100715,15.907213678583899,2.0,drawing,chaotic,defensive,defensive,pass_interception,pass,0.001,0.0,0.0,5789,2017461.0,
2017461_216_216,,,,,,,,,,,,,,,,,,,,,,,,,5790,,no_player_id
2017461_232_232,2017461.0,232.0,4855.0,4855.0,159688.0,Melbourne V FC,868.0,45.613222863551314,65.36792868066112,65.36792868066112,2.7568278872646386,1.0,10.203538601877293,26.264558420760103,5.0,drawing,chaotic,middle,middle,pass_interception,pass,,,0.0,5791,2017461.0,
2017461_234_234,2017461.0,234.0,4868.0,4879.0,14736.0,Auckland FC,4177.0,52.806370827770394,57.96302959645915,52.806370827770394,12.94024729284568,0.0,6.5499083963060105,24.5620767100409,4.0,drawing,chaotic,middle,middle,pass_interception,pass,0.0032,0.0,0.0,5792,2017461.0,
2017461_304_304,,,,,,,,,,,,,,,,,,,,,,,,,5793,,no_player_id
2017461_388_388,2017461.0,388.0,6198.0,6198.0,38673.0,Auckland FC,4177.0,33.96850894578683,87.11061703374624,87.11061703374624,2.734081198501609,1.0,3.093477008157649,16.656144372770466,9.0,drawing,chaotic,attacking,attacking,pass_interception,pass,,,0.0,5794,2017461.0,
2017461_476_476,2017461.0,476.0,6800.0,6800.0,38673.0,Auckland FC,4177.0,42.58377742756037,67.40458515561089,67.40458515561089,5.742482041765564,0.0,10.001484889755123,20.026270367472023,11.0,drawing,disruption,middle,middle,recovery,pass,,,0.0,5795,2017461.0,
2017461_511_511,2017461.0,511.0,6960.0,6972.0,4322.0,Auckland FC,4177.0,16.523586172498998,102.8787096536499,102.8787096536499,4.53601146383031,1.0,0.8605230967266357,18.10243795351229,3.0,drawing,chaotic,attacking,attacking,recovery,pass,0.0001,0.0,0.0,5796,2017461.0,
2017461_542_542,,,,,,,,,,,,,,,,,,,,,,,,,5797,,no_player_id
2017461_799_799,2017461.0,799.0,10939.0,10950.0,4322.0,Auckland FC,4177.0,29.23598467642231,86.40337261936018,86.40337261936018,6.214257799608897,0.0,7.921679114935166,20.8426864057731,7.0,drawing,chaotic,attacking,attacking,pass_interception,pass,0.0001,0.0,0.0,5798,2017461.0,
2017461_816_816,2017461.0,816.0,11033.0,11033.0,23418.0,Auckland FC,4177.0,25.996747873532183,82.50958065582445,82.50958065582445,3.418844834150858,2.0,2.1834147567514526,12.390777054903252,7.0,drawing,disruption,attacking,attacking,pass_interception,pass,,,0.0,5799,2017461.0,
2017461_859_859,,,,,,,,,,,,,,,,,,,,,,,,,5800,,no_player_id
2017461_877_877,2017461.0,877.0,11316.0,11316.0,38673.0,Auckland FC,4177.0,44.51462343994387,67.77869650561303,67.77869650561303,3.0579077814741233,1.0,6.744390261543292,20.15919513208099,11.0,drawing,defending_direct,middle,middle,pass_interception,pass,,,0.0,5801,2017461.0,
2017461_896_896,2017461.0,896.0,11576.0,11576.0,582974.0,Auckland FC,4177.0,39.67623470038456,73.25847118251923,73.25847118251923,6.722930908465445,0.0,2.8007141946296477,24.988508516466823,6.0,drawing,chaotic,attacking,attacking,pass_interception,pass,,,0.0,5802,2017461.0,
2017461_918_918,2017461.0,918.0,11789.0,11789.0,133501.0,Auckland FC,4177.0,53.907922423332174,58.64694450693915,58.64694450693915,6.007803259095624,0.0,6.37377439199098,22.513312736208924,6.0,drawing,chaotic,middle,middle,recovery,pass,,,0.0,5803,2017461.0,
2017461_969_969,2017461.0,969.0,12125.0,12125.0,38673.0,Auckland FC,4177.0,37.660171268861745,71.86576723308532,71.86576723308532,0.9144397191723456,1.0,9.575019582225407,18.30205402330727,11.0,drawing,disruption,attacking,attacking,pass_interception,pass,,,0.0,5804,2017461.0,
2017461_1063_1063,,,,,,,,,,,,,,,,,,,,,,,,,5805,,no_player_id
2017461_1128_1128,2017461.0,1128.0,15143.0,15143.0,133501.0,Auckland FC,4177.0,35.87006830213737,69.5842065414272,35.87006830213737,6.553487621106795,0.0,15.624851999299068,24.03186649802889,7.0,drawing,chaotic,middle,middle,pass_interception,pass,,,0.0,5806,2017461.0,
2017461_1275_1275,2017461.0,1275.0,17963.0,17975.0,133501.0,Auckland FC,4177.0,47.11336222347117,71.21424646796454,47.11336222347117,5.316135814668397,0.0,13.725902520417373,26.320373013544106,7.0,drawing,chaotic,middle,middle,pass_interception,pass,0.0012,0.0,0.0,5807,2017461.0,
2017461_1663_1663,2017461.0,1663.0,23397.0,23397.0,624628.0,Auckland FC,4177.0,53.91761307773184,53.976003927671414,53.91761307773184,8.97651379991141,0.0,0.10630145812734668,20.662236290502246,11.0,drawing,defending_direct,middle,middle,pass_interception,pass,,,0.0,5808,2017461.0,
2017461_1695_1695,,,,,,,,,,,,,,,,,,,,,,,,,5809,,no_player_id
2017461_1774_1774,2017461.0,1774.0,24841.0,24851.0,11117.0,Melbourne V FC,868.0,46.38757807861928,58.85836728962162,46.38757807861928,4.330588874506559,1.0,1.973068675946177,21.725445570331658,2.0,drawing,chaotic,middle,middle,recovery,pass,0.0024,0.0,0.0,5810,2017461.0,
2017461_1963_1963,2017461.0,1963.0,27477.0,27477.0,133498.0,Auckland FC,4177.0,46.998921264216264,72.12072240348124,72.12072240348124,11.561314804121544,0.0,10.89416816466498,24.132186868782718,4.0,drawing,chaotic,middle,middle,recovery,pass,,,0.0,5811,2017461.0,
2017461_1965_1965,2017461.0,1965.0,27490.0,27503.0,11885.0,Melbourne V FC,868.0,54.3110090129064,64.32950878096302,54.3110090129064,2.1856349191939635,2.0,8.780802924562195,24.756441211247193,4.0,drawing,chaotic,middle,middle,pass_interception,pass,0.0116,0.0,0.0,5812,2017461.0,
2017461_2023_2023,2017461.0,2023.0,28491.0,28491.0,159688.0,Melbourne V FC,868.0,11.964781652834292,94.09546216476116,94.09546216476116,2.8746651978969626,5.0,6.013127306152767,18.549719576942206,4.0,drawing,disruption,defensive,defensive,recovery,pass,,,0.0,5813,2017461.0,
2017461_2025_2025,,,,,,,,,,,,,,,,,,,,,,,,,5814,,no_player_id
2017461_2094_2094,2017461.0,2094.0,30151.0,30164.0,29075.0,Melbourne V FC,868.0,41.111503256387984,64.95040954451326,64.95040954451326,5.188535438830498,0.0,13.301503674397116,19.969526648583276,1.0,drawing,chaotic,middle,middle,pass_interception,pass,0.006,0.0,0.0,5815,2017461.0,
2017461_2100_2100,2017461.0,2100.0,30180.0,30180.0,133501.0,Auckland FC,4177.0,28.603840651213254,76.48385254418086,28.603840651213254,4.389897493108465,2.0,4.840867690817422,17.509364314371666,8.0,drawing,chaotic,defensive,defensive,pass_interception,pass,0.0089,0.0,0.0,5816,2017461.0,
2017461_2104_2104,,,,,,,,,,,,,,,,,,,,,,,,,5817,,no_player_id
2017461_2119_2119,2017461.0,2119.0,39878.0,39878.0,23418.0,Auckland FC,4177.0,58.717044373844296,59.109147346244136,58.717044373844296,2.6946242780766303,3.0,3.579748594524482,16.855915690814108,9.0,drawing,chaotic,middle,middle,recovery,pass,,,0.0,5818,2017461.0,
2017461_2137_2137,2017461.0,2137.0,40018.0,40031.0,38673.0,Auckland FC,4177.0,42.612122688267945,69.06875559904057,69.06875559904057,1.5297058540778345,1.0,11.638023887241339,21.33599617977151,4.0,drawing,disruption,middle,middle,pass_interception,pass,0.0012,0.0,0.0,5819,2017461.0,
2017461_2172_2172,,,,,,,,,,,,,,,,,,,,,,,,,5820,,no_player_id
2017461_2212_2212,,,,,,,,,,,,,,,,,,,,,,,,,5821,,no_player_id
2017461_2412_2412,2017461.0,2412.0,44389.0,44398.0,38673.0,Auckland FC,4177.0,29.75185708489472,76.4687714037567,76.4687714037567,6.6632499577908675,0.0,5.264085865561085,14.596643618946016,4.0,drawing,chaotic,defensive,defensive,pass_interception,pass,0.0015,0.0,0.0,5822,2017461.0,
2017461_2442_2442,,,,,,,,,,,,,,,,,,,,,,,,,5823,,no_player_id
2017461_2489_2489,2017461.0,2489.0,45370.0,45402.0,811820.0,Melbourne V FC,868.0,44.52997305186698,76.27265892834733,76.27265892834733,1.5815182578775355,2.0,9.0273196464953,24.016133133599006,1.0,drawing,chaotic,attacking,attacking,recovery,pass,0.0002,0.0,0.0,5824,2017461.0,
2017461_2519_2519,2017461.0,2519.0,45777.0,45805.0,11885.0,Melbourne V FC,868.0,45.703516276102874,59.35580342308577,59.35580342308577,2.321249663435624,1.0,9.297101698916713,21.128318019223013,5.0,drawing,chaotic,middle,middle,recovery,pass,0.0078,0.0,0.0,5825,2017461.0,
2017461_2536_2536,2017461.0,2536.0,45878.0,45878.0,29075.0,Melbourne V FC,868.0,45.91925522044102,60.727077980090556,60.727077980090556,3.9151117480858706,1.0,14.012137595670405,22.21149675001372,5.0,drawing,chaotic,middle,middle,pass_interception,pass,,,0.0,5826,2017461.0,
2017461_2558_2558,2017461.0,2558.0,47595.0,47604.0,38673.0,Auckland FC,4177.0,46.48317222393497,63.51287507269688,63.51287507269688,2.2606193841511675,1.0,6.918446357384004,18.11880699276949,3.0,drawing,defending_direct,middle,middle,recovery,pass,0.0006,0.0,0.0,5827,2017461.0,
2017461_2563_2563,2017461.0,2563.0,47647.0,47647.0,159688.0,Melbourne V FC,868.0,48.255525072265044,66.21552461470044,48.255525072265044,1.91128229207514,2.0,7.200111110253785,19.75418779608622,4.0,drawing,chaotic,middle,middle,pass_interception,pass,,,0.0,5828,2017461.0,
2017461_2605_2605,2017461.0,2605.0,47803.0,47811.0,38673.0,Auckland FC,4177.0,47.302898431280084,58.801906431679576,58.801906431679576,0.680147042925278,1.0,7.036568766096157,27.489152185627955,1.0,drawing,disruption,middle,middle,recovery,pass,0.0027,0.0,0.0,5829,2017461.0,
2017461_2610_2610,,,,,,,,,,,,,,,,,,,,,,,,,5830,,no_player_id
2017461_2641_2641,2017461.0,2641.0,48860.0,48870.0,14736.0,Auckland FC,4177.0,22.10401094824195,82.92639688301911,82.92639688301911,4.997299270606074,1.0,6.674975655386317,18.474115080225623,6.0,drawing,chaotic,defensive,defensive,recovery,pass,0.0003,0.0,0.0,5831,2017461.0,
2017461_2670_2670,2017461.0,2670.0,48993.0,48993.0,38673.0,Auckland FC,4177.0,52.86381181867233,55.7824578160554,52.86381181867233,6.322633944804965,0.0,9.709526250028885,20.141282207315665,1.0,drawing,chaotic,middle,middle,recovery,pass,,,0.0,5832,2017461.0,
2017461_2717_2717,,,,,,,,,,,,,,,,,,,,,,,,,5833,,no_player_id
2017461_2721_2721,2017461.0,2721.0,49659.0,49659.0,11117.0,Melbourne V FC,868.0,40.544868972534616,82.4965841717098,40.544868972534616,1.3102671483327337,1.0,8.00719676291272,26.149914933424085,7.0,drawing,chaotic,defensive,defensive,recovery,pass,,,0.0,5834,2017461.0,
2017461_2723_2723,2017461.0,2723.0,49671.0,49671.0,23418.0,Auckland FC,4177.0,32.11716830606335,80.30885692126367,80.30885692126367,3.165454153830063,1.0,2.400104164406203,18.719656513645784,9.0,drawing,chaotic,defensive,defensive,pass_interception,pass,,,0.0,5835,2017461.0,
2017461_2726_2726,,,,,,,,,,,,,,,,,,,,,,,,,5836,,no_player_id
2017461_2727_2727,2017461.0,2727.0,49727.0,49741.0,38673.0,Auckland FC,4177.0,47.20454427277103,61.517225230011796,61.517225230011796,7.35312858584698,0.0,5.456244129435557,28.545743530009787,2.0,drawing,chaotic,middle,middle,recovery,pass,0.0011,0.0,0.0,5837,2017461.0,
2017461_2734_2734,2017461.0,2734.0,49759.0,49759.0,811820.0,Melbourne V FC,868.0,42.788798767901866,80.99432881381263,42.788798767901866,13.94085363239999,0.0,10.291093236386505,25.144334503517882,3.0,drawing,chaotic,defensive,defensive,pass_interception,pass,0.0028,0.0,0.0,5838,2017461.0,
2017461_2982_2982,2017461.0,2982.0,53419.0,53438.0,11885.0,Melbourne V FC,868.0,50.33878524557382,57.577715307226285,50.33878524557382,5.405423202673405,0.0,12.750156861780173,28.98285486663938,5.0,losing,chaotic,middle,middle,recovery,pass,0.0007,0.0,0.0,5839,2017461.0,
2017461_3076_3076,2017461.0,3076.0,54357.0,54357.0,38673.0,Auckland FC,4177.0,38.75660072813404,66.31722325308863,66.31722325308863,9.270194172723675,0.0,7.218448586780958,23.587040974774666,1.0,winning,disruption,middle,middle,pass_interception,pass,,,0.0,5840,2017461.0,
2017461_3125_3125,2017461.0,3125.0,55073.0,55073.0,43829.0,Auckland FC,4177.0,34.9024984779027,80.55547405359862,34.9024984779027,5.347158123713941,0.0,1.3984276885130675,19.625435641285254,3.0,winning,chaotic,attacking,attacking,pass_interception,pass,0.0107,0.0,0.0,5841,2017461.0,
2017461_3142_3142,2017461.0,3142.0,55163.0,55185.0,133498.0,Auckland FC,4177.0,46.59062673972094,58.82249994687407,46.59062673972094,11.636099002672674,0.0,7.117871872968775,22.823945291384202,10.0,winning,chaotic,middle,middle,recovery,pass,0.0196,0.0,1.0,5842,2017461.0,
2017461_3169_3169,2017461.0,3169.0,55418.0,55418.0,23418.0,Auckland FC,4177.0,47.52856088711292,58.78744849030276,58.78744849030276,2.9724905382523916,1.0,6.791244363148775,17.897734511836198,4.0,winning,chaotic,middle,middle,pass_interception,pass,,,0.0,5843,2017461.0,
2017461_3279_3279,2017461.0,3279.0,58056.0,58074.0,23418.0,Auckland FC,4177.0,39.66469967111815,84.23947055864015,84.23947055864015,8.829813135055577,0.0,2.6874523251585316,15.000577060030713,5.0,winning,defending_direct,defensive,defensive,recovery,pass,0.0006,0.0,0.0,5844,2017461.0,
2017461_3419_3419,2017461.0,3419.0,59275.0,59280.0,38673.0,Auckland FC,4177.0,38.24052823902934,71.88002504173187,71.88002504173187,12.178973684182095,0.0,4.323343613454753,20.330755955254432,2.0,winning,disruption,defensive,defensive,pass_interception,pass,0.0064,0.0,0.0,5845,2017461.0,
2017461_3530_3530,2017461.0,3530.0,61760.0,61760.0,38673.0,Auckland FC,4177.0,33.108495888517794,75.49418851805747,75.49418851805747,6.518466077230134,0.0,11.644397794647864,17.909466610659855,1.0,winning,disruption,defensive,defensive,recovery,pass,,,0.0,5846,2017461.0,
2017461_3609_3609,2017461.0,3609.0,62225.0,62247.0,43829.0,Auckland FC,4177.0,56.4294754538796,60.01821140287338,60.01821140287338,3.381035344387869,1.0,6.104629390880334,27.814378216513877,4.0,winning,disruption,middle,middle,recovery,pass,0.0014,0.0,0.0,5847,2017461.0,
2017461_3660_3660,2017461.0,3660.0,63518.0,63527.0,38673.0,Auckland FC,4177.0,28.501217517853515,78.03601348095634,78.03601348095634,4.867699662058047,1.0,4.610531422732091,12.621077709154143,2.0,winning,chaotic,defensive,defensive,pass_interception,pass,0.0026,0.0,0.0,5848,2017461.0,
2017461_3712_3712,2017461.0,3712.0,64824.0,64824.0,50951.0,Auckland FC,4177.0,37.45766944165106,72.27016673565933,72.27016673565933,6.120457499239743,0.0,6.667390794006304,18.835847404253496,3.0,winning,chaotic,defensive,defensive,pass_interception,pass,,,0.0,5849,2017461.0,
2017461_3747_3747,2017461.0,3747.0,65560.0,65560.0,14736.0,Auckland FC,4177.0,33.44876230894052,82.2795217535931,82.2795217535931,5.026658930144358,0.0,4.0005624604547805,18.579824195457945,6.0,winning,chaotic,defensive,defensive,recovery,pass,,,0.0,5850,2017461.0,
2017461_3782_3782,2017461.0,3782.0,65920.0,65920.0,50979.0,Melbourne V FC,868.0,52.203529574158104,59.56851937055344,52.203529574158104,6.901311469568665,0.0,2.87062710918712,19.18419119440335,9.0,losing,chaotic,middle,middle,pass_interception,pass,,,0.0,5851,2017461.0,
2017461_3837_3837,2017461.0,3837.0,66806.0,66806.0,4322.0,Auckland FC,4177.0,34.23621766492321,86.98631271642684,34.23621766492321,5.72141590867156,0.0,5.8200085910589525,21.764701987497226,6.0,winning,chaotic,attacking,attacking,recovery,pass,0.0133,0.0,0.0,5852,2017461.0,
2017461_3932_3932,2017461.0,3932.0,67716.0,67716.0,745320.0,Melbourne V FC,868.0,20.692561465415537,87.7643555209061,87.7643555209061,6.528713502674167,0.0,5.67973590935353,14.118092416211056,8.0,losing,disruption,attacking,attacking,pass_interception,pass,,,0.0,5853,2017461.0,
2017461_4095_4095,2017461.0,4095.0,69308.0,69308.0,38673.0,Auckland FC,4177.0,36.02102164014786,69.58673724209233,69.58673724209233,6.412651557663178,0.0,10.006243051215577,27.31518291073064,1.0,winning,disruption,middle,middle,pass_interception,pass,,,0.0,5854,2017461.0,
